line_index,line_id,region_id,line_type,image_filename,image_path,crop_width,crop_height,bbox_x,bbox_y,bbox_width,bbox_height,polygon_points,baseline_points,transcription,source_folio,split_status
1,line_left_L4,region_left,marginalia,line_001_line_left_L4.png,data/processed/cict_gt133_lines/line_001_line_left_L4.png,260,37,30,153,260,37,"30,153 290,153 290,190 30,190","30,186 290,186",ஊட,CICT_20217_135_GT133,GOLD_EVALUATION_BENCHMARK
2,line_left_L5,region_left,marginalia,line_002_line_left_L5.png,data/processed/cict_gt133_lines/line_002_line_left_L5.png,260,37,30,194,260,37,"30,194 290,194 290,231 30,231","30,227 290,227",லுவகை,CICT_20217_135_GT133,GOLD_EVALUATION_BENCHMARK
3,line_left_L7,region_left,marginalia,line_003_line_left_L7.png,data/processed/cict_gt133_lines/line_003_line_left_L7.png,260,37,30,276,260,37,"30,276 290,276 290,313 30,313","30,309 290,309",௮௰௭,CICT_20217_135_GT133,GOLD_EVALUATION_BENCHMARK
4,line_body_L1,region_body,paragraph,line_004_line_body_L1.png,data/processed/cict_gt133_lines/line_004_line_body_L1.png,2140,37,359,30,2140,37,"359,30 2499,30 2499,67 359,67","359,63 2499,63",இல்லைத் தவற் வாக்காயினு மூடுதல் வல்லது வாளிக்கு மா று,CICT_20217_135_GT133,GOLD_EVALUATION_BENCHMARK
5,line_body_L2,region_body,paragraph,line_005_line_body_L2.png,data/processed/cict_gt133_lines/line_005_line_body_L2.png,2140,37,359,71,2140,37,"359,71 2499,71 2499,108 359,108","359,104 2499,104",ஊடலிற் றோன்று ஞ்சிறுதுனி நல்லளி வாடினும் பாடு பெறு ம,CICT_20217_135_GT133,GOLD_EVALUATION_BENCHMARK
6,line_body_L3,region_body,paragraph,line_006_line_body_L3.png,data/processed/cict_gt133_lines/line_006_line_body_L3.png,2140,37,359,112,2140,37,"359,112 2499,112 2499,149 359,149","359,145 2499,145",புலத்தலிற் பத்தேணுடுண்டோ நிலத்தொடு நீரியைந் தன்னூர்க த் து,CICT_20217_135_GT133,GOLD_EVALUATION_BENCHMARK
7,line_body_L4,region_body,paragraph,line_007_line_body_L4.png,data/processed/cict_gt133_lines/line_007_line_body_L4.png,2140,37,359,153,2140,37,"359,153 2499,153 2499,190 359,190","359,186 2499,186",புல்லிவிடாப் புல்வி யுடடோன்றுமெனனுள்ளமுடைக்கும் படை,CICT_20217_135_GT133,GOLD_EVALUATION_BENCHMARK
8,line_body_L5,region_body,paragraph,line_008_line_body_L5.png,data/processed/cict_gt133_lines/line_008_line_body_L5.png,2140,37,359,194,2140,37,"359,194 2499,194 2499,231 359,231","359,227 2499,227",தவரிலநாயினுந்தா  மவீழவரா மென்றேள் கறலி னுங் கொன்றுடைத் து,CICT_20217_135_GT133,GOLD_EVALUATION_BENCHMARK
9,line_body_L6,region_body,paragraph,line_009_line_body_L6.png,data/processed/cict_gt133_lines/line_009_line_body_L6.png,2140,37,359,235,2140,37,"359,235 2499,235 2499,272 359,272","359,268 2499,268",உணலிசநுமுண்டதற்லினிது காமம் புணாதலினூட லிநி து,CICT_20217_135_GT133,GOLD_EVALUATION_BENCHMARK
10,line_body_L7,region_body,paragraph,line_010_line_body_L7.png,data/processed/cict_gt133_lines/line_010_line_body_L7.png,2140,37,359,276,2140,37,"359,276 2499,276 2499,313 359,313","359,309 2499,309",உளடலிற் றேற்றுவ ரவென்றார்  துமநநுங் கூடலிற் காணப்படு ம்,CICT_20217_135_GT133,GOLD_EVALUATION_BENCHMARK
11,line_body_L8,region_body,paragraph,line_011_line_body_L8.png,data/processed/cict_gt133_lines/line_011_line_body_L8.png,2140,37,359,317,2140,37,"359,317 2499,317 2499,354 359,354","359,350 2499,350",உளடிப் பெருகுவுங் தொல்லொநு துல்வியாப்பக்  கடலிற றேனறிய      ஷப் பு,CICT_20217_135_GT133,GOLD_EVALUATION_BENCHMARK
12,line_body_L9,region_body,paragraph,line_012_line_body_L9.png,data/processed/cict_gt133_lines/line_012_line_body_L9.png,2140,37,359,358,2140,37,"359,358 2499,358 2499,395 359,395","359,391 2499,391",உளடுக மந்நொ வொளியிழை யாமிரப்ப நீடுகு மன்னோ விர ர்,CICT_20217_135_GT133,GOLD_EVALUATION_BENCHMARK
13,line_body_L10,region_body,paragraph,line_013_line_body_L10.png,data/processed/cict_gt133_lines/line_013_line_body_L10.png,2140,37,359,399,2140,37,"359,399 2499,399 2499,436 359,436","359,432 2499,432",உளடுதுல காமத்திற் கின் பமதற் கின்பங் கூடிமுயங்கப்  பெறி ன்,CICT_20217_135_GT133,GOLD_EVALUATION_BENCHMARK
14,line_right_L1,region_right,marginalia,line_014_line_right_L1.png,data/processed/cict_gt133_lines/line_014_line_right_L1.png,178,37,2554,30,178,37,"2554,30 2732,30 2732,67 2554,67","2554,63 2732,63",௧,CICT_20217_135_GT133,GOLD_EVALUATION_BENCHMARK
15,line_right_L2,region_right,marginalia,line_015_line_right_L2.png,data/processed/cict_gt133_lines/line_015_line_right_L2.png,178,37,2554,71,178,37,"2554,71 2732,71 2732,108 2554,108","2554,104 2732,104",௨,CICT_20217_135_GT133,GOLD_EVALUATION_BENCHMARK
16,line_right_L3,region_right,marginalia,line_016_line_right_L3.png,data/processed/cict_gt133_lines/line_016_line_right_L3.png,178,37,2554,112,178,37,"2554,112 2732,112 2732,149 2554,149","2554,145 2732,145",௩,CICT_20217_135_GT133,GOLD_EVALUATION_BENCHMARK
17,line_right_L4,region_right,marginalia,line_017_line_right_L4.png,data/processed/cict_gt133_lines/line_017_line_right_L4.png,178,37,2554,153,178,37,"2554,153 2732,153 2732,190 2554,190","2554,186 2732,186",௪,CICT_20217_135_GT133,GOLD_EVALUATION_BENCHMARK
18,line_right_L5,region_right,marginalia,line_018_line_right_L5.png,data/processed/cict_gt133_lines/line_018_line_right_L5.png,178,37,2554,194,178,37,"2554,194 2732,194 2732,231 2554,231","2554,227 2732,227",௫,CICT_20217_135_GT133,GOLD_EVALUATION_BENCHMARK
19,line_right_L6,region_right,marginalia,line_019_line_right_L6.png,data/processed/cict_gt133_lines/line_019_line_right_L6.png,178,37,2554,235,178,37,"2554,235 2732,235 2732,272 2554,272","2554,268 2732,268",௬,CICT_20217_135_GT133,GOLD_EVALUATION_BENCHMARK
20,line_right_L7,region_right,marginalia,line_020_line_right_L7.png,data/processed/cict_gt133_lines/line_020_line_right_L7.png,178,37,2554,276,178,37,"2554,276 2732,276 2732,313 2554,313","2554,309 2732,309",௭,CICT_20217_135_GT133,GOLD_EVALUATION_BENCHMARK
21,line_right_L8,region_right,marginalia,line_021_line_right_L8.png,data/processed/cict_gt133_lines/line_021_line_right_L8.png,178,37,2554,317,178,37,"2554,317 2732,317 2732,354 2554,354","2554,350 2732,350",௮,CICT_20217_135_GT133,GOLD_EVALUATION_BENCHMARK
22,line_right_L9,region_right,marginalia,line_022_line_right_L9.png,data/processed/cict_gt133_lines/line_022_line_right_L9.png,178,37,2554,358,178,37,"2554,358 2732,358 2732,395 2554,395","2554,391 2732,391",௯,CICT_20217_135_GT133,GOLD_EVALUATION_BENCHMARK
23,line_right_L10,region_right,marginalia,line_023_line_right_L10.png,data/processed/cict_gt133_lines/line_023_line_right_L10.png,178,37,2554,399,178,37,"2554,399 2732,399 2732,436 2554,436","2554,432 2732,432",௰,CICT_20217_135_GT133,GOLD_EVALUATION_BENCHMARK
