finding_type,identifier,file_path,notes
EXACT_BINARY_DUPLICATE,fd546f5be5ddd3cb,data/processed/lines/automatic/thirikadugam/461/thirikadugam_461_014_AUTO_LINE_014.png,Identical file found in 4 locations
EXACT_BINARY_DUPLICATE,fd546f5be5ddd3cb,data/processed/lines/automatic/thirikadugam/461/thirikadugam_461_015_AUTO_LINE_015.png,Identical file found in 4 locations
EXACT_BINARY_DUPLICATE,fd546f5be5ddd3cb,data/processed/lines/automatic/thirikadugam/461/thirikadugam_461_016_AUTO_LINE_016.png,Identical file found in 4 locations
EXACT_BINARY_DUPLICATE,fd546f5be5ddd3cb,data/processed/lines/automatic/tholkappiyam/351/tholkappiyam_351_015_AUTO_LINE_015.png,Identical file found in 4 locations
EXACT_BINARY_DUPLICATE,04a605b2f815c4f4,data/processed/lines/automatic/tholkappiyam/351/tholkappiyam_351_002_AUTO_LINE_002.png,Identical file found in 2 locations
EXACT_BINARY_DUPLICATE,04a605b2f815c4f4,data/processed/lines/automatic/tholkappiyam/351/tholkappiyam_351_003_AUTO_LINE_003.png,Identical file found in 2 locations
FILENAME_COLLISION_DIFFERENT_CONTENT,126.jpg,data/processed/staging/thplmd/naladiyar/Naladiyar/Naladiyar Binarized/126.jpg,Same filename with different contents in 2 locations
FILENAME_COLLISION_DIFFERENT_CONTENT,126.jpg,data/processed/staging/thplmd/naladiyar/Naladiyar/Naladiyar Original/126.jpg,Same filename with different contents in 2 locations
FILENAME_COLLISION_DIFFERENT_CONTENT,127.jpg,data/processed/staging/thplmd/naladiyar/Naladiyar/Naladiyar Binarized/127.jpg,Same filename with different contents in 2 locations
FILENAME_COLLISION_DIFFERENT_CONTENT,127.jpg,data/processed/staging/thplmd/naladiyar/Naladiyar/Naladiyar Original/127.jpg,Same filename with different contents in 2 locations
FILENAME_COLLISION_DIFFERENT_CONTENT,128.jpg,data/processed/staging/thplmd/naladiyar/Naladiyar/Naladiyar Binarized/128.jpg,Same filename with different contents in 2 locations
FILENAME_COLLISION_DIFFERENT_CONTENT,128.jpg,data/processed/staging/thplmd/naladiyar/Naladiyar/Naladiyar Original/128.jpg,Same filename with different contents in 2 locations
FILENAME_COLLISION_DIFFERENT_CONTENT,130.jpg,data/processed/staging/thplmd/naladiyar/Naladiyar/Naladiyar Binarized/130.jpg,Same filename with different contents in 2 locations
FILENAME_COLLISION_DIFFERENT_CONTENT,130.jpg,data/processed/staging/thplmd/naladiyar/Naladiyar/Naladiyar Original/130.jpg,Same filename with different contents in 2 locations
FILENAME_COLLISION_DIFFERENT_CONTENT,131.jpg,data/processed/staging/thplmd/naladiyar/Naladiyar/Naladiyar Binarized/131.jpg,Same filename with different contents in 2 locations
FILENAME_COLLISION_DIFFERENT_CONTENT,131.jpg,data/processed/staging/thplmd/naladiyar/Naladiyar/Naladiyar Original/131.jpg,Same filename with different contents in 2 locations
FILENAME_COLLISION_DIFFERENT_CONTENT,132.jpg,data/processed/staging/thplmd/naladiyar/Naladiyar/Naladiyar Binarized/132.jpg,Same filename with different contents in 2 locations
FILENAME_COLLISION_DIFFERENT_CONTENT,132.jpg,data/processed/staging/thplmd/naladiyar/Naladiyar/Naladiyar Original/132.jpg,Same filename with different contents in 2 locations
FILENAME_COLLISION_DIFFERENT_CONTENT,137.jpg,data/processed/staging/thplmd/naladiyar/Naladiyar/Naladiyar Binarized/137.jpg,Same filename with different contents in 2 locations
FILENAME_COLLISION_DIFFERENT_CONTENT,137.jpg,data/processed/staging/thplmd/naladiyar/Naladiyar/Naladiyar Original/137.jpg,Same filename with different contents in 2 locations
FILENAME_COLLISION_DIFFERENT_CONTENT,139.jpg,data/processed/staging/thplmd/naladiyar/Naladiyar/Naladiyar Binarized/139.jpg,Same filename with different contents in 2 locations
FILENAME_COLLISION_DIFFERENT_CONTENT,139.jpg,data/processed/staging/thplmd/naladiyar/Naladiyar/Naladiyar Original/139.jpg,Same filename with different contents in 2 locations
FILENAME_COLLISION_DIFFERENT_CONTENT,141.jpg,data/processed/staging/thplmd/naladiyar/Naladiyar/Naladiyar Binarized/141.jpg,Same filename with different contents in 2 locations
FILENAME_COLLISION_DIFFERENT_CONTENT,141.jpg,data/processed/staging/thplmd/naladiyar/Naladiyar/Naladiyar Original/141.jpg,Same filename with different contents in 2 locations
FILENAME_COLLISION_DIFFERENT_CONTENT,147.jpg,data/processed/staging/thplmd/naladiyar/Naladiyar/Naladiyar Binarized/147.jpg,Same filename with different contents in 2 locations
FILENAME_COLLISION_DIFFERENT_CONTENT,147.jpg,data/processed/staging/thplmd/naladiyar/Naladiyar/Naladiyar Original/147.jpg,Same filename with different contents in 2 locations
FILENAME_COLLISION_DIFFERENT_CONTENT,148.jpg,data/processed/staging/thplmd/naladiyar/Naladiyar/Naladiyar Binarized/148.jpg,Same filename with different contents in 2 locations
FILENAME_COLLISION_DIFFERENT_CONTENT,148.jpg,data/processed/staging/thplmd/naladiyar/Naladiyar/Naladiyar Original/148.jpg,Same filename with different contents in 2 locations
FILENAME_COLLISION_DIFFERENT_CONTENT,149.jpg,data/processed/staging/thplmd/naladiyar/Naladiyar/Naladiyar Binarized/149.jpg,Same filename with different contents in 2 locations
FILENAME_COLLISION_DIFFERENT_CONTENT,149.jpg,data/processed/staging/thplmd/naladiyar/Naladiyar/Naladiyar Original/149.jpg,Same filename with different contents in 2 locations
FILENAME_COLLISION_DIFFERENT_CONTENT,150.jpg,data/processed/staging/thplmd/naladiyar/Naladiyar/Naladiyar Binarized/150.jpg,Same filename with different contents in 2 locations
FILENAME_COLLISION_DIFFERENT_CONTENT,150.jpg,data/processed/staging/thplmd/naladiyar/Naladiyar/Naladiyar Original/150.jpg,Same filename with different contents in 2 locations
FILENAME_COLLISION_DIFFERENT_CONTENT,151.jpg,data/processed/staging/thplmd/naladiyar/Naladiyar/Naladiyar Binarized/151.jpg,Same filename with different contents in 2 locations
FILENAME_COLLISION_DIFFERENT_CONTENT,151.jpg,data/processed/staging/thplmd/naladiyar/Naladiyar/Naladiyar Original/151.jpg,Same filename with different contents in 2 locations
FILENAME_COLLISION_DIFFERENT_CONTENT,162.jpg,data/processed/staging/thplmd/naladiyar/Naladiyar/Naladiyar Binarized/162.jpg,Same filename with different contents in 2 locations
FILENAME_COLLISION_DIFFERENT_CONTENT,162.jpg,data/processed/staging/thplmd/naladiyar/Naladiyar/Naladiyar Original/162.jpg,Same filename with different contents in 2 locations
FILENAME_COLLISION_DIFFERENT_CONTENT,163.jpg,data/processed/staging/thplmd/naladiyar/Naladiyar/Naladiyar Binarized/163.jpg,Same filename with different contents in 2 locations
FILENAME_COLLISION_DIFFERENT_CONTENT,163.jpg,data/processed/staging/thplmd/naladiyar/Naladiyar/Naladiyar Original/163.jpg,Same filename with different contents in 2 locations
FILENAME_COLLISION_DIFFERENT_CONTENT,164.jpg,data/processed/staging/thplmd/naladiyar/Naladiyar/Naladiyar Binarized/164.jpg,Same filename with different contents in 2 locations
FILENAME_COLLISION_DIFFERENT_CONTENT,164.jpg,data/processed/staging/thplmd/naladiyar/Naladiyar/Naladiyar Original/164.jpg,Same filename with different contents in 2 locations
FILENAME_COLLISION_DIFFERENT_CONTENT,165.jpg,data/processed/staging/thplmd/naladiyar/Naladiyar/Naladiyar Binarized/165.jpg,Same filename with different contents in 2 locations
FILENAME_COLLISION_DIFFERENT_CONTENT,165.jpg,data/processed/staging/thplmd/naladiyar/Naladiyar/Naladiyar Original/165.jpg,Same filename with different contents in 2 locations
FILENAME_COLLISION_DIFFERENT_CONTENT,166.jpg,data/processed/staging/thplmd/naladiyar/Naladiyar/Naladiyar Binarized/166.jpg,Same filename with different contents in 2 locations
FILENAME_COLLISION_DIFFERENT_CONTENT,166.jpg,data/processed/staging/thplmd/naladiyar/Naladiyar/Naladiyar Original/166.jpg,Same filename with different contents in 2 locations
FILENAME_COLLISION_DIFFERENT_CONTENT,172.jpg,data/processed/staging/thplmd/naladiyar/Naladiyar/Naladiyar Binarized/172.jpg,Same filename with different contents in 2 locations
FILENAME_COLLISION_DIFFERENT_CONTENT,172.jpg,data/processed/staging/thplmd/naladiyar/Naladiyar/Naladiyar Original/172.jpg,Same filename with different contents in 2 locations
FILENAME_COLLISION_DIFFERENT_CONTENT,173.jpg,data/processed/staging/thplmd/naladiyar/Naladiyar/Naladiyar Binarized/173.jpg,Same filename with different contents in 2 locations
FILENAME_COLLISION_DIFFERENT_CONTENT,173.jpg,data/processed/staging/thplmd/naladiyar/Naladiyar/Naladiyar Original/173.jpg,Same filename with different contents in 2 locations
FILENAME_COLLISION_DIFFERENT_CONTENT,174.jpg,data/processed/staging/thplmd/naladiyar/Naladiyar/Naladiyar Binarized/174.jpg,Same filename with different contents in 2 locations
FILENAME_COLLISION_DIFFERENT_CONTENT,174.jpg,data/processed/staging/thplmd/naladiyar/Naladiyar/Naladiyar Original/174.jpg,Same filename with different contents in 2 locations
FILENAME_COLLISION_DIFFERENT_CONTENT,175.jpg,data/processed/staging/thplmd/naladiyar/Naladiyar/Naladiyar Binarized/175.jpg,Same filename with different contents in 2 locations
FILENAME_COLLISION_DIFFERENT_CONTENT,175.jpg,data/processed/staging/thplmd/naladiyar/Naladiyar/Naladiyar Original/175.jpg,Same filename with different contents in 2 locations
FILENAME_COLLISION_DIFFERENT_CONTENT,176.jpg,data/processed/staging/thplmd/naladiyar/Naladiyar/Naladiyar Binarized/176.jpg,Same filename with different contents in 2 locations
FILENAME_COLLISION_DIFFERENT_CONTENT,176.jpg,data/processed/staging/thplmd/naladiyar/Naladiyar/Naladiyar Original/176.jpg,Same filename with different contents in 2 locations
FILENAME_COLLISION_DIFFERENT_CONTENT,461.jpg,data/processed/staging/thplmd/thirikadugam/THIRIKADUGAM/THIRIKADUGAM BINARIZED/461.jpg,Same filename with different contents in 2 locations
FILENAME_COLLISION_DIFFERENT_CONTENT,461.jpg,data/processed/staging/thplmd/thirikadugam/THIRIKADUGAM/THIRIKADUGAM ORIGIANAL/461.jpg,Same filename with different contents in 2 locations
FILENAME_COLLISION_DIFFERENT_CONTENT,464.jpg,data/processed/staging/thplmd/thirikadugam/THIRIKADUGAM/THIRIKADUGAM BINARIZED/464.jpg,Same filename with different contents in 2 locations
FILENAME_COLLISION_DIFFERENT_CONTENT,464.jpg,data/processed/staging/thplmd/thirikadugam/THIRIKADUGAM/THIRIKADUGAM ORIGIANAL/464.jpg,Same filename with different contents in 2 locations
FILENAME_COLLISION_DIFFERENT_CONTENT,465.jpg,data/processed/staging/thplmd/thirikadugam/THIRIKADUGAM/THIRIKADUGAM BINARIZED/465.jpg,Same filename with different contents in 2 locations
FILENAME_COLLISION_DIFFERENT_CONTENT,465.jpg,data/processed/staging/thplmd/thirikadugam/THIRIKADUGAM/THIRIKADUGAM ORIGIANAL/465.jpg,Same filename with different contents in 2 locations
FILENAME_COLLISION_DIFFERENT_CONTENT,467.jpg,data/processed/staging/thplmd/thirikadugam/THIRIKADUGAM/THIRIKADUGAM BINARIZED/467.jpg,Same filename with different contents in 2 locations
FILENAME_COLLISION_DIFFERENT_CONTENT,467.jpg,data/processed/staging/thplmd/thirikadugam/THIRIKADUGAM/THIRIKADUGAM ORIGIANAL/467.jpg,Same filename with different contents in 2 locations
FILENAME_COLLISION_DIFFERENT_CONTENT,468.jpg,data/processed/staging/thplmd/thirikadugam/THIRIKADUGAM/THIRIKADUGAM BINARIZED/468.jpg,Same filename with different contents in 2 locations
FILENAME_COLLISION_DIFFERENT_CONTENT,468.jpg,data/processed/staging/thplmd/thirikadugam/THIRIKADUGAM/THIRIKADUGAM ORIGIANAL/468.jpg,Same filename with different contents in 2 locations
FILENAME_COLLISION_DIFFERENT_CONTENT,469.jpg,data/processed/staging/thplmd/thirikadugam/THIRIKADUGAM/THIRIKADUGAM BINARIZED/469.jpg,Same filename with different contents in 2 locations
FILENAME_COLLISION_DIFFERENT_CONTENT,469.jpg,data/processed/staging/thplmd/thirikadugam/THIRIKADUGAM/THIRIKADUGAM ORIGIANAL/469.jpg,Same filename with different contents in 2 locations
FILENAME_COLLISION_DIFFERENT_CONTENT,470.jpg,data/processed/staging/thplmd/thirikadugam/THIRIKADUGAM/THIRIKADUGAM BINARIZED/470.jpg,Same filename with different contents in 2 locations
FILENAME_COLLISION_DIFFERENT_CONTENT,470.jpg,data/processed/staging/thplmd/thirikadugam/THIRIKADUGAM/THIRIKADUGAM ORIGIANAL/470.jpg,Same filename with different contents in 2 locations
FILENAME_COLLISION_DIFFERENT_CONTENT,472.jpg,data/processed/staging/thplmd/thirikadugam/THIRIKADUGAM/THIRIKADUGAM BINARIZED/472.jpg,Same filename with different contents in 2 locations
FILENAME_COLLISION_DIFFERENT_CONTENT,472.jpg,data/processed/staging/thplmd/thirikadugam/THIRIKADUGAM/THIRIKADUGAM ORIGIANAL/472.jpg,Same filename with different contents in 2 locations
FILENAME_COLLISION_DIFFERENT_CONTENT,473.jpg,data/processed/staging/thplmd/thirikadugam/THIRIKADUGAM/THIRIKADUGAM BINARIZED/473.jpg,Same filename with different contents in 2 locations
FILENAME_COLLISION_DIFFERENT_CONTENT,473.jpg,data/processed/staging/thplmd/thirikadugam/THIRIKADUGAM/THIRIKADUGAM ORIGIANAL/473.jpg,Same filename with different contents in 2 locations
