dataset,image_type,filename,relative_path,width,height,aspect_ratio,mean_brightness,contrast_std,dynamic_range,laplacian_blur_var,tenengrad_sharpness,estimated_noise_sigma,illumination_variance,illumination_gradient,otsu_threshold,fg_bg_separability,edge_density,estimated_skew_deg
CICT_Tirukkural,Raw_Capture,CICT-PLM-GT-133.jpg,data/raw/cict/CICT-PLM-GT-133.jpg,2762,459,6.017,170.13,45.38,211,187.76,8436.76,4.45,36.91,162.0,193,0.7246,0.0714,0.0
THPLMD_Naladiyar,Binarized,126.jpg,data/processed/staging/thplmd/naladiyar/Naladiyar/Naladiyar Binarized/126.jpg,3996,600,6.66,235.18,46.43,255,1350.14,29124.88,0.0,28.49,181.0,185,0.7897,0.0787,0.0
THPLMD_Naladiyar,Binarized,127.jpg,data/processed/staging/thplmd/naladiyar/Naladiyar/Naladiyar Binarized/127.jpg,3996,600,6.66,240.02,39.25,255,1034.02,23905.55,0.0,21.09,127.0,190,0.7937,0.0723,0.0
THPLMD_Naladiyar,Binarized,128.jpg,data/processed/staging/thplmd/naladiyar/Naladiyar/Naladiyar Binarized/128.jpg,3996,600,6.66,240.34,40.65,255,1051.55,25558.82,0.0,21.04,132.0,186,0.8171,0.0704,0.0
THPLMD_Naladiyar,Binarized,130.jpg,data/processed/staging/thplmd/naladiyar/Naladiyar/Naladiyar Binarized/130.jpg,3996,600,6.66,216.75,57.91,255,1063.3,35146.74,2.97,36.31,174.0,176,0.7546,0.13,0.0
THPLMD_Naladiyar,Binarized,131.jpg,data/processed/staging/thplmd/naladiyar/Naladiyar/Naladiyar Binarized/131.jpg,3996,600,6.66,226.07,55.15,255,1108.21,40309.59,1.48,28.21,142.0,173,0.8083,0.1075,0.0
THPLMD_Naladiyar,Binarized,132.jpg,data/processed/staging/thplmd/naladiyar/Naladiyar/Naladiyar Binarized/132.jpg,3996,600,6.66,225.4,55.08,255,867.74,34666.27,1.48,29.21,163.0,177,0.807,0.1106,0.0
THPLMD_Naladiyar,Binarized,137.jpg,data/processed/staging/thplmd/naladiyar/Naladiyar/Naladiyar Binarized/137.jpg,3996,600,6.66,232.94,40.27,255,424.02,15964.19,0.0,23.2,143.0,202,0.7633,0.0957,0.0
THPLMD_Naladiyar,Binarized,139.jpg,data/processed/staging/thplmd/naladiyar/Naladiyar/Naladiyar Binarized/139.jpg,3996,600,6.66,228.62,46.26,255,581.26,22901.17,1.48,25.5,145.0,192,0.7712,0.1038,0.0
THPLMD_Naladiyar,Binarized,141.jpg,data/processed/staging/thplmd/naladiyar/Naladiyar/Naladiyar Binarized/141.jpg,3996,600,6.66,232.41,44.27,255,462.41,20187.22,0.0,23.2,162.0,195,0.8033,0.0917,0.0
THPLMD_Naladiyar,Binarized,147.jpg,data/processed/staging/thplmd/naladiyar/Naladiyar/Naladiyar Binarized/147.jpg,3996,600,6.66,231.68,44.34,255,708.31,23213.92,1.48,23.77,150.0,194,0.7722,0.0973,0.0
THPLMD_Naladiyar,Binarized,148.jpg,data/processed/staging/thplmd/naladiyar/Naladiyar/Naladiyar Binarized/148.jpg,3996,600,6.66,234.54,45.96,255,855.12,30728.63,0.0,22.01,180.0,187,0.8069,0.0891,0.0
THPLMD_Naladiyar,Binarized,149.jpg,data/processed/staging/thplmd/naladiyar/Naladiyar/Naladiyar Binarized/149.jpg,3996,600,6.66,226.11,51.61,255,777.1,31669.38,2.97,27.39,131.0,181,0.7975,0.1077,0.0
THPLMD_Naladiyar,Binarized,150.jpg,data/processed/staging/thplmd/naladiyar/Naladiyar/Naladiyar Binarized/150.jpg,3996,600,6.66,222.54,53.27,255,739.26,30373.12,1.48,30.16,170.0,186,0.7713,0.1069,0.0
THPLMD_Naladiyar,Binarized,151.jpg,data/processed/staging/thplmd/naladiyar/Naladiyar/Naladiyar Binarized/151.jpg,3996,600,6.66,222.88,53.25,255,701.29,31014.85,2.97,28.52,200.0,183,0.78,0.1099,0.0
THPLMD_Naladiyar,Binarized,162.jpg,data/processed/staging/thplmd/naladiyar/Naladiyar/Naladiyar Binarized/162.jpg,3996,600,6.66,224.46,50.94,255,630.11,25555.64,1.48,29.41,201.0,186,0.7715,0.1057,0.0
THPLMD_Naladiyar,Binarized,163.jpg,data/processed/staging/thplmd/naladiyar/Naladiyar/Naladiyar Binarized/163.jpg,3996,600,6.66,228.77,46.28,255,642.34,24801.28,1.48,26.32,170.0,192,0.7632,0.1019,0.0
THPLMD_Naladiyar,Binarized,164.jpg,data/processed/staging/thplmd/naladiyar/Naladiyar/Naladiyar Binarized/164.jpg,3996,600,6.66,220.49,53.1,255,729.28,29129.05,4.45,31.58,173.0,184,0.7569,0.1233,0.0
THPLMD_Naladiyar,Binarized,165.jpg,data/processed/staging/thplmd/naladiyar/Naladiyar/Naladiyar Binarized/165.jpg,3996,600,6.66,212.99,55.98,255,667.41,28415.36,5.93,36.68,181.0,185,0.7576,0.1141,0.0
THPLMD_Naladiyar,Binarized,166.jpg,data/processed/staging/thplmd/naladiyar/Naladiyar/Naladiyar Binarized/166.jpg,3996,600,6.66,213.27,54.02,255,475.61,22540.3,5.93,35.15,161.0,186,0.7452,0.1099,0.0
THPLMD_Naladiyar,Binarized,172.jpg,data/processed/staging/thplmd/naladiyar/Naladiyar/Naladiyar Binarized/172.jpg,3996,600,6.66,227.29,47.3,255,603.79,20061.03,1.48,30.59,158.0,196,0.7833,0.1035,0.0
THPLMD_Naladiyar,Binarized,173.jpg,data/processed/staging/thplmd/naladiyar/Naladiyar/Naladiyar Binarized/173.jpg,3996,600,6.66,222.3,50.99,255,638.76,26198.07,4.45,29.57,198.0,187,0.7601,0.1151,0.0
THPLMD_Naladiyar,Binarized,174.jpg,data/processed/staging/thplmd/naladiyar/Naladiyar/Naladiyar Binarized/174.jpg,3996,600,6.66,210.37,58.54,255,746.01,29004.0,7.41,37.36,180.0,174,0.73,0.1272,0.0
THPLMD_Naladiyar,Binarized,175.jpg,data/processed/staging/thplmd/naladiyar/Naladiyar/Naladiyar Binarized/175.jpg,3996,600,6.66,215.07,59.58,255,653.64,31259.35,5.93,36.49,208.0,176,0.7707,0.107,0.0
THPLMD_Naladiyar,Binarized,176.jpg,data/processed/staging/thplmd/naladiyar/Naladiyar/Naladiyar Binarized/176.jpg,3996,600,6.66,222.78,47.98,255,452.15,19496.95,4.45,29.24,187.0,193,0.7494,0.1006,0.0
THPLMD_Naladiyar,Original,124.jpg,data/processed/staging/thplmd/naladiyar/Naladiyar/Naladiyar Original/124.jpg,3996,600,6.66,209.97,77.16,245,196.49,5494.55,2.97,71.29,222.0,152,0.9669,0.0141,0.0
THPLMD_Naladiyar,Original,125.jpg,data/processed/staging/thplmd/naladiyar/Naladiyar/Naladiyar Original/125.jpg,3996,600,6.66,208.3,61.17,226,197.32,4133.14,1.48,57.89,189.0,189,0.9406,0.024,0.0
THPLMD_Naladiyar,Original,126.jpg,data/processed/staging/thplmd/naladiyar/Naladiyar/Naladiyar Original/126.jpg,3996,600,6.66,213.13,59.78,231,314.03,6819.39,0.0,55.8,174.0,194,0.9246,0.0581,0.0
THPLMD_Naladiyar,Original,127.jpg,data/processed/staging/thplmd/naladiyar/Naladiyar/Naladiyar Original/127.jpg,3996,600,6.66,206.68,62.98,231,194.43,6077.26,0.0,59.14,161.0,192,0.9357,0.0606,0.0
THPLMD_Naladiyar,Original,128.jpg,data/processed/staging/thplmd/naladiyar/Naladiyar/Naladiyar Original/128.jpg,3996,600,6.66,209.95,60.09,220,177.35,6402.99,0.0,55.83,163.0,195,0.9182,0.0609,0.0
THPLMD_Naladiyar,Original,129.jpg,data/processed/staging/thplmd/naladiyar/Naladiyar/Naladiyar Original/129.jpg,3996,600,6.66,179.07,59.49,237,76.63,2664.3,2.97,56.63,182.0,191,0.9021,0.0087,0.0
THPLMD_Naladiyar,Original,130.jpg,data/processed/staging/thplmd/naladiyar/Naladiyar/Naladiyar Original/130.jpg,3996,600,6.66,176.84,66.21,233,218.32,9022.64,2.97,60.96,179.0,190,0.8863,0.0795,0.0
THPLMD_Naladiyar,Original,131.jpg,data/processed/staging/thplmd/naladiyar/Naladiyar/Naladiyar Original/131.jpg,3996,600,6.66,180.49,64.04,227,215.53,10058.49,2.97,58.27,172.0,193,0.8668,0.078,0.0
THPLMD_Naladiyar,Original,132.jpg,data/processed/staging/thplmd/naladiyar/Naladiyar/Naladiyar Original/132.jpg,3996,600,6.66,180.69,63.99,225,169.42,8833.85,2.97,58.09,175.0,193,0.8674,0.0812,0.0
THPLMD_Naladiyar,Original,137.jpg,data/processed/staging/thplmd/naladiyar/Naladiyar/Naladiyar Original/137.jpg,3996,600,6.66,165.17,68.34,235,83.8,4859.87,4.45,63.93,187.0,183,0.9024,0.0773,0.0
THPLMD_Naladiyar,Original,138.jpg,data/processed/staging/thplmd/naladiyar/Naladiyar/Naladiyar Original/138.jpg,3996,600,6.66,178.05,62.68,237,110.38,6192.05,4.45,57.8,187.0,190,0.8648,0.0776,0.0
THPLMD_Naladiyar,Original,139.jpg,data/processed/staging/thplmd/naladiyar/Naladiyar/Naladiyar Original/139.jpg,3996,600,6.66,175.13,64.89,234,103.56,5708.56,2.97,60.42,175.0,190,0.917,0.0801,0.0
THPLMD_Naladiyar,Original,140.jpg,data/processed/staging/thplmd/naladiyar/Naladiyar/Naladiyar Original/140.jpg,3996,600,6.66,179.41,63.52,230,109.34,6643.78,2.97,58.15,166.0,193,0.8893,0.078,0.0
THPLMD_Naladiyar,Original,141.jpg,data/processed/staging/thplmd/naladiyar/Naladiyar/Naladiyar Original/141.jpg,3996,600,6.66,174.68,64.76,224,81.54,5255.6,2.97,60.18,184.0,190,0.9109,0.0761,0.0
THPLMD_Naladiyar,Original,147.jpg,data/processed/staging/thplmd/naladiyar/Naladiyar/Naladiyar Original/147.jpg,3996,600,6.66,169.3,66.06,228,117.87,5453.32,4.45,61.8,185.0,185,0.9031,0.0754,0.0
THPLMD_Naladiyar,Original,148.jpg,data/processed/staging/thplmd/naladiyar/Naladiyar/Naladiyar Original/148.jpg,3996,600,6.66,175.36,62.63,234,147.26,7408.16,4.45,57.66,197.0,188,0.8549,0.0788,0.0
THPLMD_Naladiyar,Original,149.jpg,data/processed/staging/thplmd/naladiyar/Naladiyar/Naladiyar Original/149.jpg,3996,600,6.66,170.27,67.41,240,162.67,8280.35,4.45,62.14,179.0,187,0.8922,0.0825,0.0
THPLMD_Naladiyar,Original,150.jpg,data/processed/staging/thplmd/naladiyar/Naladiyar/Naladiyar Original/150.jpg,3996,600,6.66,176.4,64.16,233,143.18,7764.09,2.97,58.76,175.0,191,0.8937,0.0816,0.0
THPLMD_Naladiyar,Original,151.jpg,data/processed/staging/thplmd/naladiyar/Naladiyar/Naladiyar Original/151.jpg,3996,600,6.66,175.31,62.84,222,133.14,7412.38,2.97,57.47,196.0,192,0.8907,0.0822,0.0
THPLMD_Naladiyar,Original,162.jpg,data/processed/staging/thplmd/naladiyar/Naladiyar/Naladiyar Original/162.jpg,3996,600,6.66,168.14,65.64,223,93.41,5510.3,4.45,61.14,196.0,187,0.8944,0.0804,0.0
THPLMD_Naladiyar,Original,163.jpg,data/processed/staging/thplmd/naladiyar/Naladiyar/Naladiyar Original/163.jpg,3996,600,6.66,168.65,63.82,230,103.1,5577.57,4.45,59.68,184.0,186,0.9113,0.0805,0.0
THPLMD_Naladiyar,Original,164.jpg,data/processed/staging/thplmd/naladiyar/Naladiyar/Naladiyar Original/164.jpg,3996,600,6.66,176.19,59.68,219,117.83,6369.56,4.45,54.94,175.0,194,0.8716,0.0819,0.0
THPLMD_Naladiyar,Original,165.jpg,data/processed/staging/thplmd/naladiyar/Naladiyar/Naladiyar Original/165.jpg,3996,600,6.66,182.87,57.68,224,124.43,7272.64,2.97,52.39,163.0,198,0.8683,0.0833,0.0
THPLMD_Naladiyar,Original,166.jpg,data/processed/staging/thplmd/naladiyar/Naladiyar/Naladiyar Original/166.jpg,3996,600,6.66,185.07,55.75,231,99.01,6555.52,2.97,50.1,154.0,200,0.8554,0.0784,0.0
THPLMD_Naladiyar,Original,172.jpg,data/processed/staging/thplmd/naladiyar/Naladiyar/Naladiyar Original/172.jpg,3996,600,6.66,164.71,66.18,234,92.29,4621.04,4.45,62.48,184.0,182,0.9059,0.0785,0.0
THPLMD_Naladiyar,Original,173.jpg,data/processed/staging/thplmd/naladiyar/Naladiyar/Naladiyar Original/173.jpg,3996,600,6.66,168.09,64.09,232,102.4,5552.25,4.45,59.94,194.0,185,0.9059,0.0776,0.0
THPLMD_Naladiyar,Original,174.jpg,data/processed/staging/thplmd/naladiyar/Naladiyar/Naladiyar Original/174.jpg,3996,600,6.66,177.18,60.35,236,118.05,6444.95,2.97,55.36,163.0,194,0.8743,0.0803,0.0
THPLMD_Naladiyar,Original,175.jpg,data/processed/staging/thplmd/naladiyar/Naladiyar/Naladiyar Original/175.jpg,3996,600,6.66,182.9,59.06,224,130.71,7644.19,2.97,53.2,182.0,197,0.8533,0.0809,0.0
THPLMD_Naladiyar,Original,176.jpg,data/processed/staging/thplmd/naladiyar/Naladiyar/Naladiyar Original/176.jpg,3996,600,6.66,186.17,54.97,219,89.09,5038.64,2.97,50.33,172.0,200,0.8855,0.075,0.0
THPLMD_Thirikadugam,Binarized,461.jpg,data/processed/staging/thplmd/thirikadugam/THIRIKADUGAM/THIRIKADUGAM BINARIZED/461.jpg,3996,600,6.66,226.08,40.81,225,281.88,10615.69,1.48,30.65,151.0,205,0.8127,0.098,0.0
THPLMD_Thirikadugam,Binarized,464.jpg,data/processed/staging/thplmd/thirikadugam/THIRIKADUGAM/THIRIKADUGAM BINARIZED/464.jpg,3996,600,6.66,226.7,38.26,226,293.68,11144.56,1.48,28.11,133.0,210,0.7986,0.1042,0.0
THPLMD_Thirikadugam,Binarized,465.jpg,data/processed/staging/thplmd/thirikadugam/THIRIKADUGAM/THIRIKADUGAM BINARIZED/465.jpg,3996,600,6.66,220.96,47.05,208,472.24,10065.37,0.0,39.06,159.0,198,0.8205,0.0885,0.0
THPLMD_Thirikadugam,Binarized,467.jpg,data/processed/staging/thplmd/thirikadugam/THIRIKADUGAM/THIRIKADUGAM BINARIZED/467.jpg,3996,600,6.66,230.24,38.37,209,536.58,11193.13,0.0,29.18,133.0,209,0.8099,0.0951,0.0
THPLMD_Thirikadugam,Binarized,468.jpg,data/processed/staging/thplmd/thirikadugam/THIRIKADUGAM/THIRIKADUGAM BINARIZED/468.jpg,3996,600,6.66,239.64,29.42,192,374.93,7673.28,0.0,20.25,118.0,218,0.8207,0.0861,0.0
THPLMD_Thirikadugam,Binarized,469.jpg,data/processed/staging/thplmd/thirikadugam/THIRIKADUGAM/THIRIKADUGAM BINARIZED/469.jpg,3996,600,6.66,222.66,45.78,221,504.54,15454.04,1.48,34.34,149.0,202,0.8184,0.1133,0.0
THPLMD_Thirikadugam,Binarized,470.jpg,data/processed/staging/thplmd/thirikadugam/THIRIKADUGAM/THIRIKADUGAM BINARIZED/470.jpg,3996,600,6.66,227.59,41.08,224,516.55,14805.5,1.48,29.48,144.0,206,0.8188,0.1127,0.0
THPLMD_Thirikadugam,Binarized,472.jpg,data/processed/staging/thplmd/thirikadugam/THIRIKADUGAM/THIRIKADUGAM BINARIZED/472.jpg,3996,600,6.66,225.1,43.99,216,581.09,12411.66,1.48,34.59,170.0,204,0.8184,0.1084,0.0
THPLMD_Thirikadugam,Binarized,473.jpg,data/processed/staging/thplmd/thirikadugam/THIRIKADUGAM/THIRIKADUGAM BINARIZED/473.jpg,3996,600,6.66,236.5,24.96,172,231.56,4085.89,1.48,19.12,115.0,226,0.7667,0.0871,0.0
THPLMD_Thirikadugam,Original,460.jpg,data/processed/staging/thplmd/thirikadugam/THIRIKADUGAM/THIRIKADUGAM ORIGIANAL/460.jpg,3996,600,6.66,150.98,88.84,236,122.76,4446.12,2.97,85.82,223.0,164,0.9683,0.0233,0.0
THPLMD_Thirikadugam,Original,461.jpg,data/processed/staging/thplmd/thirikadugam/THIRIKADUGAM/THIRIKADUGAM ORIGIANAL/461.jpg,3996,600,6.66,185.31,65.17,238,112.89,5886.58,1.48,60.37,192.0,192,0.8858,0.0779,0.0
THPLMD_Thirikadugam,Original,462.jpg,data/processed/staging/thplmd/thirikadugam/THIRIKADUGAM/THIRIKADUGAM ORIGIANAL/462.jpg,3996,600,6.66,187.26,67.0,233,117.28,5610.47,1.48,62.89,173.0,190,0.9275,0.0799,0.0
THPLMD_Thirikadugam,Original,463.jpg,data/processed/staging/thplmd/thirikadugam/THIRIKADUGAM/THIRIKADUGAM ORIGIANAL/463.jpg,3996,600,6.66,194.01,62.71,229,181.04,8457.49,1.48,57.04,181.0,196,0.8595,0.086,0.0
THPLMD_Thirikadugam,Original,464.jpg,data/processed/staging/thplmd/thirikadugam/THIRIKADUGAM/THIRIKADUGAM ORIGIANAL/464.jpg,3996,600,6.66,195.44,58.09,238,140.58,7038.11,1.48,52.83,172.0,200,0.8653,0.0914,0.0
THPLMD_Thirikadugam,Original,465.jpg,data/processed/staging/thplmd/thirikadugam/THIRIKADUGAM/THIRIKADUGAM ORIGIANAL/465.jpg,3996,600,6.66,193.27,67.78,223,211.9,5529.37,1.48,63.39,194.0,189,0.8952,0.0699,0.0
THPLMD_Thirikadugam,Original,466.jpg,data/processed/staging/thplmd/thirikadugam/THIRIKADUGAM/THIRIKADUGAM ORIGIANAL/466.jpg,3996,600,6.66,194.7,68.82,224,202.24,4629.74,0.0,65.26,181.0,187,0.9398,0.0755,0.0
THPLMD_Thirikadugam,Original,467.jpg,data/processed/staging/thplmd/thirikadugam/THIRIKADUGAM/THIRIKADUGAM ORIGIANAL/467.jpg,3996,600,6.66,202.74,60.26,223,262.75,6508.92,0.0,55.6,174.0,197,0.89,0.0816,0.0
THPLMD_Thirikadugam,Original,468.jpg,data/processed/staging/thplmd/thirikadugam/THIRIKADUGAM/THIRIKADUGAM ORIGIANAL/468.jpg,3996,600,6.66,205.1,57.02,210,173.67,5221.31,0.0,52.29,171.0,201,0.867,0.0799,0.0
THPLMD_Thirikadugam,Original,469.jpg,data/processed/staging/thplmd/thirikadugam/THIRIKADUGAM/THIRIKADUGAM ORIGIANAL/469.jpg,3996,600,6.66,184.99,67.8,237,210.73,8078.02,2.97,62.45,191.0,190,0.8611,0.0952,0.0
THPLMD_Thirikadugam,Original,470.jpg,data/processed/staging/thplmd/thirikadugam/THIRIKADUGAM/THIRIKADUGAM ORIGIANAL/470.jpg,3996,600,6.66,188.32,64.87,233,222.48,7793.8,1.48,59.81,187.0,193,0.8743,0.0982,0.0
THPLMD_Thirikadugam,Original,471.jpg,data/processed/staging/thplmd/thirikadugam/THIRIKADUGAM/THIRIKADUGAM ORIGIANAL/471.jpg,3996,600,6.66,187.35,66.06,221,95.17,3863.72,1.48,62.48,173.0,190,0.9355,0.0717,0.0
THPLMD_Thirikadugam,Original,472.jpg,data/processed/staging/thplmd/thirikadugam/THIRIKADUGAM/THIRIKADUGAM ORIGIANAL/472.jpg,3996,600,6.66,186.69,65.46,231,247.99,6697.48,2.97,60.65,204.0,190,0.8394,0.0933,0.0
THPLMD_Thirikadugam,Original,473.jpg,data/processed/staging/thplmd/thirikadugam/THIRIKADUGAM/THIRIKADUGAM ORIGIANAL/473.jpg,3996,600,6.66,184.41,67.01,216,228.3,6539.48,2.97,62.05,193.0,191,0.8766,0.0906,0.0
THPLMD_Thirikadugam,Original,474.jpg,data/processed/staging/thplmd/thirikadugam/THIRIKADUGAM/THIRIKADUGAM ORIGIANAL/474.jpg,3996,600,6.66,186.56,64.74,218,95.41,3492.63,1.48,61.22,169.0,191,0.9346,0.0756,0.0
THPLMD_Tholkappiyam,Binarized,351.jpg,data/processed/staging/thplmd/tholkappiyam/THOLKAPPIYAM BINARIZED - (2)/351.jpg,3996,600,6.66,233.31,38.83,255,508.3,11273.75,0.0,27.71,202.0,204,0.7511,0.0965,0.0
THPLMD_Tholkappiyam,Binarized,352.jpg,data/processed/staging/thplmd/tholkappiyam/THOLKAPPIYAM BINARIZED - (2)/352.jpg,3996,600,6.66,240.19,33.3,255,491.38,11137.57,0.0,21.98,187.0,207,0.7558,0.0712,0.0
THPLMD_Tholkappiyam,Binarized,353.jpg,data/processed/staging/thplmd/tholkappiyam/THOLKAPPIYAM BINARIZED - (2)/353.jpg,3996,600,6.66,230.59,45.5,255,429.16,12047.08,0.0,35.29,192.0,197,0.7945,0.0859,0.0
THPLMD_Tholkappiyam,Binarized,354.jpg,data/processed/staging/thplmd/tholkappiyam/THOLKAPPIYAM BINARIZED - (2)/354.jpg,3996,600,6.66,225.62,38.86,218,278.53,6062.06,0.0,32.76,136.0,213,0.7827,0.0737,0.0
THPLMD_Tholkappiyam,Binarized,355.jpg,data/processed/staging/thplmd/tholkappiyam/THOLKAPPIYAM BINARIZED - (2)/355.jpg,3996,600,6.66,234.73,33.08,182,215.22,6286.41,0.0,25.06,134.0,214,0.7931,0.0692,0.0
THPLMD_Tholkappiyam,Binarized,357.jpg,data/processed/staging/thplmd/tholkappiyam/THOLKAPPIYAM BINARIZED - (2)/357.jpg,3996,600,6.66,235.5,30.69,196,203.31,5049.06,0.0,23.53,126.0,216,0.7661,0.0627,0.0
THPLMD_Tholkappiyam,Binarized,358.jpg,data/processed/staging/thplmd/tholkappiyam/THOLKAPPIYAM BINARIZED - (2)/358.jpg,3996,600,6.66,224.62,41.49,216,199.87,6018.52,0.0,34.66,140.0,210,0.797,0.0667,0.0
THPLMD_Tholkappiyam,Binarized,359.jpg,data/processed/staging/thplmd/tholkappiyam/THOLKAPPIYAM BINARIZED - (2)/359.jpg,3996,600,6.66,230.57,42.64,255,291.52,8330.44,0.0,35.29,225.0,202,0.7734,0.0805,0.0
THPLMD_Tholkappiyam,Binarized,361.jpg,data/processed/staging/thplmd/tholkappiyam/THOLKAPPIYAM BINARIZED - (2)/361.jpg,3996,600,6.66,227.19,46.19,255,410.16,11384.46,0.0,36.46,203.0,197,0.7785,0.0915,0.0
THPLMD_Tholkappiyam,Binarized,362.jpg,data/processed/staging/thplmd/tholkappiyam/THOLKAPPIYAM BINARIZED - (2)/362.jpg,3996,600,6.66,233.9,39.6,255,493.07,12155.4,0.0,27.95,167.0,203,0.7712,0.0853,0.0
THPLMD_Tholkappiyam,Binarized,363.jpg,data/processed/staging/thplmd/tholkappiyam/THOLKAPPIYAM BINARIZED - (2)/363.jpg,3996,600,6.66,233.33,38.99,255,488.21,12235.12,0.0,27.41,189.0,204,0.7489,0.0796,0.0
THPLMD_Tholkappiyam,Binarized,364.jpg,data/processed/staging/thplmd/tholkappiyam/THOLKAPPIYAM BINARIZED - (2)/364.jpg,3996,600,6.66,234.08,39.1,255,403.93,10655.02,0.0,27.72,190.0,204,0.7666,0.0746,0.0
THPLMD_Tholkappiyam,Binarized,365.jpg,data/processed/staging/thplmd/tholkappiyam/THOLKAPPIYAM BINARIZED - (2)/365.jpg,3996,600,6.66,220.49,47.08,255,291.82,6922.8,0.0,39.53,195.0,200,0.7555,0.0809,0.0
THPLMD_Tholkappiyam,Binarized,366.jpg,data/processed/staging/thplmd/tholkappiyam/THOLKAPPIYAM BINARIZED - (2)/366.jpg,3996,600,6.66,240.51,34.4,255,510.64,9864.85,0.0,23.15,173.0,203,0.7704,0.084,0.0
THPLMD_Tholkappiyam,Binarized,367.jpg,data/processed/staging/thplmd/tholkappiyam/THOLKAPPIYAM BINARIZED - (2)/367.jpg,3996,600,6.66,226.86,47.09,255,433.28,9876.26,0.0,37.77,207.0,197,0.7957,0.094,0.0
THPLMD_Tholkappiyam,Binarized,368.jpg,data/processed/staging/thplmd/tholkappiyam/THOLKAPPIYAM BINARIZED - (2)/368.jpg,3996,600,6.66,245.2,29.93,255,425.83,7640.76,0.0,21.93,206.0,202,0.786,0.0615,0.0
THPLMD_Tholkappiyam,Binarized,370.jpg,data/processed/staging/thplmd/tholkappiyam/THOLKAPPIYAM BINARIZED - (2)/370.jpg,3996,600,6.66,228.87,40.06,255,313.25,9327.17,0.0,30.03,177.0,200,0.7177,0.0862,0.0
THPLMD_Tholkappiyam,Binarized,372.jpg,data/processed/staging/thplmd/tholkappiyam/THOLKAPPIYAM BINARIZED - (2)/372.jpg,3996,600,6.66,235.19,30.85,202,154.45,4975.04,0.0,23.81,121.0,217,0.7817,0.0606,0.0
THPLMD_Tholkappiyam,Binarized,373.jpg,data/processed/staging/thplmd/tholkappiyam/THOLKAPPIYAM BINARIZED - (2)/373.jpg,3996,600,6.66,238.6,32.13,209,104.58,3391.15,0.0,26.38,143.0,212,0.812,0.0287,0.0
THPLMD_Tholkappiyam,Binarized,374.jpg,data/processed/staging/thplmd/tholkappiyam/THOLKAPPIYAM BINARIZED - (2)/374.jpg,3996,600,6.66,237.78,34.58,255,386.63,8981.69,0.0,25.51,163.0,209,0.7689,0.0844,0.0
THPLMD_Tholkappiyam,Binarized,376.jpg,data/processed/staging/thplmd/tholkappiyam/THOLKAPPIYAM BINARIZED - (2)/376.jpg,3996,600,6.66,226.11,51.28,255,512.11,12506.22,0.0,42.24,251.0,191,0.7354,0.1127,0.0
THPLMD_Tholkappiyam,Binarized,378.jpg,data/processed/staging/thplmd/tholkappiyam/THOLKAPPIYAM BINARIZED - (2)/378.jpg,3996,600,6.66,232.04,40.88,255,425.74,12098.81,0.0,29.67,211.0,201,0.7311,0.1112,0.0
THPLMD_Tholkappiyam,Binarized,380.jpg,data/processed/staging/thplmd/tholkappiyam/THOLKAPPIYAM BINARIZED - (2)/380.jpg,3996,600,6.66,226.93,48.49,255,365.19,12257.05,0.0,37.01,210.0,195,0.799,0.0893,0.0
THPLMD_Tholkappiyam,Binarized,381.jpg,data/processed/staging/thplmd/tholkappiyam/THOLKAPPIYAM BINARIZED - (2)/381.jpg,3996,600,6.66,236.36,39.12,255,215.05,4885.83,0.0,32.76,193.0,197,0.7744,0.0443,0.0
THPLMD_Tholkappiyam,Binarized,382.jpg,data/processed/staging/thplmd/tholkappiyam/THOLKAPPIYAM BINARIZED - (2)/382.jpg,3996,600,6.66,235.97,41.55,255,650.43,15751.97,0.0,27.15,206.0,190,0.7396,0.0793,0.0
THPLMD_Tholkappiyam,Binarized,384.jpg,data/processed/staging/thplmd/tholkappiyam/THOLKAPPIYAM BINARIZED - (2)/384.jpg,3996,600,6.66,229.19,43.61,255,369.73,11140.06,0.0,34.31,207.0,201,0.7851,0.0702,0.0
THPLMD_Tholkappiyam,Binarized,385.jpg,data/processed/staging/thplmd/tholkappiyam/THOLKAPPIYAM BINARIZED - (2)/385.jpg,3996,600,6.66,225.95,43.8,255,299.64,10572.3,0.0,34.62,189.0,201,0.7737,0.0726,0.0
THPLMD_Tholkappiyam,Binarized,388.jpg,data/processed/staging/thplmd/tholkappiyam/THOLKAPPIYAM BINARIZED - (2)/388.jpg,3996,600,6.66,235.24,41.36,255,395.87,13123.41,0.0,30.22,201.0,200,0.8112,0.0688,0.0
THPLMD_Tholkappiyam,Binarized,390.jpg,data/processed/staging/thplmd/tholkappiyam/THOLKAPPIYAM BINARIZED - (2)/390.jpg,3996,600,6.66,219.93,51.89,255,396.89,11894.86,0.0,42.58,198.0,193,0.7719,0.0815,0.0
THPLMD_Tholkappiyam,Binarized,391.jpg,data/processed/staging/thplmd/tholkappiyam/THOLKAPPIYAM BINARIZED - (2)/391.jpg,3996,600,6.66,226.22,47.24,255,358.48,11671.44,0.0,37.92,208.0,197,0.7782,0.0752,0.0
THPLMD_Tholkappiyam,Binarized,392.jpg,data/processed/staging/thplmd/tholkappiyam/THOLKAPPIYAM BINARIZED - (2)/392.jpg,3996,600,6.66,227.98,45.93,255,283.12,10001.88,0.0,37.56,215.0,199,0.7887,0.0713,0.0
THPLMD_Tholkappiyam,Binarized,393.jpg,data/processed/staging/thplmd/tholkappiyam/THOLKAPPIYAM BINARIZED - (2)/393.jpg,3996,600,6.66,222.83,48.46,255,529.53,12684.08,0.0,39.25,185.0,196,0.7773,0.0807,0.0
THPLMD_Tholkappiyam,Binarized,396.jpg,data/processed/staging/thplmd/tholkappiyam/THOLKAPPIYAM BINARIZED - (2)/396.jpg,3996,600,6.66,238.85,33.35,255,310.08,9455.52,0.0,23.4,170.0,209,0.761,0.0653,0.0
THPLMD_Tholkappiyam,Binarized,397.jpg,data/processed/staging/thplmd/tholkappiyam/THOLKAPPIYAM BINARIZED - (2)/397.jpg,3996,600,6.66,241.54,27.77,202,192.24,5954.58,0.0,20.4,122.0,218,0.8031,0.0502,0.0
THPLMD_Tholkappiyam,Binarized,398.jpg,data/processed/staging/thplmd/tholkappiyam/THOLKAPPIYAM BINARIZED - (2)/398.jpg,3996,600,6.66,233.95,33.8,198,181.06,5163.56,0.0,27.36,143.0,215,0.7955,0.0634,0.0
THPLMD_Tholkappiyam,Binarized,399.jpg,data/processed/staging/thplmd/tholkappiyam/THOLKAPPIYAM BINARIZED - (2)/399.jpg,3996,600,6.66,223.36,44.35,215,180.28,6255.52,0.0,37.84,164.0,203,0.8079,0.0635,0.0
THPLMD_Tholkappiyam,Binarized,402.jpg,data/processed/staging/thplmd/tholkappiyam/THOLKAPPIYAM BINARIZED - (2)/402.jpg,3996,600,6.66,246.74,20.59,191,180.95,4726.7,0.0,12.84,106.0,224,0.812,0.0611,0.0
THPLMD_Tholkappiyam,Binarized,403.jpg,data/processed/staging/thplmd/tholkappiyam/THOLKAPPIYAM BINARIZED - (2)/403.jpg,3996,600,6.66,241.6,37.55,252,760.11,17476.67,0.0,23.29,173.0,194,0.8425,0.0696,0.0
THPLMD_Tholkappiyam,Binarized,404.jpg,data/processed/staging/thplmd/tholkappiyam/THOLKAPPIYAM BINARIZED - (2)/404.jpg,3996,600,6.66,243.69,32.04,244,617.38,13163.62,0.0,19.31,175.0,203,0.8237,0.0708,0.0
THPLMD_Tholkappiyam,Binarized,405.jpg,data/processed/staging/thplmd/tholkappiyam/THOLKAPPIYAM BINARIZED - (2)/405.jpg,3996,600,6.66,243.04,35.73,252,833.74,18946.65,0.0,19.03,153.0,194,0.8385,0.0659,0.0
THPLMD_Tholkappiyam,Binarized,406.jpg,data/processed/staging/thplmd/tholkappiyam/THOLKAPPIYAM BINARIZED - (2)/406.jpg,3996,600,6.66,227.34,54.53,251,895.56,22184.53,0.0,38.81,209.0,186,0.8607,0.0945,0.0
THPLMD_Tholkappiyam,Binarized,407.jpg,data/processed/staging/thplmd/tholkappiyam/THOLKAPPIYAM BINARIZED - (2)/407.jpg,3996,600,6.66,224.26,57.93,251,817.33,18936.11,0.0,46.05,223.0,181,0.8478,0.0988,0.0
THPLMD_Tholkappiyam,Binarized,410.jpg,data/processed/staging/thplmd/tholkappiyam/THOLKAPPIYAM BINARIZED - (2)/410.jpg,3996,600,6.66,231.76,50.96,253,1108.26,28562.64,0.0,32.32,194.0,187,0.8513,0.0901,0.0
THPLMD_Tholkappiyam,Binarized,411.jpg,data/processed/staging/thplmd/tholkappiyam/THOLKAPPIYAM BINARIZED - (2)/411.jpg,3996,600,6.66,235.96,46.77,255,967.17,23554.33,0.0,29.96,193.0,187,0.859,0.0779,0.0
THPLMD_Tholkappiyam,Binarized,412.jpg,data/processed/staging/thplmd/tholkappiyam/THOLKAPPIYAM BINARIZED - (2)/412.jpg,3996,600,6.66,236.26,45.93,254,1061.08,26082.55,0.0,28.63,184.0,187,0.8453,0.0819,0.0
THPLMD_Tholkappiyam,Binarized,413.jpg,data/processed/staging/thplmd/tholkappiyam/THOLKAPPIYAM BINARIZED - (2)/413.jpg,3996,600,6.66,240.06,40.0,252,951.64,22427.81,0.0,22.84,162.0,190,0.8341,0.0764,0.0
THPLMD_Tholkappiyam,Binarized,414.jpg,data/processed/staging/thplmd/tholkappiyam/THOLKAPPIYAM BINARIZED - (2)/414.jpg,3996,600,6.66,237.89,33.55,217,441.68,8543.85,0.0,24.07,133.0,211,0.8088,0.0948,0.0
THPLMD_Tholkappiyam,Binarized,418.jpg,data/processed/staging/thplmd/tholkappiyam/THOLKAPPIYAM BINARIZED - (2)/418.jpg,3996,600,6.66,230.23,35.29,207,220.87,7118.45,0.0,27.57,110.0,213,0.7893,0.0918,0.0
THPLMD_Tholkappiyam,Binarized,419.jpg,data/processed/staging/thplmd/tholkappiyam/THOLKAPPIYAM BINARIZED - (2)/419.jpg,3996,600,6.66,236.82,27.76,194,171.06,4849.1,0.0,21.05,95.0,221,0.7763,0.0679,0.0
THPLMD_Tholkappiyam,Binarized,420.jpg,data/processed/staging/thplmd/tholkappiyam/THOLKAPPIYAM BINARIZED - (2)/420.jpg,3996,600,6.66,234.21,33.04,188,273.35,8033.22,0.0,24.32,103.0,214,0.7938,0.0848,0.0
THPLMD_Tholkappiyam,Binarized,421.jpg,data/processed/staging/thplmd/tholkappiyam/THOLKAPPIYAM BINARIZED - (2)/421.jpg,3996,600,6.66,234.8,31.57,202,241.26,6749.71,0.0,22.95,109.0,216,0.7812,0.0758,0.0
THPLMD_Tholkappiyam,Binarized,422.jpg,data/processed/staging/thplmd/tholkappiyam/THOLKAPPIYAM BINARIZED - (2)/422.jpg,3996,600,6.66,231.44,40.77,255,506.01,10739.84,0.0,30.88,205.0,205,0.7621,0.1059,0.0
THPLMD_Tholkappiyam,Binarized,425.jpg,data/processed/staging/thplmd/tholkappiyam/THOLKAPPIYAM BINARIZED - (2)/425.jpg,3996,600,6.66,236.46,35.37,255,425.22,11320.89,0.0,23.77,185.0,208,0.7664,0.1043,0.0
THPLMD_Tholkappiyam,Binarized,426.jpg,data/processed/staging/thplmd/tholkappiyam/THOLKAPPIYAM BINARIZED - (2)/426.jpg,3996,600,6.66,235.84,39.55,255,527.21,14615.46,0.0,25.61,153.0,202,0.7744,0.0975,0.0
THPLMD_Tholkappiyam,Binarized,427.jpg,data/processed/staging/thplmd/tholkappiyam/THOLKAPPIYAM BINARIZED - (2)/427.jpg,3996,600,6.66,233.8,41.16,255,529.52,16895.91,0.0,26.49,144.0,200,0.7862,0.1044,0.0
THPLMD_Tholkappiyam,Binarized,428.jpg,data/processed/staging/thplmd/tholkappiyam/THOLKAPPIYAM BINARIZED - (2)/428.jpg,3996,600,6.66,233.99,39.38,255,529.48,14766.42,0.0,25.59,136.0,203,0.7612,0.1002,0.0
THPLMD_Tholkappiyam,Binarized,429.jpg,data/processed/staging/thplmd/tholkappiyam/THOLKAPPIYAM BINARIZED - (2)/429.jpg,3996,600,6.66,230.11,44.78,255,440.03,14843.11,0.0,30.48,183.0,197,0.7889,0.0969,0.0
THPLMD_Tholkappiyam,Binarized,430.jpg,data/processed/staging/thplmd/tholkappiyam/THOLKAPPIYAM BINARIZED - (2)/430.jpg,3996,600,6.66,240.99,25.91,177,225.97,5611.52,0.0,17.58,99.0,221,0.7877,0.083,0.0
THPLMD_Tholkappiyam,Binarized,431.jpg,data/processed/staging/thplmd/tholkappiyam/THOLKAPPIYAM BINARIZED - (2)/431.jpg,3996,600,6.66,244.84,21.4,184,208.27,4329.74,0.0,14.49,98.0,225,0.8006,0.0773,0.0
THPLMD_Tholkappiyam,Binarized,432.jpg,data/processed/staging/thplmd/tholkappiyam/THOLKAPPIYAM BINARIZED - (2)/432.jpg,3996,600,6.66,244.94,24.69,173,213.39,6200.08,0.0,15.2,121.0,218,0.809,0.0632,0.0
THPLMD_Tholkappiyam,Binarized,433.jpg,data/processed/staging/thplmd/tholkappiyam/THOLKAPPIYAM BINARIZED - (2)/433.jpg,3996,600,6.66,246.38,21.09,181,193.43,5421.18,0.0,12.28,111.0,223,0.7896,0.0632,0.0
THPLMD_Tholkappiyam,Binarized,434.jpg,data/processed/staging/thplmd/tholkappiyam/THOLKAPPIYAM BINARIZED - (2)/434.jpg,3996,600,6.66,244.82,24.36,204,234.84,7153.39,0.0,13.23,89.0,218,0.8002,0.0717,0.0
THPLMD_Tholkappiyam,Binarized,436.jpg,data/processed/staging/thplmd/tholkappiyam/THOLKAPPIYAM BINARIZED - (2)/436.jpg,3996,600,6.66,234.72,33.38,182,151.58,5598.13,0.0,24.75,117.0,212,0.784,0.0676,0.0
THPLMD_Tholkappiyam,Binarized,437.jpg,data/processed/staging/thplmd/tholkappiyam/THOLKAPPIYAM BINARIZED - (2)/437.jpg,3996,600,6.66,233.73,41.46,255,371.1,12293.56,0.0,28.28,162.0,201,0.7866,0.0874,0.0
THPLMD_Tholkappiyam,Binarized,438.jpg,data/processed/staging/thplmd/tholkappiyam/THOLKAPPIYAM BINARIZED - (2)/438.jpg,3996,600,6.66,245.81,22.39,178,253.2,4204.06,0.0,15.92,111.0,221,0.806,0.0693,0.0
THPLMD_Tholkappiyam,Binarized,439.jpg,data/processed/staging/thplmd/tholkappiyam/THOLKAPPIYAM BINARIZED - (2)/439.jpg,3996,600,6.66,233.15,38.29,213,365.18,10025.38,0.0,28.89,140.0,206,0.8095,0.1005,0.0
THPLMD_Tholkappiyam,Binarized,440.jpg,data/processed/staging/thplmd/tholkappiyam/THOLKAPPIYAM BINARIZED - (2)/440.jpg,3996,600,6.66,233.21,37.39,210,266.66,9492.2,0.0,28.62,149.0,206,0.8037,0.0816,0.0
THPLMD_Tholkappiyam,Binarized,441.jpg,data/processed/staging/thplmd/tholkappiyam/THOLKAPPIYAM BINARIZED - (2)/441.jpg,3996,600,6.66,243.43,27.98,202,317.69,10059.96,0.0,16.19,104.0,214,0.8187,0.0691,0.0
THPLMD_Tholkappiyam,Binarized,442.jpg,data/processed/staging/thplmd/tholkappiyam/THOLKAPPIYAM BINARIZED - (2)/442.jpg,3996,600,6.66,229.02,37.06,227,248.71,9183.35,0.0,28.59,108.0,210,0.7529,0.0932,0.0
THPLMD_Tholkappiyam,Binarized,444.jpg,data/processed/staging/thplmd/tholkappiyam/THOLKAPPIYAM BINARIZED - (2)/444.jpg,3996,600,6.66,238.27,32.02,184,207.25,8615.31,0.0,21.63,130.0,212,0.8003,0.0711,0.0
THPLMD_Tholkappiyam,Binarized,445.jpg,data/processed/staging/thplmd/tholkappiyam/THOLKAPPIYAM BINARIZED - (2)/445.jpg,3996,600,6.66,229.74,37.12,200,154.83,6855.56,0.0,29.22,128.0,211,0.7856,0.0658,0.0
THPLMD_Tholkappiyam,Binarized,446.jpg,data/processed/staging/thplmd/tholkappiyam/THOLKAPPIYAM BINARIZED - (2)/446.jpg,3996,600,6.66,245.51,22.68,188,248.35,5920.95,0.0,13.56,78.0,221,0.8,0.0697,0.0
THPLMD_Tholkappiyam,Binarized,448.jpg,data/processed/staging/thplmd/tholkappiyam/THOLKAPPIYAM BINARIZED - (2)/448.jpg,3996,600,6.66,249.59,16.13,176,183.63,3058.5,0.0,10.43,76.0,227,0.8019,0.0503,0.0
THPLMD_Tholkappiyam,Binarized,449.jpg,data/processed/staging/thplmd/tholkappiyam/THOLKAPPIYAM BINARIZED - (2)/449.jpg,3996,600,6.66,234.46,36.13,211,253.74,9760.8,0.0,24.01,110.0,208,0.7846,0.0802,0.0
THPLMD_Tholkappiyam,Binarized,451.jpg,data/processed/staging/thplmd/tholkappiyam/THOLKAPPIYAM BINARIZED - (2)/451.jpg,3996,600,6.66,227.33,36.76,211,163.14,6603.26,0.0,29.61,115.0,213,0.7347,0.0696,0.0
THPLMD_Tholkappiyam,Binarized,452.jpg,data/processed/staging/thplmd/tholkappiyam/THOLKAPPIYAM BINARIZED - (2)/452.jpg,3996,600,6.66,239.76,27.76,194,142.78,5795.66,0.0,18.87,104.0,216,0.7798,0.0614,0.0
THPLMD_Tholkappiyam,Binarized,453.jpg,data/processed/staging/thplmd/tholkappiyam/THOLKAPPIYAM BINARIZED - (2)/453.jpg,3996,600,6.66,241.02,29.27,187,277.84,6475.95,0.0,21.13,120.0,216,0.8199,0.0717,0.0
THPLMD_Tholkappiyam,Binarized,455.jpg,data/processed/staging/thplmd/tholkappiyam/THOLKAPPIYAM BINARIZED - (2)/455.jpg,3996,600,6.66,242.14,27.12,187,302.98,6841.5,0.0,18.54,108.0,218,0.8032,0.0762,0.0
THPLMD_Tholkappiyam,Binarized,456.jpg,data/processed/staging/thplmd/tholkappiyam/THOLKAPPIYAM BINARIZED - (2)/456.jpg,3996,600,6.66,243.46,25.83,205,232.68,6353.36,0.0,16.64,94.0,217,0.7627,0.0617,0.0
THPLMD_Tholkappiyam,Binarized,458.jpg,data/processed/staging/thplmd/tholkappiyam/THOLKAPPIYAM BINARIZED - (2)/458.jpg,3996,600,6.66,234.82,31.2,194,210.99,6107.09,0.0,23.61,108.0,217,0.7641,0.0754,0.0
THPLMD_Tholkappiyam,Binarized,459.jpg,data/processed/staging/thplmd/tholkappiyam/THOLKAPPIYAM BINARIZED - (2)/459.jpg,3996,600,6.66,236.37,30.7,196,212.64,5948.72,0.0,22.83,124.0,218,0.7806,0.0816,0.0
CICT_Line_Crop,Line_Crop,line_001_line_left_L4.png,data/processed/cict_gt133_lines/line_001_line_left_L4.png,260,37,7.027,165.22,21.04,142,44.97,1682.33,4.45,15.74,94.0,198,0.7618,0.0124,0.0
CICT_Line_Crop,Line_Crop,line_002_line_left_L5.png,data/processed/cict_gt133_lines/line_002_line_left_L5.png,260,37,7.027,161.19,30.24,191,158.74,7827.04,7.41,17.0,106.0,147,0.5284,0.0893,0.0
CICT_Line_Crop,Line_Crop,line_003_line_left_L7.png,data/processed/cict_gt133_lines/line_003_line_left_L7.png,260,37,7.027,177.53,30.49,189,53.35,2447.2,2.97,26.59,96.0,201,0.8077,0.0318,0.0
CICT_Line_Crop,Line_Crop,line_004_line_body_L1.png,data/processed/cict_gt133_lines/line_004_line_body_L1.png,2140,37,57.838,218.86,49.18,189,893.67,27967.31,2.97,24.64,128.0,184,0.9169,0.0793,0.0
CICT_Line_Crop,Line_Crop,line_005_line_body_L2.png,data/processed/cict_gt133_lines/line_005_line_body_L2.png,2140,37,57.838,134.84,22.04,205,238.06,5967.65,7.41,9.16,69.0,126,0.5227,0.0816,0.0
