dataset,source_archive,source_file,image_id,image_path,image_format,width,height,color_mode,file_size_bytes,sha256,level,original_or_binarized,label_available,label_type,transcription_available,transcription_path,unicode_text_available,annotation_available,annotation_format,license,source_url,duplicate_group,classification_category,usable_for_training,usable_for_evaluation,notes
THPLMD_Naladiyar,Naladiyar.zip,126.jpg,THPLMD_Naladiyar_126,data/processed/staging/thplmd/naladiyar/Naladiyar/Naladiyar Binarized/126.jpg,JPEG,3996,600,RGB,799260,2e3357217ff8edb2f09c3b5c0a8da359c760e4bd09ce24886203a8762cad7b2b,PAGE_OR_FOLIO,BINARIZED,False,NONE,False,NONE,False,False,NONE,Research Use / Non-Commercial,THPLMD Kaggle / Open Repository,NONE,IMAGE_ONLY,False,False,Palm-leaf manuscript image without aligned transcription in archive.
THPLMD_Naladiyar,Naladiyar.zip,127.jpg,THPLMD_Naladiyar_127,data/processed/staging/thplmd/naladiyar/Naladiyar/Naladiyar Binarized/127.jpg,JPEG,3996,600,RGB,774026,2331180d022c2db25aa537f4630df17e91ed27fa542fbeec90780e768de2b17c,PAGE_OR_FOLIO,BINARIZED,False,NONE,False,NONE,False,False,NONE,Research Use / Non-Commercial,THPLMD Kaggle / Open Repository,NONE,IMAGE_ONLY,False,False,Palm-leaf manuscript image without aligned transcription in archive.
THPLMD_Naladiyar,Naladiyar.zip,128.jpg,THPLMD_Naladiyar_128,data/processed/staging/thplmd/naladiyar/Naladiyar/Naladiyar Binarized/128.jpg,JPEG,3996,600,RGB,761741,3c851092c3f1df0807165c6580455b90605ab9c93044bd158468da76ed7ba519,PAGE_OR_FOLIO,BINARIZED,False,NONE,False,NONE,False,False,NONE,Research Use / Non-Commercial,THPLMD Kaggle / Open Repository,NONE,IMAGE_ONLY,False,False,Palm-leaf manuscript image without aligned transcription in archive.
THPLMD_Naladiyar,Naladiyar.zip,130.jpg,THPLMD_Naladiyar_130,data/processed/staging/thplmd/naladiyar/Naladiyar/Naladiyar Binarized/130.jpg,JPEG,3996,600,RGB,1149426,339f8a3871278fc5f10060348e026cd2a68518b87d2af2d03a6fb43de0cac5c0,PAGE_OR_FOLIO,BINARIZED,False,NONE,False,NONE,False,False,NONE,Research Use / Non-Commercial,THPLMD Kaggle / Open Repository,NONE,IMAGE_ONLY,False,False,Palm-leaf manuscript image without aligned transcription in archive.
THPLMD_Naladiyar,Naladiyar.zip,131.jpg,THPLMD_Naladiyar_131,data/processed/staging/thplmd/naladiyar/Naladiyar/Naladiyar Binarized/131.jpg,JPEG,3996,600,RGB,1098624,daff36550ce1abecde095edfebd1e3a244bbadb25ea7b50f05c9b3d14cccf7c5,PAGE_OR_FOLIO,BINARIZED,False,NONE,False,NONE,False,False,NONE,Research Use / Non-Commercial,THPLMD Kaggle / Open Repository,NONE,IMAGE_ONLY,False,False,Palm-leaf manuscript image without aligned transcription in archive.
THPLMD_Naladiyar,Naladiyar.zip,132.jpg,THPLMD_Naladiyar_132,data/processed/staging/thplmd/naladiyar/Naladiyar/Naladiyar Binarized/132.jpg,JPEG,3996,600,RGB,1064973,4f96a06162a03ee498e623d61305aacf1bebe1ae42374a971edc5f261e75c319,PAGE_OR_FOLIO,BINARIZED,False,NONE,False,NONE,False,False,NONE,Research Use / Non-Commercial,THPLMD Kaggle / Open Repository,NONE,IMAGE_ONLY,False,False,Palm-leaf manuscript image without aligned transcription in archive.
THPLMD_Naladiyar,Naladiyar.zip,137.jpg,THPLMD_Naladiyar_137,data/processed/staging/thplmd/naladiyar/Naladiyar/Naladiyar Binarized/137.jpg,JPEG,3996,600,RGB,962746,b1e7112d46a0db878273c0c86f972995e8908d91bd25233e87c90933da031300,PAGE_OR_FOLIO,BINARIZED,False,NONE,False,NONE,False,False,NONE,Research Use / Non-Commercial,THPLMD Kaggle / Open Repository,NONE,IMAGE_ONLY,False,False,Palm-leaf manuscript image without aligned transcription in archive.
THPLMD_Naladiyar,Naladiyar.zip,139.jpg,THPLMD_Naladiyar_139,data/processed/staging/thplmd/naladiyar/Naladiyar/Naladiyar Binarized/139.jpg,JPEG,3996,600,RGB,1019663,f18e29f5c18417816f8fdcd489cab675c24135e0f36609a19ab5f97623371ad2,PAGE_OR_FOLIO,BINARIZED,False,NONE,False,NONE,False,False,NONE,Research Use / Non-Commercial,THPLMD Kaggle / Open Repository,NONE,IMAGE_ONLY,False,False,Palm-leaf manuscript image without aligned transcription in archive.
THPLMD_Naladiyar,Naladiyar.zip,141.jpg,THPLMD_Naladiyar_141,data/processed/staging/thplmd/naladiyar/Naladiyar/Naladiyar Binarized/141.jpg,JPEG,3996,600,RGB,949689,ad2351fef9921b738952591ad063923948757d21d1e1e9497f42632c29162673,PAGE_OR_FOLIO,BINARIZED,False,NONE,False,NONE,False,False,NONE,Research Use / Non-Commercial,THPLMD Kaggle / Open Repository,NONE,IMAGE_ONLY,False,False,Palm-leaf manuscript image without aligned transcription in archive.
THPLMD_Naladiyar,Naladiyar.zip,147.jpg,THPLMD_Naladiyar_147,data/processed/staging/thplmd/naladiyar/Naladiyar/Naladiyar Binarized/147.jpg,JPEG,3996,600,RGB,1027625,edd32af833b5752a97e57974fc190b50d2b045d7ad1148217c8717f683fe328f,PAGE_OR_FOLIO,BINARIZED,False,NONE,False,NONE,False,False,NONE,Research Use / Non-Commercial,THPLMD Kaggle / Open Repository,NONE,IMAGE_ONLY,False,False,Palm-leaf manuscript image without aligned transcription in archive.
THPLMD_Naladiyar,Naladiyar.zip,148.jpg,THPLMD_Naladiyar_148,data/processed/staging/thplmd/naladiyar/Naladiyar/Naladiyar Binarized/148.jpg,JPEG,3996,600,RGB,972365,dd56eadc69483896e14f167e589f36f3580303c9b5ae47376418af86c99d125f,PAGE_OR_FOLIO,BINARIZED,False,NONE,False,NONE,False,False,NONE,Research Use / Non-Commercial,THPLMD Kaggle / Open Repository,NONE,IMAGE_ONLY,False,False,Palm-leaf manuscript image without aligned transcription in archive.
THPLMD_Naladiyar,Naladiyar.zip,149.jpg,THPLMD_Naladiyar_149,data/processed/staging/thplmd/naladiyar/Naladiyar/Naladiyar Binarized/149.jpg,JPEG,3996,600,RGB,1112555,8518211a98ed65a5b472e14b0dc9cbed51d7ef93b94b4ee2c1413012c6da6f5e,PAGE_OR_FOLIO,BINARIZED,False,NONE,False,NONE,False,False,NONE,Research Use / Non-Commercial,THPLMD Kaggle / Open Repository,NONE,IMAGE_ONLY,False,False,Palm-leaf manuscript image without aligned transcription in archive.
THPLMD_Naladiyar,Naladiyar.zip,150.jpg,THPLMD_Naladiyar_150,data/processed/staging/thplmd/naladiyar/Naladiyar/Naladiyar Binarized/150.jpg,JPEG,3996,600,RGB,1075005,839df89c25072283b332eef9287d765aafc393f161e91ae3db068854de858624,PAGE_OR_FOLIO,BINARIZED,False,NONE,False,NONE,False,False,NONE,Research Use / Non-Commercial,THPLMD Kaggle / Open Repository,NONE,IMAGE_ONLY,False,False,Palm-leaf manuscript image without aligned transcription in archive.
THPLMD_Naladiyar,Naladiyar.zip,151.jpg,THPLMD_Naladiyar_151,data/processed/staging/thplmd/naladiyar/Naladiyar/Naladiyar Binarized/151.jpg,JPEG,3996,600,RGB,1110258,780be9b63e6018c7463b7adbb612ef105fef0303324acaab8441f053c5a7413d,PAGE_OR_FOLIO,BINARIZED,False,NONE,False,NONE,False,False,NONE,Research Use / Non-Commercial,THPLMD Kaggle / Open Repository,NONE,IMAGE_ONLY,False,False,Palm-leaf manuscript image without aligned transcription in archive.
THPLMD_Naladiyar,Naladiyar.zip,162.jpg,THPLMD_Naladiyar_162,data/processed/staging/thplmd/naladiyar/Naladiyar/Naladiyar Binarized/162.jpg,JPEG,3996,600,RGB,1079209,250b87044616bbff70e7b067702dc61a9a5f30812a82111156834d5fc2fd977a,PAGE_OR_FOLIO,BINARIZED,False,NONE,False,NONE,False,False,NONE,Research Use / Non-Commercial,THPLMD Kaggle / Open Repository,NONE,IMAGE_ONLY,False,False,Palm-leaf manuscript image without aligned transcription in archive.
THPLMD_Naladiyar,Naladiyar.zip,163.jpg,THPLMD_Naladiyar_163,data/processed/staging/thplmd/naladiyar/Naladiyar/Naladiyar Binarized/163.jpg,JPEG,3996,600,RGB,1055814,d23bd414b50e90b5de0420646605b11a662fe5eba68edeedf6bf1f613dc2723e,PAGE_OR_FOLIO,BINARIZED,False,NONE,False,NONE,False,False,NONE,Research Use / Non-Commercial,THPLMD Kaggle / Open Repository,NONE,IMAGE_ONLY,False,False,Palm-leaf manuscript image without aligned transcription in archive.
THPLMD_Naladiyar,Naladiyar.zip,164.jpg,THPLMD_Naladiyar_164,data/processed/staging/thplmd/naladiyar/Naladiyar/Naladiyar Binarized/164.jpg,JPEG,3996,600,RGB,1124805,454ea1c6738d89dc0f1d27a353fdcb88d4a0fcc9866ac53fcf0cf05864cdf9d7,PAGE_OR_FOLIO,BINARIZED,False,NONE,False,NONE,False,False,NONE,Research Use / Non-Commercial,THPLMD Kaggle / Open Repository,NONE,IMAGE_ONLY,False,False,Palm-leaf manuscript image without aligned transcription in archive.
THPLMD_Naladiyar,Naladiyar.zip,165.jpg,THPLMD_Naladiyar_165,data/processed/staging/thplmd/naladiyar/Naladiyar/Naladiyar Binarized/165.jpg,JPEG,3996,600,RGB,1114773,9e0ad9c7fa4b6f5540f7619cd48464306bbc6c133cbab3ffafb480581792c949,PAGE_OR_FOLIO,BINARIZED,False,NONE,False,NONE,False,False,NONE,Research Use / Non-Commercial,THPLMD Kaggle / Open Repository,NONE,IMAGE_ONLY,False,False,Palm-leaf manuscript image without aligned transcription in archive.
THPLMD_Naladiyar,Naladiyar.zip,166.jpg,THPLMD_Naladiyar_166,data/processed/staging/thplmd/naladiyar/Naladiyar/Naladiyar Binarized/166.jpg,JPEG,3996,600,RGB,1093772,780e0175c9b05cdda91d4b36ff58452da576c376368487ea32cf34db15413d63,PAGE_OR_FOLIO,BINARIZED,False,NONE,False,NONE,False,False,NONE,Research Use / Non-Commercial,THPLMD Kaggle / Open Repository,NONE,IMAGE_ONLY,False,False,Palm-leaf manuscript image without aligned transcription in archive.
THPLMD_Naladiyar,Naladiyar.zip,172.jpg,THPLMD_Naladiyar_172,data/processed/staging/thplmd/naladiyar/Naladiyar/Naladiyar Binarized/172.jpg,JPEG,3996,600,RGB,1028294,95b390a66dfc0db7fbca87dc44659b99726ace058e0e41784807f49e83b48800,PAGE_OR_FOLIO,BINARIZED,False,NONE,False,NONE,False,False,NONE,Research Use / Non-Commercial,THPLMD Kaggle / Open Repository,NONE,IMAGE_ONLY,False,False,Palm-leaf manuscript image without aligned transcription in archive.
THPLMD_Naladiyar,Naladiyar.zip,173.jpg,THPLMD_Naladiyar_173,data/processed/staging/thplmd/naladiyar/Naladiyar/Naladiyar Binarized/173.jpg,JPEG,3996,600,RGB,1120191,5d770e6a3b5ec3ae2fb79dae8236fce09c5cd131f81e212b5c418aa18272470a,PAGE_OR_FOLIO,BINARIZED,False,NONE,False,NONE,False,False,NONE,Research Use / Non-Commercial,THPLMD Kaggle / Open Repository,NONE,IMAGE_ONLY,False,False,Palm-leaf manuscript image without aligned transcription in archive.
THPLMD_Naladiyar,Naladiyar.zip,174.jpg,THPLMD_Naladiyar_174,data/processed/staging/thplmd/naladiyar/Naladiyar/Naladiyar Binarized/174.jpg,JPEG,3996,600,RGB,1162345,b1cdb1337a9507a86a96d4496982af449fa97a9a26e94784f71b74ac1c7d33f8,PAGE_OR_FOLIO,BINARIZED,False,NONE,False,NONE,False,False,NONE,Research Use / Non-Commercial,THPLMD Kaggle / Open Repository,NONE,IMAGE_ONLY,False,False,Palm-leaf manuscript image without aligned transcription in archive.
THPLMD_Naladiyar,Naladiyar.zip,175.jpg,THPLMD_Naladiyar_175,data/processed/staging/thplmd/naladiyar/Naladiyar/Naladiyar Binarized/175.jpg,JPEG,3996,600,RGB,1124268,e4acb397ab7f6dc23580a9a1f8df567fdf51bcb5800a0673e8aeb70056a11a53,PAGE_OR_FOLIO,BINARIZED,False,NONE,False,NONE,False,False,NONE,Research Use / Non-Commercial,THPLMD Kaggle / Open Repository,NONE,IMAGE_ONLY,False,False,Palm-leaf manuscript image without aligned transcription in archive.
THPLMD_Naladiyar,Naladiyar.zip,176.jpg,THPLMD_Naladiyar_176,data/processed/staging/thplmd/naladiyar/Naladiyar/Naladiyar Binarized/176.jpg,JPEG,3996,600,RGB,1071989,f47b00e156c3d319fb748a34b9565464ce89a385d5512448abccbf36e89c168e,PAGE_OR_FOLIO,BINARIZED,False,NONE,False,NONE,False,False,NONE,Research Use / Non-Commercial,THPLMD Kaggle / Open Repository,NONE,IMAGE_ONLY,False,False,Palm-leaf manuscript image without aligned transcription in archive.
THPLMD_Naladiyar,Naladiyar.zip,124.jpg,THPLMD_Naladiyar_124,data/processed/staging/thplmd/naladiyar/Naladiyar/Naladiyar Original/124.jpg,JPEG,3996,600,RGB,1224187,b6813deaad529dbeb2c791d249414a61b8dc8d2326575560f214999c319523ce,PAGE_OR_FOLIO,ORIGINAL_COLOR_GRAYSCALE,False,NONE,False,NONE,False,False,NONE,Research Use / Non-Commercial,THPLMD Kaggle / Open Repository,NONE,IMAGE_ONLY,False,False,Palm-leaf manuscript image without aligned transcription in archive.
THPLMD_Naladiyar,Naladiyar.zip,125.jpg,THPLMD_Naladiyar_125,data/processed/staging/thplmd/naladiyar/Naladiyar/Naladiyar Original/125.jpg,JPEG,3996,600,RGB,1168168,c0ca2752038080efddeaf3119d0ae8bef38ba2c0546bf341e541e456643243d6,PAGE_OR_FOLIO,ORIGINAL_COLOR_GRAYSCALE,False,NONE,False,NONE,False,False,NONE,Research Use / Non-Commercial,THPLMD Kaggle / Open Repository,NONE,IMAGE_ONLY,False,False,Palm-leaf manuscript image without aligned transcription in archive.
THPLMD_Naladiyar,Naladiyar.zip,126.jpg,THPLMD_Naladiyar_126,data/processed/staging/thplmd/naladiyar/Naladiyar/Naladiyar Original/126.jpg,JPEG,3996,600,RGB,1047283,8916957fb03147fa5845a3c54067519ff2da9a3feea7022c995a6ea6184bf850,PAGE_OR_FOLIO,ORIGINAL_COLOR_GRAYSCALE,False,NONE,False,NONE,False,False,NONE,Research Use / Non-Commercial,THPLMD Kaggle / Open Repository,NONE,IMAGE_ONLY,False,False,Palm-leaf manuscript image without aligned transcription in archive.
THPLMD_Naladiyar,Naladiyar.zip,127.jpg,THPLMD_Naladiyar_127,data/processed/staging/thplmd/naladiyar/Naladiyar/Naladiyar Original/127.jpg,JPEG,3996,600,RGB,998370,2547828e1c06d19c286f4212ae3f0222e522d668f44cf4d64f83d9bc8bc199d9,PAGE_OR_FOLIO,ORIGINAL_COLOR_GRAYSCALE,False,NONE,False,NONE,False,False,NONE,Research Use / Non-Commercial,THPLMD Kaggle / Open Repository,NONE,IMAGE_ONLY,False,False,Palm-leaf manuscript image without aligned transcription in archive.
THPLMD_Naladiyar,Naladiyar.zip,128.jpg,THPLMD_Naladiyar_128,data/processed/staging/thplmd/naladiyar/Naladiyar/Naladiyar Original/128.jpg,JPEG,3996,600,RGB,956385,48eb1b44b7e48ff1fc46d880aa96eea7a709afda076e2e6eb617cd4f3487c4ca,PAGE_OR_FOLIO,ORIGINAL_COLOR_GRAYSCALE,False,NONE,False,NONE,False,False,NONE,Research Use / Non-Commercial,THPLMD Kaggle / Open Repository,NONE,IMAGE_ONLY,False,False,Palm-leaf manuscript image without aligned transcription in archive.
THPLMD_Naladiyar,Naladiyar.zip,129.jpg,THPLMD_Naladiyar_129,data/processed/staging/thplmd/naladiyar/Naladiyar/Naladiyar Original/129.jpg,JPEG,3996,600,RGB,1418516,01727bb55be448d0e5a226e8c23319b98ad21265458398e2c45f3c534735323c,PAGE_OR_FOLIO,ORIGINAL_COLOR_GRAYSCALE,False,NONE,False,NONE,False,False,NONE,Research Use / Non-Commercial,THPLMD Kaggle / Open Repository,NONE,IMAGE_ONLY,False,False,Palm-leaf manuscript image without aligned transcription in archive.
THPLMD_Naladiyar,Naladiyar.zip,130.jpg,THPLMD_Naladiyar_130,data/processed/staging/thplmd/naladiyar/Naladiyar/Naladiyar Original/130.jpg,JPEG,3996,600,RGB,1503931,2628606bd3cdb60fd49571738088168a4906ccd32a86ea3b876dcf4a9ef906ac,PAGE_OR_FOLIO,ORIGINAL_COLOR_GRAYSCALE,False,NONE,False,NONE,False,False,NONE,Research Use / Non-Commercial,THPLMD Kaggle / Open Repository,NONE,IMAGE_ONLY,False,False,Palm-leaf manuscript image without aligned transcription in archive.
THPLMD_Naladiyar,Naladiyar.zip,131.jpg,THPLMD_Naladiyar_131,data/processed/staging/thplmd/naladiyar/Naladiyar/Naladiyar Original/131.jpg,JPEG,3996,600,RGB,1439878,f0495315bed4c5f30302a77bd64703b30777b496042fdfeaf3486ec414c3bb3c,PAGE_OR_FOLIO,ORIGINAL_COLOR_GRAYSCALE,False,NONE,False,NONE,False,False,NONE,Research Use / Non-Commercial,THPLMD Kaggle / Open Repository,NONE,IMAGE_ONLY,False,False,Palm-leaf manuscript image without aligned transcription in archive.
THPLMD_Naladiyar,Naladiyar.zip,132.jpg,THPLMD_Naladiyar_132,data/processed/staging/thplmd/naladiyar/Naladiyar/Naladiyar Original/132.jpg,JPEG,3996,600,RGB,1414046,46854d4546032a9f7bba05a286a274e43de6bbf552f48eac6fc98bf20ca9a566,PAGE_OR_FOLIO,ORIGINAL_COLOR_GRAYSCALE,False,NONE,False,NONE,False,False,NONE,Research Use / Non-Commercial,THPLMD Kaggle / Open Repository,NONE,IMAGE_ONLY,False,False,Palm-leaf manuscript image without aligned transcription in archive.
THPLMD_Naladiyar,Naladiyar.zip,137.jpg,THPLMD_Naladiyar_137,data/processed/staging/thplmd/naladiyar/Naladiyar/Naladiyar Original/137.jpg,JPEG,3996,600,RGB,1440195,08ed7b19a517526b4581c483ff512ab3df6fcad492ea060bc97688cb6c89f6a2,PAGE_OR_FOLIO,ORIGINAL_COLOR_GRAYSCALE,False,NONE,False,NONE,False,False,NONE,Research Use / Non-Commercial,THPLMD Kaggle / Open Repository,NONE,IMAGE_ONLY,False,False,Palm-leaf manuscript image without aligned transcription in archive.
THPLMD_Naladiyar,Naladiyar.zip,138.jpg,THPLMD_Naladiyar_138,data/processed/staging/thplmd/naladiyar/Naladiyar/Naladiyar Original/138.jpg,JPEG,3996,600,RGB,1465089,c05ed85391f5c25080dee21543418b9cacbe87b3a0efc11f0874a1a34cc6f55a,PAGE_OR_FOLIO,ORIGINAL_COLOR_GRAYSCALE,False,NONE,False,NONE,False,False,NONE,Research Use / Non-Commercial,THPLMD Kaggle / Open Repository,NONE,IMAGE_ONLY,False,False,Palm-leaf manuscript image without aligned transcription in archive.
THPLMD_Naladiyar,Naladiyar.zip,139.jpg,THPLMD_Naladiyar_139,data/processed/staging/thplmd/naladiyar/Naladiyar/Naladiyar Original/139.jpg,JPEG,3996,600,RGB,1281762,9ccd6f1084c2ca24aab34581c963e294fabc4a460a6e978fab6a5c69f2346a0a,PAGE_OR_FOLIO,ORIGINAL_COLOR_GRAYSCALE,False,NONE,False,NONE,False,False,NONE,Research Use / Non-Commercial,THPLMD Kaggle / Open Repository,NONE,IMAGE_ONLY,False,False,Palm-leaf manuscript image without aligned transcription in archive.
THPLMD_Naladiyar,Naladiyar.zip,140.jpg,THPLMD_Naladiyar_140,data/processed/staging/thplmd/naladiyar/Naladiyar/Naladiyar Original/140.jpg,JPEG,3996,600,RGB,1261511,c3d3aca7d134027e8344158262233dba66acbae848e46f10696577ce44a62bf7,PAGE_OR_FOLIO,ORIGINAL_COLOR_GRAYSCALE,False,NONE,False,NONE,False,False,NONE,Research Use / Non-Commercial,THPLMD Kaggle / Open Repository,NONE,IMAGE_ONLY,False,False,Palm-leaf manuscript image without aligned transcription in archive.
THPLMD_Naladiyar,Naladiyar.zip,141.jpg,THPLMD_Naladiyar_141,data/processed/staging/thplmd/naladiyar/Naladiyar/Naladiyar Original/141.jpg,JPEG,3996,600,RGB,1247966,1489667836be0ecf9d2e7869636a0e7bd8f523dc4c235b1f428c8887ebf447eb,PAGE_OR_FOLIO,ORIGINAL_COLOR_GRAYSCALE,False,NONE,False,NONE,False,False,NONE,Research Use / Non-Commercial,THPLMD Kaggle / Open Repository,NONE,IMAGE_ONLY,False,False,Palm-leaf manuscript image without aligned transcription in archive.
THPLMD_Naladiyar,Naladiyar.zip,147.jpg,THPLMD_Naladiyar_147,data/processed/staging/thplmd/naladiyar/Naladiyar/Naladiyar Original/147.jpg,JPEG,3996,600,RGB,1547702,8ce682b0601b46ee6d186d85248a6d889c6bbbaf1b94387314693466dc56f738,PAGE_OR_FOLIO,ORIGINAL_COLOR_GRAYSCALE,False,NONE,False,NONE,False,False,NONE,Research Use / Non-Commercial,THPLMD Kaggle / Open Repository,NONE,IMAGE_ONLY,False,False,Palm-leaf manuscript image without aligned transcription in archive.
THPLMD_Naladiyar,Naladiyar.zip,148.jpg,THPLMD_Naladiyar_148,data/processed/staging/thplmd/naladiyar/Naladiyar/Naladiyar Original/148.jpg,JPEG,3996,600,RGB,1569034,4e69235a272a557c797f90b7045d4aac9ddb881b76d3f4457bb3cc0d77246528,PAGE_OR_FOLIO,ORIGINAL_COLOR_GRAYSCALE,False,NONE,False,NONE,False,False,NONE,Research Use / Non-Commercial,THPLMD Kaggle / Open Repository,NONE,IMAGE_ONLY,False,False,Palm-leaf manuscript image without aligned transcription in archive.
THPLMD_Naladiyar,Naladiyar.zip,149.jpg,THPLMD_Naladiyar_149,data/processed/staging/thplmd/naladiyar/Naladiyar/Naladiyar Original/149.jpg,JPEG,3996,600,RGB,1463219,71ebb493ff8e6544d93082b5c4a690ba42b219e257d5bf944133161cd52e9e5f,PAGE_OR_FOLIO,ORIGINAL_COLOR_GRAYSCALE,False,NONE,False,NONE,False,False,NONE,Research Use / Non-Commercial,THPLMD Kaggle / Open Repository,NONE,IMAGE_ONLY,False,False,Palm-leaf manuscript image without aligned transcription in archive.
THPLMD_Naladiyar,Naladiyar.zip,150.jpg,THPLMD_Naladiyar_150,data/processed/staging/thplmd/naladiyar/Naladiyar/Naladiyar Original/150.jpg,JPEG,3996,600,RGB,1330969,73ad3d6f8e40e76d601baa3740f55af767efe364556752c30c89e289718893be,PAGE_OR_FOLIO,ORIGINAL_COLOR_GRAYSCALE,False,NONE,False,NONE,False,False,NONE,Research Use / Non-Commercial,THPLMD Kaggle / Open Repository,NONE,IMAGE_ONLY,False,False,Palm-leaf manuscript image without aligned transcription in archive.
THPLMD_Naladiyar,Naladiyar.zip,151.jpg,THPLMD_Naladiyar_151,data/processed/staging/thplmd/naladiyar/Naladiyar/Naladiyar Original/151.jpg,JPEG,3996,600,RGB,1351157,8ecd408f3a1e24934aee876e17b18090c16304de60567e3c84ce7c5e482dd5f8,PAGE_OR_FOLIO,ORIGINAL_COLOR_GRAYSCALE,False,NONE,False,NONE,False,False,NONE,Research Use / Non-Commercial,THPLMD Kaggle / Open Repository,NONE,IMAGE_ONLY,False,False,Palm-leaf manuscript image without aligned transcription in archive.
THPLMD_Naladiyar,Naladiyar.zip,162.jpg,THPLMD_Naladiyar_162,data/processed/staging/thplmd/naladiyar/Naladiyar/Naladiyar Original/162.jpg,JPEG,3996,600,RGB,1469415,de396855211fe2f7184febbbaef0c7a8d5e9f7ef458ad6507a9e423fb54257fc,PAGE_OR_FOLIO,ORIGINAL_COLOR_GRAYSCALE,False,NONE,False,NONE,False,False,NONE,Research Use / Non-Commercial,THPLMD Kaggle / Open Repository,NONE,IMAGE_ONLY,False,False,Palm-leaf manuscript image without aligned transcription in archive.
THPLMD_Naladiyar,Naladiyar.zip,163.jpg,THPLMD_Naladiyar_163,data/processed/staging/thplmd/naladiyar/Naladiyar/Naladiyar Original/163.jpg,JPEG,3996,600,RGB,1449913,57ec58604b24d10a8b8ddb96c44c2eff637428948416c9fc4eee5ea35f869811,PAGE_OR_FOLIO,ORIGINAL_COLOR_GRAYSCALE,False,NONE,False,NONE,False,False,NONE,Research Use / Non-Commercial,THPLMD Kaggle / Open Repository,NONE,IMAGE_ONLY,False,False,Palm-leaf manuscript image without aligned transcription in archive.
THPLMD_Naladiyar,Naladiyar.zip,164.jpg,THPLMD_Naladiyar_164,data/processed/staging/thplmd/naladiyar/Naladiyar/Naladiyar Original/164.jpg,JPEG,3996,600,RGB,1405718,8f08e9a708f1057d2c53bfef60bbba167a86804821587b162899ca5945b4f4ad,PAGE_OR_FOLIO,ORIGINAL_COLOR_GRAYSCALE,False,NONE,False,NONE,False,False,NONE,Research Use / Non-Commercial,THPLMD Kaggle / Open Repository,NONE,IMAGE_ONLY,False,False,Palm-leaf manuscript image without aligned transcription in archive.
THPLMD_Naladiyar,Naladiyar.zip,165.jpg,THPLMD_Naladiyar_165,data/processed/staging/thplmd/naladiyar/Naladiyar/Naladiyar Original/165.jpg,JPEG,3996,600,RGB,1289763,c8e6bcd1a2f90938d0a231ed448bfda37f1ba2f9d1410e74e6361eb5aae99942,PAGE_OR_FOLIO,ORIGINAL_COLOR_GRAYSCALE,False,NONE,False,NONE,False,False,NONE,Research Use / Non-Commercial,THPLMD Kaggle / Open Repository,NONE,IMAGE_ONLY,False,False,Palm-leaf manuscript image without aligned transcription in archive.
THPLMD_Naladiyar,Naladiyar.zip,166.jpg,THPLMD_Naladiyar_166,data/processed/staging/thplmd/naladiyar/Naladiyar/Naladiyar Original/166.jpg,JPEG,3996,600,RGB,1282401,68a70ac49d3ee952a390d5621320302b73c6f2f4217ada9b363f2ae4635dfdf8,PAGE_OR_FOLIO,ORIGINAL_COLOR_GRAYSCALE,False,NONE,False,NONE,False,False,NONE,Research Use / Non-Commercial,THPLMD Kaggle / Open Repository,NONE,IMAGE_ONLY,False,False,Palm-leaf manuscript image without aligned transcription in archive.
THPLMD_Naladiyar,Naladiyar.zip,172.jpg,THPLMD_Naladiyar_172,data/processed/staging/thplmd/naladiyar/Naladiyar/Naladiyar Original/172.jpg,JPEG,3996,600,RGB,1511742,2c0816993932decb95404b2553cb60a309a6ec6cac9ac5ad5ddb29e382cdcedc,PAGE_OR_FOLIO,ORIGINAL_COLOR_GRAYSCALE,False,NONE,False,NONE,False,False,NONE,Research Use / Non-Commercial,THPLMD Kaggle / Open Repository,NONE,IMAGE_ONLY,False,False,Palm-leaf manuscript image without aligned transcription in archive.
THPLMD_Naladiyar,Naladiyar.zip,173.jpg,THPLMD_Naladiyar_173,data/processed/staging/thplmd/naladiyar/Naladiyar/Naladiyar Original/173.jpg,JPEG,3996,600,RGB,1468676,55954afc81024366402e56f8706314412efce8132ec2c14a4210b1e6d12d479c,PAGE_OR_FOLIO,ORIGINAL_COLOR_GRAYSCALE,False,NONE,False,NONE,False,False,NONE,Research Use / Non-Commercial,THPLMD Kaggle / Open Repository,NONE,IMAGE_ONLY,False,False,Palm-leaf manuscript image without aligned transcription in archive.
THPLMD_Naladiyar,Naladiyar.zip,174.jpg,THPLMD_Naladiyar_174,data/processed/staging/thplmd/naladiyar/Naladiyar/Naladiyar Original/174.jpg,JPEG,3996,600,RGB,1373358,ffa97099faff2d2054baf20e7713b787ed18c5bb250b61f75e111280d092ca52,PAGE_OR_FOLIO,ORIGINAL_COLOR_GRAYSCALE,False,NONE,False,NONE,False,False,NONE,Research Use / Non-Commercial,THPLMD Kaggle / Open Repository,NONE,IMAGE_ONLY,False,False,Palm-leaf manuscript image without aligned transcription in archive.
THPLMD_Naladiyar,Naladiyar.zip,175.jpg,THPLMD_Naladiyar_175,data/processed/staging/thplmd/naladiyar/Naladiyar/Naladiyar Original/175.jpg,JPEG,3996,600,RGB,1324561,caebdc113871e0e9bce3d1dea54961256e404779bf405f8617e9f5e259229c61,PAGE_OR_FOLIO,ORIGINAL_COLOR_GRAYSCALE,False,NONE,False,NONE,False,False,NONE,Research Use / Non-Commercial,THPLMD Kaggle / Open Repository,NONE,IMAGE_ONLY,False,False,Palm-leaf manuscript image without aligned transcription in archive.
THPLMD_Naladiyar,Naladiyar.zip,176.jpg,THPLMD_Naladiyar_176,data/processed/staging/thplmd/naladiyar/Naladiyar/Naladiyar Original/176.jpg,JPEG,3996,600,RGB,1274318,74170cc8641f3500c369009b4f6b07b001291fdd52b257ec3caacd4e605a5cc3,PAGE_OR_FOLIO,ORIGINAL_COLOR_GRAYSCALE,False,NONE,False,NONE,False,False,NONE,Research Use / Non-Commercial,THPLMD Kaggle / Open Repository,NONE,IMAGE_ONLY,False,False,Palm-leaf manuscript image without aligned transcription in archive.
THPLMD_Thirikadugam,THIRIKADUGAM.zip,461.jpg,THPLMD_Thirikadugam_461,data/processed/staging/thplmd/thirikadugam/THIRIKADUGAM/THIRIKADUGAM BINARIZED/461.jpg,JPEG,3996,600,RGB,934875,f91bfa0bb61dbb6677800b1294306e4045eb936add997b7913f0096bcec50afb,PAGE_OR_FOLIO,BINARIZED,False,NONE,False,NONE,False,False,NONE,Research Use / Non-Commercial,THPLMD Kaggle / Open Repository,NONE,IMAGE_ONLY,False,False,Palm-leaf manuscript image without aligned transcription in archive.
THPLMD_Thirikadugam,THIRIKADUGAM.zip,464.jpg,THPLMD_Thirikadugam_464,data/processed/staging/thplmd/thirikadugam/THIRIKADUGAM/THIRIKADUGAM BINARIZED/464.jpg,JPEG,3996,600,RGB,906611,9c73691172b45b1093854afca718ce864b827973049fe3b536b29d0e6480ebbe,PAGE_OR_FOLIO,BINARIZED,False,NONE,False,NONE,False,False,NONE,Research Use / Non-Commercial,THPLMD Kaggle / Open Repository,NONE,IMAGE_ONLY,False,False,Palm-leaf manuscript image without aligned transcription in archive.
THPLMD_Thirikadugam,THIRIKADUGAM.zip,465.jpg,THPLMD_Thirikadugam_465,data/processed/staging/thplmd/thirikadugam/THIRIKADUGAM/THIRIKADUGAM BINARIZED/465.jpg,JPEG,3996,600,RGB,920714,e42d256f7cebaa93af592f57a3646984efcf72f501b30c52b5b8afc567d2a618,PAGE_OR_FOLIO,BINARIZED,False,NONE,False,NONE,False,False,NONE,Research Use / Non-Commercial,THPLMD Kaggle / Open Repository,NONE,IMAGE_ONLY,False,False,Palm-leaf manuscript image without aligned transcription in archive.
THPLMD_Thirikadugam,THIRIKADUGAM.zip,467.jpg,THPLMD_Thirikadugam_467,data/processed/staging/thplmd/thirikadugam/THIRIKADUGAM/THIRIKADUGAM BINARIZED/467.jpg,JPEG,3996,600,RGB,917074,968ea391a465f560894921ace662c907523a764ef7f3ea16e19a21682fc4dca0,PAGE_OR_FOLIO,BINARIZED,False,NONE,False,NONE,False,False,NONE,Research Use / Non-Commercial,THPLMD Kaggle / Open Repository,NONE,IMAGE_ONLY,False,False,Palm-leaf manuscript image without aligned transcription in archive.
THPLMD_Thirikadugam,THIRIKADUGAM.zip,468.jpg,THPLMD_Thirikadugam_468,data/processed/staging/thplmd/thirikadugam/THIRIKADUGAM/THIRIKADUGAM BINARIZED/468.jpg,JPEG,3996,600,RGB,861469,d4c02b16240600c95027ce6fb68ddb4fc612e21a4531e7aa066c3bedac77f2b8,PAGE_OR_FOLIO,BINARIZED,False,NONE,False,NONE,False,False,NONE,Research Use / Non-Commercial,THPLMD Kaggle / Open Repository,NONE,IMAGE_ONLY,False,False,Palm-leaf manuscript image without aligned transcription in archive.
THPLMD_Thirikadugam,THIRIKADUGAM.zip,469.jpg,THPLMD_Thirikadugam_469,data/processed/staging/thplmd/thirikadugam/THIRIKADUGAM/THIRIKADUGAM BINARIZED/469.jpg,JPEG,3996,600,RGB,1000242,858812fc8caff2522c0500aa64cead160760b3803289df542c21f89807bf66a0,PAGE_OR_FOLIO,BINARIZED,False,NONE,False,NONE,False,False,NONE,Research Use / Non-Commercial,THPLMD Kaggle / Open Repository,NONE,IMAGE_ONLY,False,False,Palm-leaf manuscript image without aligned transcription in archive.
THPLMD_Thirikadugam,THIRIKADUGAM.zip,470.jpg,THPLMD_Thirikadugam_470,data/processed/staging/thplmd/thirikadugam/THIRIKADUGAM/THIRIKADUGAM BINARIZED/470.jpg,JPEG,3996,600,RGB,1000480,5d0fe4070f1c6ab23db952db1cc4765011caadae9f8673edcfa8d0e8cc1168ab,PAGE_OR_FOLIO,BINARIZED,False,NONE,False,NONE,False,False,NONE,Research Use / Non-Commercial,THPLMD Kaggle / Open Repository,NONE,IMAGE_ONLY,False,False,Palm-leaf manuscript image without aligned transcription in archive.
THPLMD_Thirikadugam,THIRIKADUGAM.zip,472.jpg,THPLMD_Thirikadugam_472,data/processed/staging/thplmd/thirikadugam/THIRIKADUGAM/THIRIKADUGAM BINARIZED/472.jpg,JPEG,3996,600,RGB,1033991,4bf43977c6e837e7064b4779b46605b0d869635b9bfdc18adf7a19ff1f99cd37,PAGE_OR_FOLIO,BINARIZED,False,NONE,False,NONE,False,False,NONE,Research Use / Non-Commercial,THPLMD Kaggle / Open Repository,NONE,IMAGE_ONLY,False,False,Palm-leaf manuscript image without aligned transcription in archive.
THPLMD_Thirikadugam,THIRIKADUGAM.zip,473.jpg,THPLMD_Thirikadugam_473,data/processed/staging/thplmd/thirikadugam/THIRIKADUGAM/THIRIKADUGAM BINARIZED/473.jpg,JPEG,3996,600,RGB,920594,e593a76897e9d1e37cd660963007df472336dbf06bd25a95a07b961503e47738,PAGE_OR_FOLIO,BINARIZED,False,NONE,False,NONE,False,False,NONE,Research Use / Non-Commercial,THPLMD Kaggle / Open Repository,NONE,IMAGE_ONLY,False,False,Palm-leaf manuscript image without aligned transcription in archive.
THPLMD_Thirikadugam,THIRIKADUGAM.zip,460.jpg,THPLMD_Thirikadugam_460,data/processed/staging/thplmd/thirikadugam/THIRIKADUGAM/THIRIKADUGAM ORIGIANAL/460.jpg,JPEG,3996,600,RGB,1318328,d83d0725bf9232a832d060084dcbd3e3181573ff274c9d14711b4fc8c31f8e71,PAGE_OR_FOLIO,ORIGINAL_COLOR_GRAYSCALE,False,NONE,False,NONE,False,False,NONE,Research Use / Non-Commercial,THPLMD Kaggle / Open Repository,NONE,IMAGE_ONLY,False,False,Palm-leaf manuscript image without aligned transcription in archive.
THPLMD_Thirikadugam,THIRIKADUGAM.zip,461.jpg,THPLMD_Thirikadugam_461,data/processed/staging/thplmd/thirikadugam/THIRIKADUGAM/THIRIKADUGAM ORIGIANAL/461.jpg,JPEG,3996,600,RGB,1268127,47e35a236984af6f2ad305735faa6a9a587098baf4a0901c3942f11eb4ceecc7,PAGE_OR_FOLIO,ORIGINAL_COLOR_GRAYSCALE,False,NONE,False,NONE,False,False,NONE,Research Use / Non-Commercial,THPLMD Kaggle / Open Repository,NONE,IMAGE_ONLY,False,False,Palm-leaf manuscript image without aligned transcription in archive.
THPLMD_Thirikadugam,THIRIKADUGAM.zip,462.jpg,THPLMD_Thirikadugam_462,data/processed/staging/thplmd/thirikadugam/THIRIKADUGAM/THIRIKADUGAM ORIGIANAL/462.jpg,JPEG,3996,600,RGB,1204442,29df7d59c0b0cf89cbb988b1afcada16912e55094d822f1e41384f95f61abfd4,PAGE_OR_FOLIO,ORIGINAL_COLOR_GRAYSCALE,False,NONE,False,NONE,False,False,NONE,Research Use / Non-Commercial,THPLMD Kaggle / Open Repository,NONE,IMAGE_ONLY,False,False,Palm-leaf manuscript image without aligned transcription in archive.
THPLMD_Thirikadugam,THIRIKADUGAM.zip,463.jpg,THPLMD_Thirikadugam_463,data/processed/staging/thplmd/thirikadugam/THIRIKADUGAM/THIRIKADUGAM ORIGIANAL/463.jpg,JPEG,3996,600,RGB,1279054,e1d676d966c58758442dc78ad70e279bd822f58045095733a391526df14cb65b,PAGE_OR_FOLIO,ORIGINAL_COLOR_GRAYSCALE,False,NONE,False,NONE,False,False,NONE,Research Use / Non-Commercial,THPLMD Kaggle / Open Repository,NONE,IMAGE_ONLY,False,False,Palm-leaf manuscript image without aligned transcription in archive.
THPLMD_Thirikadugam,THIRIKADUGAM.zip,464.jpg,THPLMD_Thirikadugam_464,data/processed/staging/thplmd/thirikadugam/THIRIKADUGAM/THIRIKADUGAM ORIGIANAL/464.jpg,JPEG,3996,600,RGB,1243277,09e939437d4bac92e24dfe40c75677f50402c2bb5551cdbdc9eabda37fb8d89d,PAGE_OR_FOLIO,ORIGINAL_COLOR_GRAYSCALE,False,NONE,False,NONE,False,False,NONE,Research Use / Non-Commercial,THPLMD Kaggle / Open Repository,NONE,IMAGE_ONLY,False,False,Palm-leaf manuscript image without aligned transcription in archive.
THPLMD_Thirikadugam,THIRIKADUGAM.zip,465.jpg,THPLMD_Thirikadugam_465,data/processed/staging/thplmd/thirikadugam/THIRIKADUGAM/THIRIKADUGAM ORIGIANAL/465.jpg,JPEG,3996,600,RGB,1361287,6d7e92c65b761266cbec0469316232d24dd14760c5f05fbedc8b62f7600e4141,PAGE_OR_FOLIO,ORIGINAL_COLOR_GRAYSCALE,False,NONE,False,NONE,False,False,NONE,Research Use / Non-Commercial,THPLMD Kaggle / Open Repository,NONE,IMAGE_ONLY,False,False,Palm-leaf manuscript image without aligned transcription in archive.
THPLMD_Thirikadugam,THIRIKADUGAM.zip,466.jpg,THPLMD_Thirikadugam_466,data/processed/staging/thplmd/thirikadugam/THIRIKADUGAM/THIRIKADUGAM ORIGIANAL/466.jpg,JPEG,3996,600,RGB,1276012,500bdb4f1eea5017f3e6c07fef23c1f07a04205e923bc038b56d2e9a074df383,PAGE_OR_FOLIO,ORIGINAL_COLOR_GRAYSCALE,False,NONE,False,NONE,False,False,NONE,Research Use / Non-Commercial,THPLMD Kaggle / Open Repository,NONE,IMAGE_ONLY,False,False,Palm-leaf manuscript image without aligned transcription in archive.
THPLMD_Thirikadugam,THIRIKADUGAM.zip,467.jpg,THPLMD_Thirikadugam_467,data/processed/staging/thplmd/thirikadugam/THIRIKADUGAM/THIRIKADUGAM ORIGIANAL/467.jpg,JPEG,3996,600,RGB,1317878,10e8f0be86e656c93f4316d5144c52ce9d886c4d274edba47c1c215bc06d53fc,PAGE_OR_FOLIO,ORIGINAL_COLOR_GRAYSCALE,False,NONE,False,NONE,False,False,NONE,Research Use / Non-Commercial,THPLMD Kaggle / Open Repository,NONE,IMAGE_ONLY,False,False,Palm-leaf manuscript image without aligned transcription in archive.
THPLMD_Thirikadugam,THIRIKADUGAM.zip,468.jpg,THPLMD_Thirikadugam_468,data/processed/staging/thplmd/thirikadugam/THIRIKADUGAM/THIRIKADUGAM ORIGIANAL/468.jpg,JPEG,3996,600,RGB,1297805,965a07bff558a18f8d393bbbb7fb8fc5acc5512fc01335d4bb07c8c958fddcb5,PAGE_OR_FOLIO,ORIGINAL_COLOR_GRAYSCALE,False,NONE,False,NONE,False,False,NONE,Research Use / Non-Commercial,THPLMD Kaggle / Open Repository,NONE,IMAGE_ONLY,False,False,Palm-leaf manuscript image without aligned transcription in archive.
THPLMD_Thirikadugam,THIRIKADUGAM.zip,469.jpg,THPLMD_Thirikadugam_469,data/processed/staging/thplmd/thirikadugam/THIRIKADUGAM/THIRIKADUGAM ORIGIANAL/469.jpg,JPEG,3996,600,RGB,1363089,91f9fea4f7f4d848f84796584e6de3fe57dca6ac2f36ed877314fa56a81c9f2d,PAGE_OR_FOLIO,ORIGINAL_COLOR_GRAYSCALE,False,NONE,False,NONE,False,False,NONE,Research Use / Non-Commercial,THPLMD Kaggle / Open Repository,NONE,IMAGE_ONLY,False,False,Palm-leaf manuscript image without aligned transcription in archive.
THPLMD_Thirikadugam,THIRIKADUGAM.zip,470.jpg,THPLMD_Thirikadugam_470,data/processed/staging/thplmd/thirikadugam/THIRIKADUGAM/THIRIKADUGAM ORIGIANAL/470.jpg,JPEG,3996,600,RGB,1329078,949f6dc4f9298109a1b0c2753f3314ac73dcf7f61707e4383cb66d98e7c62105,PAGE_OR_FOLIO,ORIGINAL_COLOR_GRAYSCALE,False,NONE,False,NONE,False,False,NONE,Research Use / Non-Commercial,THPLMD Kaggle / Open Repository,NONE,IMAGE_ONLY,False,False,Palm-leaf manuscript image without aligned transcription in archive.
THPLMD_Thirikadugam,THIRIKADUGAM.zip,471.jpg,THPLMD_Thirikadugam_471,data/processed/staging/thplmd/thirikadugam/THIRIKADUGAM/THIRIKADUGAM ORIGIANAL/471.jpg,JPEG,3996,600,RGB,1156917,c5371dc25fcfcefc1dc8efa97dd8951fa71b874b1f4352cd0b2bf341bd37d899,PAGE_OR_FOLIO,ORIGINAL_COLOR_GRAYSCALE,False,NONE,False,NONE,False,False,NONE,Research Use / Non-Commercial,THPLMD Kaggle / Open Repository,NONE,IMAGE_ONLY,False,False,Palm-leaf manuscript image without aligned transcription in archive.
THPLMD_Thirikadugam,THIRIKADUGAM.zip,472.jpg,THPLMD_Thirikadugam_472,data/processed/staging/thplmd/thirikadugam/THIRIKADUGAM/THIRIKADUGAM ORIGIANAL/472.jpg,JPEG,3996,600,RGB,1599171,206b886845370a781ffb63dbe88baabf2e2f2bab8ab918de540fadfd8b333169,PAGE_OR_FOLIO,ORIGINAL_COLOR_GRAYSCALE,False,NONE,False,NONE,False,False,NONE,Research Use / Non-Commercial,THPLMD Kaggle / Open Repository,NONE,IMAGE_ONLY,False,False,Palm-leaf manuscript image without aligned transcription in archive.
THPLMD_Thirikadugam,THIRIKADUGAM.zip,473.jpg,THPLMD_Thirikadugam_473,data/processed/staging/thplmd/thirikadugam/THIRIKADUGAM/THIRIKADUGAM ORIGIANAL/473.jpg,JPEG,3996,600,RGB,1564638,a13b9c943c82f9bb72046083bc197941cefe023255d9cd63595abd0f65c5cd66,PAGE_OR_FOLIO,ORIGINAL_COLOR_GRAYSCALE,False,NONE,False,NONE,False,False,NONE,Research Use / Non-Commercial,THPLMD Kaggle / Open Repository,NONE,IMAGE_ONLY,False,False,Palm-leaf manuscript image without aligned transcription in archive.
THPLMD_Thirikadugam,THIRIKADUGAM.zip,474.jpg,THPLMD_Thirikadugam_474,data/processed/staging/thplmd/thirikadugam/THIRIKADUGAM/THIRIKADUGAM ORIGIANAL/474.jpg,JPEG,3996,600,RGB,1334688,8a4f62e3ca91092c93e56542444c5385344db9e86cf4047312b5f250864c1ccb,PAGE_OR_FOLIO,ORIGINAL_COLOR_GRAYSCALE,False,NONE,False,NONE,False,False,NONE,Research Use / Non-Commercial,THPLMD Kaggle / Open Repository,NONE,IMAGE_ONLY,False,False,Palm-leaf manuscript image without aligned transcription in archive.
THPLMD_Tholkappiyam,THOLKAPPIYAM BINARIZED - (2).zip,351.jpg,THPLMD_Tholkappiyam_351,data/processed/staging/thplmd/tholkappiyam/THOLKAPPIYAM BINARIZED - (2)/351.jpg,JPEG,3996,600,RGB,877072,487686f139e2d9a44deb9d69b4c15ee9f1a445c67174553b908cc65fe8013501,PAGE_OR_FOLIO,BINARIZED,False,NONE,False,NONE,False,False,NONE,Research Use / Non-Commercial,THPLMD Kaggle / Open Repository,NONE,IMAGE_ONLY,False,False,Palm-leaf manuscript image without aligned transcription in archive.
THPLMD_Tholkappiyam,THOLKAPPIYAM BINARIZED - (2).zip,352.jpg,THPLMD_Tholkappiyam_352,data/processed/staging/thplmd/tholkappiyam/THOLKAPPIYAM BINARIZED - (2)/352.jpg,JPEG,3996,600,RGB,795512,c9695bf6fe186a1cb29abd3e3a2c742847cba0028b6f120b6a7bdf6f1b140d6d,PAGE_OR_FOLIO,BINARIZED,False,NONE,False,NONE,False,False,NONE,Research Use / Non-Commercial,THPLMD Kaggle / Open Repository,NONE,IMAGE_ONLY,False,False,Palm-leaf manuscript image without aligned transcription in archive.
THPLMD_Tholkappiyam,THOLKAPPIYAM BINARIZED - (2).zip,353.jpg,THPLMD_Tholkappiyam_353,data/processed/staging/thplmd/tholkappiyam/THOLKAPPIYAM BINARIZED - (2)/353.jpg,JPEG,3996,600,RGB,830080,e30d6ef988c8f416b41a2cffcb1ad88fcf53207380f9ed26d6989a7fa6d6638d,PAGE_OR_FOLIO,BINARIZED,False,NONE,False,NONE,False,False,NONE,Research Use / Non-Commercial,THPLMD Kaggle / Open Repository,NONE,IMAGE_ONLY,False,False,Palm-leaf manuscript image without aligned transcription in archive.
THPLMD_Tholkappiyam,THOLKAPPIYAM BINARIZED - (2).zip,354.jpg,THPLMD_Tholkappiyam_354,data/processed/staging/thplmd/tholkappiyam/THOLKAPPIYAM BINARIZED - (2)/354.jpg,JPEG,3996,600,RGB,852159,936035b137b1bbb973b81e111c31625958c7d623769269bed1b2adbf17c2c38f,PAGE_OR_FOLIO,BINARIZED,False,NONE,False,NONE,False,False,NONE,Research Use / Non-Commercial,THPLMD Kaggle / Open Repository,NONE,IMAGE_ONLY,False,False,Palm-leaf manuscript image without aligned transcription in archive.
THPLMD_Tholkappiyam,THOLKAPPIYAM BINARIZED - (2).zip,355.jpg,THPLMD_Tholkappiyam_355,data/processed/staging/thplmd/tholkappiyam/THOLKAPPIYAM BINARIZED - (2)/355.jpg,JPEG,3996,600,RGB,823914,1ce0f36897d6c208d6f02d905d4a6a88937cf9b8d7a7c19a65948e331bc125e8,PAGE_OR_FOLIO,BINARIZED,False,NONE,False,NONE,False,False,NONE,Research Use / Non-Commercial,THPLMD Kaggle / Open Repository,NONE,IMAGE_ONLY,False,False,Palm-leaf manuscript image without aligned transcription in archive.
THPLMD_Tholkappiyam,THOLKAPPIYAM BINARIZED - (2).zip,357.jpg,THPLMD_Tholkappiyam_357,data/processed/staging/thplmd/tholkappiyam/THOLKAPPIYAM BINARIZED - (2)/357.jpg,JPEG,3996,600,RGB,789832,361fa76771b04e3d75c7014da1aef77271b730baecbd297ab8f1b81739b2b5b5,PAGE_OR_FOLIO,BINARIZED,False,NONE,False,NONE,False,False,NONE,Research Use / Non-Commercial,THPLMD Kaggle / Open Repository,NONE,IMAGE_ONLY,False,False,Palm-leaf manuscript image without aligned transcription in archive.
THPLMD_Tholkappiyam,THOLKAPPIYAM BINARIZED - (2).zip,358.jpg,THPLMD_Tholkappiyam_358,data/processed/staging/thplmd/tholkappiyam/THOLKAPPIYAM BINARIZED - (2)/358.jpg,JPEG,3996,600,RGB,811870,2aaf17f567f244b4df4533ab63a0865c4ac0d41bb7fc05344b3f280d8146e53e,PAGE_OR_FOLIO,BINARIZED,False,NONE,False,NONE,False,False,NONE,Research Use / Non-Commercial,THPLMD Kaggle / Open Repository,NONE,IMAGE_ONLY,False,False,Palm-leaf manuscript image without aligned transcription in archive.
THPLMD_Tholkappiyam,THOLKAPPIYAM BINARIZED - (2).zip,359.jpg,THPLMD_Tholkappiyam_359,data/processed/staging/thplmd/tholkappiyam/THOLKAPPIYAM BINARIZED - (2)/359.jpg,JPEG,3996,600,RGB,799625,ccfab31f48067c674a32a7a4f42a7ca4a6cdf9d8a0af44ef365435f056813c0f,PAGE_OR_FOLIO,BINARIZED,False,NONE,False,NONE,False,False,NONE,Research Use / Non-Commercial,THPLMD Kaggle / Open Repository,NONE,IMAGE_ONLY,False,False,Palm-leaf manuscript image without aligned transcription in archive.
THPLMD_Tholkappiyam,THOLKAPPIYAM BINARIZED - (2).zip,361.jpg,THPLMD_Tholkappiyam_361,data/processed/staging/thplmd/tholkappiyam/THOLKAPPIYAM BINARIZED - (2)/361.jpg,JPEG,3996,600,RGB,862576,ea8c3b540b3d53a2619aef89ee53fabd515e81cda59c360b9c691bf452f35601,PAGE_OR_FOLIO,BINARIZED,False,NONE,False,NONE,False,False,NONE,Research Use / Non-Commercial,THPLMD Kaggle / Open Repository,NONE,IMAGE_ONLY,False,False,Palm-leaf manuscript image without aligned transcription in archive.
THPLMD_Tholkappiyam,THOLKAPPIYAM BINARIZED - (2).zip,362.jpg,THPLMD_Tholkappiyam_362,data/processed/staging/thplmd/tholkappiyam/THOLKAPPIYAM BINARIZED - (2)/362.jpg,JPEG,3996,600,RGB,840173,8952e632eae8dd8c6d15204573ca129d3727b9659c322a4e6a93d28966a97219,PAGE_OR_FOLIO,BINARIZED,False,NONE,False,NONE,False,False,NONE,Research Use / Non-Commercial,THPLMD Kaggle / Open Repository,NONE,IMAGE_ONLY,False,False,Palm-leaf manuscript image without aligned transcription in archive.
THPLMD_Tholkappiyam,THOLKAPPIYAM BINARIZED - (2).zip,363.jpg,THPLMD_Tholkappiyam_363,data/processed/staging/thplmd/tholkappiyam/THOLKAPPIYAM BINARIZED - (2)/363.jpg,JPEG,3996,600,RGB,853178,cbff7348bc7b13858b75b278fb7b6f8e2bccfa4bbab89dba0e6e01c87bc24be5,PAGE_OR_FOLIO,BINARIZED,False,NONE,False,NONE,False,False,NONE,Research Use / Non-Commercial,THPLMD Kaggle / Open Repository,NONE,IMAGE_ONLY,False,False,Palm-leaf manuscript image without aligned transcription in archive.
THPLMD_Tholkappiyam,THOLKAPPIYAM BINARIZED - (2).zip,364.jpg,THPLMD_Tholkappiyam_364,data/processed/staging/thplmd/tholkappiyam/THOLKAPPIYAM BINARIZED - (2)/364.jpg,JPEG,3996,600,RGB,820499,6a306f2e83651c5279ab93d7a1fb900a9e68984bbfb734edeee637ddf3bb9873,PAGE_OR_FOLIO,BINARIZED,False,NONE,False,NONE,False,False,NONE,Research Use / Non-Commercial,THPLMD Kaggle / Open Repository,NONE,IMAGE_ONLY,False,False,Palm-leaf manuscript image without aligned transcription in archive.
THPLMD_Tholkappiyam,THOLKAPPIYAM BINARIZED - (2).zip,365.jpg,THPLMD_Tholkappiyam_365,data/processed/staging/thplmd/tholkappiyam/THOLKAPPIYAM BINARIZED - (2)/365.jpg,JPEG,3996,600,RGB,863907,dc9af304324acee1fd09cf6f060b265c90bad37581957393f0ae6c246a7741a0,PAGE_OR_FOLIO,BINARIZED,False,NONE,False,NONE,False,False,NONE,Research Use / Non-Commercial,THPLMD Kaggle / Open Repository,NONE,IMAGE_ONLY,False,False,Palm-leaf manuscript image without aligned transcription in archive.
THPLMD_Tholkappiyam,THOLKAPPIYAM BINARIZED - (2).zip,366.jpg,THPLMD_Tholkappiyam_366,data/processed/staging/thplmd/tholkappiyam/THOLKAPPIYAM BINARIZED - (2)/366.jpg,JPEG,3996,600,RGB,786030,5e4ee44ada22d4ab93dfdd00a020ff1f0996dc72ea22f97fe4e45486dab6afeb,PAGE_OR_FOLIO,BINARIZED,False,NONE,False,NONE,False,False,NONE,Research Use / Non-Commercial,THPLMD Kaggle / Open Repository,NONE,IMAGE_ONLY,False,False,Palm-leaf manuscript image without aligned transcription in archive.
THPLMD_Tholkappiyam,THOLKAPPIYAM BINARIZED - (2).zip,367.jpg,THPLMD_Tholkappiyam_367,data/processed/staging/thplmd/tholkappiyam/THOLKAPPIYAM BINARIZED - (2)/367.jpg,JPEG,3996,600,RGB,874980,a8b0dbcdabd0d51657567ef8d76730c3813c9b221ebf22a7ed46f0dff6ce08cc,PAGE_OR_FOLIO,BINARIZED,False,NONE,False,NONE,False,False,NONE,Research Use / Non-Commercial,THPLMD Kaggle / Open Repository,NONE,IMAGE_ONLY,False,False,Palm-leaf manuscript image without aligned transcription in archive.
THPLMD_Tholkappiyam,THOLKAPPIYAM BINARIZED - (2).zip,368.jpg,THPLMD_Tholkappiyam_368,data/processed/staging/thplmd/tholkappiyam/THOLKAPPIYAM BINARIZED - (2)/368.jpg,JPEG,3996,600,RGB,681760,ceb73db2dd3c4d3d9220b4eeaf2f4005ed9fb6e0e215ae7846fc314bdba8c938,PAGE_OR_FOLIO,BINARIZED,False,NONE,False,NONE,False,False,NONE,Research Use / Non-Commercial,THPLMD Kaggle / Open Repository,NONE,IMAGE_ONLY,False,False,Palm-leaf manuscript image without aligned transcription in archive.
THPLMD_Tholkappiyam,THOLKAPPIYAM BINARIZED - (2).zip,370.jpg,THPLMD_Tholkappiyam_370,data/processed/staging/thplmd/tholkappiyam/THOLKAPPIYAM BINARIZED - (2)/370.jpg,JPEG,3996,600,RGB,864822,2f75acf363ad3a0586d92eb402bb39d30f6abe8fcd5165439d5cdb7d109c4d31,PAGE_OR_FOLIO,BINARIZED,False,NONE,False,NONE,False,False,NONE,Research Use / Non-Commercial,THPLMD Kaggle / Open Repository,NONE,IMAGE_ONLY,False,False,Palm-leaf manuscript image without aligned transcription in archive.
THPLMD_Tholkappiyam,THOLKAPPIYAM BINARIZED - (2).zip,372.jpg,THPLMD_Tholkappiyam_372,data/processed/staging/thplmd/tholkappiyam/THOLKAPPIYAM BINARIZED - (2)/372.jpg,JPEG,3996,600,RGB,771123,7ed0867b070c033ee27280379b4947f61be5f4e9b20ecb4c706950603a2aa9f2,PAGE_OR_FOLIO,BINARIZED,False,NONE,False,NONE,False,False,NONE,Research Use / Non-Commercial,THPLMD Kaggle / Open Repository,NONE,IMAGE_ONLY,False,False,Palm-leaf manuscript image without aligned transcription in archive.
THPLMD_Tholkappiyam,THOLKAPPIYAM BINARIZED - (2).zip,373.jpg,THPLMD_Tholkappiyam_373,data/processed/staging/thplmd/tholkappiyam/THOLKAPPIYAM BINARIZED - (2)/373.jpg,JPEG,3996,600,RGB,620840,036cbd32a6def2504339c33a6a92019d21072255e17f1b1a3cbfeb4b844cb4ef,PAGE_OR_FOLIO,BINARIZED,False,NONE,False,NONE,False,False,NONE,Research Use / Non-Commercial,THPLMD Kaggle / Open Repository,NONE,IMAGE_ONLY,False,False,Palm-leaf manuscript image without aligned transcription in archive.
THPLMD_Tholkappiyam,THOLKAPPIYAM BINARIZED - (2).zip,374.jpg,THPLMD_Tholkappiyam_374,data/processed/staging/thplmd/tholkappiyam/THOLKAPPIYAM BINARIZED - (2)/374.jpg,JPEG,3996,600,RGB,784880,b00e48b6a2d12242b0d06e11b959661dbfa081c60952f664bc027140345b598b,PAGE_OR_FOLIO,BINARIZED,False,NONE,False,NONE,False,False,NONE,Research Use / Non-Commercial,THPLMD Kaggle / Open Repository,NONE,IMAGE_ONLY,False,False,Palm-leaf manuscript image without aligned transcription in archive.
THPLMD_Tholkappiyam,THOLKAPPIYAM BINARIZED - (2).zip,376.jpg,THPLMD_Tholkappiyam_376,data/processed/staging/thplmd/tholkappiyam/THOLKAPPIYAM BINARIZED - (2)/376.jpg,JPEG,3996,600,RGB,873214,d0913bdf1c9c00b14275c1100344e0f3d73b3be67fbe815d8e9bbb2944619619,PAGE_OR_FOLIO,BINARIZED,False,NONE,False,NONE,False,False,NONE,Research Use / Non-Commercial,THPLMD Kaggle / Open Repository,NONE,IMAGE_ONLY,False,False,Palm-leaf manuscript image without aligned transcription in archive.
THPLMD_Tholkappiyam,THOLKAPPIYAM BINARIZED - (2).zip,378.jpg,THPLMD_Tholkappiyam_378,data/processed/staging/thplmd/tholkappiyam/THOLKAPPIYAM BINARIZED - (2)/378.jpg,JPEG,3996,600,RGB,874418,2f39c11ac90b03bc296681152c163978e29bc43f2120af1aae27cc73515dc36e,PAGE_OR_FOLIO,BINARIZED,False,NONE,False,NONE,False,False,NONE,Research Use / Non-Commercial,THPLMD Kaggle / Open Repository,NONE,IMAGE_ONLY,False,False,Palm-leaf manuscript image without aligned transcription in archive.
THPLMD_Tholkappiyam,THOLKAPPIYAM BINARIZED - (2).zip,380.jpg,THPLMD_Tholkappiyam_380,data/processed/staging/thplmd/tholkappiyam/THOLKAPPIYAM BINARIZED - (2)/380.jpg,JPEG,3996,600,RGB,827594,f948d6019c783e4043429a0c66312a11460d59a91351ad4f0e024625297e2149,PAGE_OR_FOLIO,BINARIZED,False,NONE,False,NONE,False,False,NONE,Research Use / Non-Commercial,THPLMD Kaggle / Open Repository,NONE,IMAGE_ONLY,False,False,Palm-leaf manuscript image without aligned transcription in archive.
THPLMD_Tholkappiyam,THOLKAPPIYAM BINARIZED - (2).zip,381.jpg,THPLMD_Tholkappiyam_381,data/processed/staging/thplmd/tholkappiyam/THOLKAPPIYAM BINARIZED - (2)/381.jpg,JPEG,3996,600,RGB,652769,98185c3e93691a107d88b038afe72a361473ad67469d7b0c71cb08d8c673e2bd,PAGE_OR_FOLIO,BINARIZED,False,NONE,False,NONE,False,False,NONE,Research Use / Non-Commercial,THPLMD Kaggle / Open Repository,NONE,IMAGE_ONLY,False,False,Palm-leaf manuscript image without aligned transcription in archive.
THPLMD_Tholkappiyam,THOLKAPPIYAM BINARIZED - (2).zip,382.jpg,THPLMD_Tholkappiyam_382,data/processed/staging/thplmd/tholkappiyam/THOLKAPPIYAM BINARIZED - (2)/382.jpg,JPEG,3996,600,RGB,857324,1e8c28464719fd8db4aaaff982c96bee398198c33bc030607ea9052d133860dd,PAGE_OR_FOLIO,BINARIZED,False,NONE,False,NONE,False,False,NONE,Research Use / Non-Commercial,THPLMD Kaggle / Open Repository,NONE,IMAGE_ONLY,False,False,Palm-leaf manuscript image without aligned transcription in archive.
THPLMD_Tholkappiyam,THOLKAPPIYAM BINARIZED - (2).zip,384.jpg,THPLMD_Tholkappiyam_384,data/processed/staging/thplmd/tholkappiyam/THOLKAPPIYAM BINARIZED - (2)/384.jpg,JPEG,3996,600,RGB,824113,bef218532c61bfc3c79e2df942d3e8c9ef10ef3b43787bea4b27666e20bd49f4,PAGE_OR_FOLIO,BINARIZED,False,NONE,False,NONE,False,False,NONE,Research Use / Non-Commercial,THPLMD Kaggle / Open Repository,NONE,IMAGE_ONLY,False,False,Palm-leaf manuscript image without aligned transcription in archive.
THPLMD_Tholkappiyam,THOLKAPPIYAM BINARIZED - (2).zip,385.jpg,THPLMD_Tholkappiyam_385,data/processed/staging/thplmd/tholkappiyam/THOLKAPPIYAM BINARIZED - (2)/385.jpg,JPEG,3996,600,RGB,841743,9cec0415bfbd47b4bde9e54407d2d12d9780adb0a79651f694730eb1a5fcc533,PAGE_OR_FOLIO,BINARIZED,False,NONE,False,NONE,False,False,NONE,Research Use / Non-Commercial,THPLMD Kaggle / Open Repository,NONE,IMAGE_ONLY,False,False,Palm-leaf manuscript image without aligned transcription in archive.
THPLMD_Tholkappiyam,THOLKAPPIYAM BINARIZED - (2).zip,388.jpg,THPLMD_Tholkappiyam_388,data/processed/staging/thplmd/tholkappiyam/THOLKAPPIYAM BINARIZED - (2)/388.jpg,JPEG,3996,600,RGB,771081,f8b93fc40eddf7af7b9e5e34ba9b356f9724f621a7f5490ea01e6ac3aedcedb5,PAGE_OR_FOLIO,BINARIZED,False,NONE,False,NONE,False,False,NONE,Research Use / Non-Commercial,THPLMD Kaggle / Open Repository,NONE,IMAGE_ONLY,False,False,Palm-leaf manuscript image without aligned transcription in archive.
THPLMD_Tholkappiyam,THOLKAPPIYAM BINARIZED - (2).zip,390.jpg,THPLMD_Tholkappiyam_390,data/processed/staging/thplmd/tholkappiyam/THOLKAPPIYAM BINARIZED - (2)/390.jpg,JPEG,3996,600,RGB,865200,3f05935117949ab33b36fd3c4ad6e76d70a49a104b89a59c819221480925db09,PAGE_OR_FOLIO,BINARIZED,False,NONE,False,NONE,False,False,NONE,Research Use / Non-Commercial,THPLMD Kaggle / Open Repository,NONE,IMAGE_ONLY,False,False,Palm-leaf manuscript image without aligned transcription in archive.
THPLMD_Tholkappiyam,THOLKAPPIYAM BINARIZED - (2).zip,391.jpg,THPLMD_Tholkappiyam_391,data/processed/staging/thplmd/tholkappiyam/THOLKAPPIYAM BINARIZED - (2)/391.jpg,JPEG,3996,600,RGB,820031,21962aba3858a8e87069b1a226f06bdc85fcfefd9eefc4a097d43fc9fd1f65d4,PAGE_OR_FOLIO,BINARIZED,False,NONE,False,NONE,False,False,NONE,Research Use / Non-Commercial,THPLMD Kaggle / Open Repository,NONE,IMAGE_ONLY,False,False,Palm-leaf manuscript image without aligned transcription in archive.
THPLMD_Tholkappiyam,THOLKAPPIYAM BINARIZED - (2).zip,392.jpg,THPLMD_Tholkappiyam_392,data/processed/staging/thplmd/tholkappiyam/THOLKAPPIYAM BINARIZED - (2)/392.jpg,JPEG,3996,600,RGB,790961,d80d339e1b7df164febf68b5a0af73c02c7811a5cbc5d0757eee1ce74e042663,PAGE_OR_FOLIO,BINARIZED,False,NONE,False,NONE,False,False,NONE,Research Use / Non-Commercial,THPLMD Kaggle / Open Repository,NONE,IMAGE_ONLY,False,False,Palm-leaf manuscript image without aligned transcription in archive.
THPLMD_Tholkappiyam,THOLKAPPIYAM BINARIZED - (2).zip,393.jpg,THPLMD_Tholkappiyam_393,data/processed/staging/thplmd/tholkappiyam/THOLKAPPIYAM BINARIZED - (2)/393.jpg,JPEG,3996,600,RGB,841285,c42acf2e74007896f2fb8093584c4596cf5283063f73a32bb100db24d497e9e9,PAGE_OR_FOLIO,BINARIZED,False,NONE,False,NONE,False,False,NONE,Research Use / Non-Commercial,THPLMD Kaggle / Open Repository,NONE,IMAGE_ONLY,False,False,Palm-leaf manuscript image without aligned transcription in archive.
THPLMD_Tholkappiyam,THOLKAPPIYAM BINARIZED - (2).zip,396.jpg,THPLMD_Tholkappiyam_396,data/processed/staging/thplmd/tholkappiyam/THOLKAPPIYAM BINARIZED - (2)/396.jpg,JPEG,3996,600,RGB,748227,12c955df79929e445b8894f81c1170df3cd915e69217bff030538c6461eae884,PAGE_OR_FOLIO,BINARIZED,False,NONE,False,NONE,False,False,NONE,Research Use / Non-Commercial,THPLMD Kaggle / Open Repository,NONE,IMAGE_ONLY,False,False,Palm-leaf manuscript image without aligned transcription in archive.
THPLMD_Tholkappiyam,THOLKAPPIYAM BINARIZED - (2).zip,397.jpg,THPLMD_Tholkappiyam_397,data/processed/staging/thplmd/tholkappiyam/THOLKAPPIYAM BINARIZED - (2)/397.jpg,JPEG,3996,600,RGB,644946,bd5780e5936247c74a72a91472ddda602fc9c9310c66f26cbeb9c00d715c703b,PAGE_OR_FOLIO,BINARIZED,False,NONE,False,NONE,False,False,NONE,Research Use / Non-Commercial,THPLMD Kaggle / Open Repository,NONE,IMAGE_ONLY,False,False,Palm-leaf manuscript image without aligned transcription in archive.
THPLMD_Tholkappiyam,THOLKAPPIYAM BINARIZED - (2).zip,398.jpg,THPLMD_Tholkappiyam_398,data/processed/staging/thplmd/tholkappiyam/THOLKAPPIYAM BINARIZED - (2)/398.jpg,JPEG,3996,600,RGB,774575,43ad19723c5686ff9c6a7936247808ae72aa99c76457cd3b6465936ef0aa23c0,PAGE_OR_FOLIO,BINARIZED,False,NONE,False,NONE,False,False,NONE,Research Use / Non-Commercial,THPLMD Kaggle / Open Repository,NONE,IMAGE_ONLY,False,False,Palm-leaf manuscript image without aligned transcription in archive.
THPLMD_Tholkappiyam,THOLKAPPIYAM BINARIZED - (2).zip,399.jpg,THPLMD_Tholkappiyam_399,data/processed/staging/thplmd/tholkappiyam/THOLKAPPIYAM BINARIZED - (2)/399.jpg,JPEG,3996,600,RGB,807930,c1ac051ab4d3f2111ae5062f5b2662afece314b1b6e611260aea2738c80fd743,PAGE_OR_FOLIO,BINARIZED,False,NONE,False,NONE,False,False,NONE,Research Use / Non-Commercial,THPLMD Kaggle / Open Repository,NONE,IMAGE_ONLY,False,False,Palm-leaf manuscript image without aligned transcription in archive.
THPLMD_Tholkappiyam,THOLKAPPIYAM BINARIZED - (2).zip,402.jpg,THPLMD_Tholkappiyam_402,data/processed/staging/thplmd/tholkappiyam/THOLKAPPIYAM BINARIZED - (2)/402.jpg,JPEG,3996,600,RGB,672961,a33047fb0426bc04c15aace4a167c7496e8d30a3a85cf025851e36511c1f03c8,PAGE_OR_FOLIO,BINARIZED,False,NONE,False,NONE,False,False,NONE,Research Use / Non-Commercial,THPLMD Kaggle / Open Repository,NONE,IMAGE_ONLY,False,False,Palm-leaf manuscript image without aligned transcription in archive.
THPLMD_Tholkappiyam,THOLKAPPIYAM BINARIZED - (2).zip,403.jpg,THPLMD_Tholkappiyam_403,data/processed/staging/thplmd/tholkappiyam/THOLKAPPIYAM BINARIZED - (2)/403.jpg,JPEG,3996,600,RGB,748931,198bc8f63293faffc1e72242b570ca56d03f402514f3304825d02b717d0a97be,PAGE_OR_FOLIO,BINARIZED,False,NONE,False,NONE,False,False,NONE,Research Use / Non-Commercial,THPLMD Kaggle / Open Repository,NONE,IMAGE_ONLY,False,False,Palm-leaf manuscript image without aligned transcription in archive.
THPLMD_Tholkappiyam,THOLKAPPIYAM BINARIZED - (2).zip,404.jpg,THPLMD_Tholkappiyam_404,data/processed/staging/thplmd/tholkappiyam/THOLKAPPIYAM BINARIZED - (2)/404.jpg,JPEG,3996,600,RGB,742469,f3c2767de5df9a9727dda4eb196dfb35f8d9015627241a02d1232cf989d66a2f,PAGE_OR_FOLIO,BINARIZED,False,NONE,False,NONE,False,False,NONE,Research Use / Non-Commercial,THPLMD Kaggle / Open Repository,NONE,IMAGE_ONLY,False,False,Palm-leaf manuscript image without aligned transcription in archive.
THPLMD_Tholkappiyam,THOLKAPPIYAM BINARIZED - (2).zip,405.jpg,THPLMD_Tholkappiyam_405,data/processed/staging/thplmd/tholkappiyam/THOLKAPPIYAM BINARIZED - (2)/405.jpg,JPEG,3996,600,RGB,752344,bde84353a7face52e1d44cc30fe3367d14066e5c0a4744501a31e9446f7c726e,PAGE_OR_FOLIO,BINARIZED,False,NONE,False,NONE,False,False,NONE,Research Use / Non-Commercial,THPLMD Kaggle / Open Repository,NONE,IMAGE_ONLY,False,False,Palm-leaf manuscript image without aligned transcription in archive.
THPLMD_Tholkappiyam,THOLKAPPIYAM BINARIZED - (2).zip,406.jpg,THPLMD_Tholkappiyam_406,data/processed/staging/thplmd/tholkappiyam/THOLKAPPIYAM BINARIZED - (2)/406.jpg,JPEG,3996,600,RGB,888917,f595288807318e0299fcc5e92d3f71983e2c22c5491d59ed486527bac81af937,PAGE_OR_FOLIO,BINARIZED,False,NONE,False,NONE,False,False,NONE,Research Use / Non-Commercial,THPLMD Kaggle / Open Repository,NONE,IMAGE_ONLY,False,False,Palm-leaf manuscript image without aligned transcription in archive.
THPLMD_Tholkappiyam,THOLKAPPIYAM BINARIZED - (2).zip,407.jpg,THPLMD_Tholkappiyam_407,data/processed/staging/thplmd/tholkappiyam/THOLKAPPIYAM BINARIZED - (2)/407.jpg,JPEG,3996,600,RGB,899024,71eb4afebfdc126e187898ed15fa8483bfcbec6ffe483c9d6f143282c62549b6,PAGE_OR_FOLIO,BINARIZED,False,NONE,False,NONE,False,False,NONE,Research Use / Non-Commercial,THPLMD Kaggle / Open Repository,NONE,IMAGE_ONLY,False,False,Palm-leaf manuscript image without aligned transcription in archive.
THPLMD_Tholkappiyam,THOLKAPPIYAM BINARIZED - (2).zip,410.jpg,THPLMD_Tholkappiyam_410,data/processed/staging/thplmd/tholkappiyam/THOLKAPPIYAM BINARIZED - (2)/410.jpg,JPEG,3996,600,RGB,878416,039cb1285ed390805e26358ac500c3a6e868824a03b087c0ac1f08b490edf147,PAGE_OR_FOLIO,BINARIZED,False,NONE,False,NONE,False,False,NONE,Research Use / Non-Commercial,THPLMD Kaggle / Open Repository,NONE,IMAGE_ONLY,False,False,Palm-leaf manuscript image without aligned transcription in archive.
THPLMD_Tholkappiyam,THOLKAPPIYAM BINARIZED - (2).zip,411.jpg,THPLMD_Tholkappiyam_411,data/processed/staging/thplmd/tholkappiyam/THOLKAPPIYAM BINARIZED - (2)/411.jpg,JPEG,3996,600,RGB,799401,f155f727494f3f9d66853337906f9033935ece05694f48ab51df948d8b2254a7,PAGE_OR_FOLIO,BINARIZED,False,NONE,False,NONE,False,False,NONE,Research Use / Non-Commercial,THPLMD Kaggle / Open Repository,NONE,IMAGE_ONLY,False,False,Palm-leaf manuscript image without aligned transcription in archive.
THPLMD_Tholkappiyam,THOLKAPPIYAM BINARIZED - (2).zip,412.jpg,THPLMD_Tholkappiyam_412,data/processed/staging/thplmd/tholkappiyam/THOLKAPPIYAM BINARIZED - (2)/412.jpg,JPEG,3996,600,RGB,834300,ffb08cfa82ab5b6c0ebcd3c1133d48d1d5cba7390c5d8f5b7c7d40bc6568372d,PAGE_OR_FOLIO,BINARIZED,False,NONE,False,NONE,False,False,NONE,Research Use / Non-Commercial,THPLMD Kaggle / Open Repository,NONE,IMAGE_ONLY,False,False,Palm-leaf manuscript image without aligned transcription in archive.
THPLMD_Tholkappiyam,THOLKAPPIYAM BINARIZED - (2).zip,413.jpg,THPLMD_Tholkappiyam_413,data/processed/staging/thplmd/tholkappiyam/THOLKAPPIYAM BINARIZED - (2)/413.jpg,JPEG,3996,600,RGB,799701,d4cb011a50f17781c8e93e59992fd067393fc8ebb5e58913aa6655c27ef3b73d,PAGE_OR_FOLIO,BINARIZED,False,NONE,False,NONE,False,False,NONE,Research Use / Non-Commercial,THPLMD Kaggle / Open Repository,NONE,IMAGE_ONLY,False,False,Palm-leaf manuscript image without aligned transcription in archive.
THPLMD_Tholkappiyam,THOLKAPPIYAM BINARIZED - (2).zip,414.jpg,THPLMD_Tholkappiyam_414,data/processed/staging/thplmd/tholkappiyam/THOLKAPPIYAM BINARIZED - (2)/414.jpg,JPEG,3996,600,RGB,835080,8def357b2276952e27a08b75634420ca0ab745302372294f8b070c02969f5c44,PAGE_OR_FOLIO,BINARIZED,False,NONE,False,NONE,False,False,NONE,Research Use / Non-Commercial,THPLMD Kaggle / Open Repository,NONE,IMAGE_ONLY,False,False,Palm-leaf manuscript image without aligned transcription in archive.
THPLMD_Tholkappiyam,THOLKAPPIYAM BINARIZED - (2).zip,418.jpg,THPLMD_Tholkappiyam_418,data/processed/staging/thplmd/tholkappiyam/THOLKAPPIYAM BINARIZED - (2)/418.jpg,JPEG,3996,600,RGB,842676,db23825c16f6b01c9c696610b53099beb32cbb0a91cba0c2f922628d5d0d8f7e,PAGE_OR_FOLIO,BINARIZED,False,NONE,False,NONE,False,False,NONE,Research Use / Non-Commercial,THPLMD Kaggle / Open Repository,NONE,IMAGE_ONLY,False,False,Palm-leaf manuscript image without aligned transcription in archive.
THPLMD_Tholkappiyam,THOLKAPPIYAM BINARIZED - (2).zip,419.jpg,THPLMD_Tholkappiyam_419,data/processed/staging/thplmd/tholkappiyam/THOLKAPPIYAM BINARIZED - (2)/419.jpg,JPEG,3996,600,RGB,787270,6213c7185b2dcfbbad37ab866cd8242ec17266295fc853dfdc997a08ea5c7d11,PAGE_OR_FOLIO,BINARIZED,False,NONE,False,NONE,False,False,NONE,Research Use / Non-Commercial,THPLMD Kaggle / Open Repository,NONE,IMAGE_ONLY,False,False,Palm-leaf manuscript image without aligned transcription in archive.
THPLMD_Tholkappiyam,THOLKAPPIYAM BINARIZED - (2).zip,420.jpg,THPLMD_Tholkappiyam_420,data/processed/staging/thplmd/tholkappiyam/THOLKAPPIYAM BINARIZED - (2)/420.jpg,JPEG,3996,600,RGB,807077,4705dd39604495b0999dd608e7143915f98393ec25fad005d7d3e1c567652b90,PAGE_OR_FOLIO,BINARIZED,False,NONE,False,NONE,False,False,NONE,Research Use / Non-Commercial,THPLMD Kaggle / Open Repository,NONE,IMAGE_ONLY,False,False,Palm-leaf manuscript image without aligned transcription in archive.
THPLMD_Tholkappiyam,THOLKAPPIYAM BINARIZED - (2).zip,421.jpg,THPLMD_Tholkappiyam_421,data/processed/staging/thplmd/tholkappiyam/THOLKAPPIYAM BINARIZED - (2)/421.jpg,JPEG,3996,600,RGB,806498,348b706e6374694b1227cddd87a80804ea6865e487c1e91f9b2a5d67a89cdce0,PAGE_OR_FOLIO,BINARIZED,False,NONE,False,NONE,False,False,NONE,Research Use / Non-Commercial,THPLMD Kaggle / Open Repository,NONE,IMAGE_ONLY,False,False,Palm-leaf manuscript image without aligned transcription in archive.
THPLMD_Tholkappiyam,THOLKAPPIYAM BINARIZED - (2).zip,422.jpg,THPLMD_Tholkappiyam_422,data/processed/staging/thplmd/tholkappiyam/THOLKAPPIYAM BINARIZED - (2)/422.jpg,JPEG,3996,600,RGB,870584,63d940ff664a948ef6cdb5a26ceadaefbd86a94f9483b3690aadb5403d03adaf,PAGE_OR_FOLIO,BINARIZED,False,NONE,False,NONE,False,False,NONE,Research Use / Non-Commercial,THPLMD Kaggle / Open Repository,NONE,IMAGE_ONLY,False,False,Palm-leaf manuscript image without aligned transcription in archive.
THPLMD_Tholkappiyam,THOLKAPPIYAM BINARIZED - (2).zip,425.jpg,THPLMD_Tholkappiyam_425,data/processed/staging/thplmd/tholkappiyam/THOLKAPPIYAM BINARIZED - (2)/425.jpg,JPEG,3996,600,RGB,865310,f829b4efc2aba12d8443f86dce0f56331fd34cbd681e10a0e595fe6036372cc7,PAGE_OR_FOLIO,BINARIZED,False,NONE,False,NONE,False,False,NONE,Research Use / Non-Commercial,THPLMD Kaggle / Open Repository,NONE,IMAGE_ONLY,False,False,Palm-leaf manuscript image without aligned transcription in archive.
THPLMD_Tholkappiyam,THOLKAPPIYAM BINARIZED - (2).zip,426.jpg,THPLMD_Tholkappiyam_426,data/processed/staging/thplmd/tholkappiyam/THOLKAPPIYAM BINARIZED - (2)/426.jpg,JPEG,3996,600,RGB,849995,d1fab083ece69cf469f79ca384f7f5ef7baea87a9ac49a59b1b28b95ea9bbdd3,PAGE_OR_FOLIO,BINARIZED,False,NONE,False,NONE,False,False,NONE,Research Use / Non-Commercial,THPLMD Kaggle / Open Repository,NONE,IMAGE_ONLY,False,False,Palm-leaf manuscript image without aligned transcription in archive.
THPLMD_Tholkappiyam,THOLKAPPIYAM BINARIZED - (2).zip,427.jpg,THPLMD_Tholkappiyam_427,data/processed/staging/thplmd/tholkappiyam/THOLKAPPIYAM BINARIZED - (2)/427.jpg,JPEG,3996,600,RGB,884961,53c56a770ba2036cd5a9a60500f2153c8fbfac6c3fb584c99b32f2b7ef4c041d,PAGE_OR_FOLIO,BINARIZED,False,NONE,False,NONE,False,False,NONE,Research Use / Non-Commercial,THPLMD Kaggle / Open Repository,NONE,IMAGE_ONLY,False,False,Palm-leaf manuscript image without aligned transcription in archive.
THPLMD_Tholkappiyam,THOLKAPPIYAM BINARIZED - (2).zip,428.jpg,THPLMD_Tholkappiyam_428,data/processed/staging/thplmd/tholkappiyam/THOLKAPPIYAM BINARIZED - (2)/428.jpg,JPEG,3996,600,RGB,884124,34e276570f9b6cb1cf006279db1b542a34c62059d9d71c00f79a6c3485c8b0bb,PAGE_OR_FOLIO,BINARIZED,False,NONE,False,NONE,False,False,NONE,Research Use / Non-Commercial,THPLMD Kaggle / Open Repository,NONE,IMAGE_ONLY,False,False,Palm-leaf manuscript image without aligned transcription in archive.
THPLMD_Tholkappiyam,THOLKAPPIYAM BINARIZED - (2).zip,429.jpg,THPLMD_Tholkappiyam_429,data/processed/staging/thplmd/tholkappiyam/THOLKAPPIYAM BINARIZED - (2)/429.jpg,JPEG,3996,600,RGB,881900,1634834a4645ce9c1242cece7bc1fbc162ca75d762c8f1a37dfea102fa1d81de,PAGE_OR_FOLIO,BINARIZED,False,NONE,False,NONE,False,False,NONE,Research Use / Non-Commercial,THPLMD Kaggle / Open Repository,NONE,IMAGE_ONLY,False,False,Palm-leaf manuscript image without aligned transcription in archive.
THPLMD_Tholkappiyam,THOLKAPPIYAM BINARIZED - (2).zip,430.jpg,THPLMD_Tholkappiyam_430,data/processed/staging/thplmd/tholkappiyam/THOLKAPPIYAM BINARIZED - (2)/430.jpg,JPEG,3996,600,RGB,810946,f35770642765f57ad7b7acbfe90708879321369e761a9f2f3b1707dc07998bec,PAGE_OR_FOLIO,BINARIZED,False,NONE,False,NONE,False,False,NONE,Research Use / Non-Commercial,THPLMD Kaggle / Open Repository,NONE,IMAGE_ONLY,False,False,Palm-leaf manuscript image without aligned transcription in archive.
THPLMD_Tholkappiyam,THOLKAPPIYAM BINARIZED - (2).zip,431.jpg,THPLMD_Tholkappiyam_431,data/processed/staging/thplmd/tholkappiyam/THOLKAPPIYAM BINARIZED - (2)/431.jpg,JPEG,3996,600,RGB,760599,c67a4656abf0869dd4c9db0f20efaec6c1bfe5bb388a03674f53b4cb54c18bb0,PAGE_OR_FOLIO,BINARIZED,False,NONE,False,NONE,False,False,NONE,Research Use / Non-Commercial,THPLMD Kaggle / Open Repository,NONE,IMAGE_ONLY,False,False,Palm-leaf manuscript image without aligned transcription in archive.
THPLMD_Tholkappiyam,THOLKAPPIYAM BINARIZED - (2).zip,432.jpg,THPLMD_Tholkappiyam_432,data/processed/staging/thplmd/tholkappiyam/THOLKAPPIYAM BINARIZED - (2)/432.jpg,JPEG,3996,600,RGB,700774,9942c1edde39db6d837784ee05de490e9281b915962b350d85935b16f6b5d72e,PAGE_OR_FOLIO,BINARIZED,False,NONE,False,NONE,False,False,NONE,Research Use / Non-Commercial,THPLMD Kaggle / Open Repository,NONE,IMAGE_ONLY,False,False,Palm-leaf manuscript image without aligned transcription in archive.
THPLMD_Tholkappiyam,THOLKAPPIYAM BINARIZED - (2).zip,433.jpg,THPLMD_Tholkappiyam_433,data/processed/staging/thplmd/tholkappiyam/THOLKAPPIYAM BINARIZED - (2)/433.jpg,JPEG,3996,600,RGB,698117,b4a5228a914e3638faefaf1b46b3f9e19df936e56d0b70364f40ba7a1714fd2a,PAGE_OR_FOLIO,BINARIZED,False,NONE,False,NONE,False,False,NONE,Research Use / Non-Commercial,THPLMD Kaggle / Open Repository,NONE,IMAGE_ONLY,False,False,Palm-leaf manuscript image without aligned transcription in archive.
THPLMD_Tholkappiyam,THOLKAPPIYAM BINARIZED - (2).zip,434.jpg,THPLMD_Tholkappiyam_434,data/processed/staging/thplmd/tholkappiyam/THOLKAPPIYAM BINARIZED - (2)/434.jpg,JPEG,3996,600,RGB,740500,d0df7618a7337a5854acf2cd41f3ccf4f53ed0642399ef69a2c31de700aac0e8,PAGE_OR_FOLIO,BINARIZED,False,NONE,False,NONE,False,False,NONE,Research Use / Non-Commercial,THPLMD Kaggle / Open Repository,NONE,IMAGE_ONLY,False,False,Palm-leaf manuscript image without aligned transcription in archive.
THPLMD_Tholkappiyam,THOLKAPPIYAM BINARIZED - (2).zip,436.jpg,THPLMD_Tholkappiyam_436,data/processed/staging/thplmd/tholkappiyam/THOLKAPPIYAM BINARIZED - (2)/436.jpg,JPEG,3996,600,RGB,773688,5e5a7f1401cc198e07d39517f6aaddda57f8bfbd517aacc2f22e6cc0d8e8d2b8,PAGE_OR_FOLIO,BINARIZED,False,NONE,False,NONE,False,False,NONE,Research Use / Non-Commercial,THPLMD Kaggle / Open Repository,NONE,IMAGE_ONLY,False,False,Palm-leaf manuscript image without aligned transcription in archive.
THPLMD_Tholkappiyam,THOLKAPPIYAM BINARIZED - (2).zip,437.jpg,THPLMD_Tholkappiyam_437,data/processed/staging/thplmd/tholkappiyam/THOLKAPPIYAM BINARIZED - (2)/437.jpg,JPEG,3996,600,RGB,802992,f0dd349769d0bb8599a0c6cb2aa828852cab7705d9ac951102ee64dc24dd76db,PAGE_OR_FOLIO,BINARIZED,False,NONE,False,NONE,False,False,NONE,Research Use / Non-Commercial,THPLMD Kaggle / Open Repository,NONE,IMAGE_ONLY,False,False,Palm-leaf manuscript image without aligned transcription in archive.
THPLMD_Tholkappiyam,THOLKAPPIYAM BINARIZED - (2).zip,438.jpg,THPLMD_Tholkappiyam_438,data/processed/staging/thplmd/tholkappiyam/THOLKAPPIYAM BINARIZED - (2)/438.jpg,JPEG,3996,600,RGB,706399,e7f2b496545fa1a1c3d7d1bd246edca9eaa149b47dc2efb1a0c9c9e053fc95a2,PAGE_OR_FOLIO,BINARIZED,False,NONE,False,NONE,False,False,NONE,Research Use / Non-Commercial,THPLMD Kaggle / Open Repository,NONE,IMAGE_ONLY,False,False,Palm-leaf manuscript image without aligned transcription in archive.
THPLMD_Tholkappiyam,THOLKAPPIYAM BINARIZED - (2).zip,439.jpg,THPLMD_Tholkappiyam_439,data/processed/staging/thplmd/tholkappiyam/THOLKAPPIYAM BINARIZED - (2)/439.jpg,JPEG,3996,600,RGB,838756,a531133f6f66e8d7c188175bccff4f6a200c7c86cd395c7f71751e05ce52feb2,PAGE_OR_FOLIO,BINARIZED,False,NONE,False,NONE,False,False,NONE,Research Use / Non-Commercial,THPLMD Kaggle / Open Repository,NONE,IMAGE_ONLY,False,False,Palm-leaf manuscript image without aligned transcription in archive.
THPLMD_Tholkappiyam,THOLKAPPIYAM BINARIZED - (2).zip,440.jpg,THPLMD_Tholkappiyam_440,data/processed/staging/thplmd/tholkappiyam/THOLKAPPIYAM BINARIZED - (2)/440.jpg,JPEG,3996,600,RGB,808622,7b7aff65d5d22c3023848c32074d1959ca49a69a6573ca7d2ed62565b46806f0,PAGE_OR_FOLIO,BINARIZED,False,NONE,False,NONE,False,False,NONE,Research Use / Non-Commercial,THPLMD Kaggle / Open Repository,NONE,IMAGE_ONLY,False,False,Palm-leaf manuscript image without aligned transcription in archive.
THPLMD_Tholkappiyam,THOLKAPPIYAM BINARIZED - (2).zip,441.jpg,THPLMD_Tholkappiyam_441,data/processed/staging/thplmd/tholkappiyam/THOLKAPPIYAM BINARIZED - (2)/441.jpg,JPEG,3996,600,RGB,728407,f32d577b441a85414b6bc9e60f852e8137f135b5b9627fdb6e89a475a3a05266,PAGE_OR_FOLIO,BINARIZED,False,NONE,False,NONE,False,False,NONE,Research Use / Non-Commercial,THPLMD Kaggle / Open Repository,NONE,IMAGE_ONLY,False,False,Palm-leaf manuscript image without aligned transcription in archive.
THPLMD_Tholkappiyam,THOLKAPPIYAM BINARIZED - (2).zip,442.jpg,THPLMD_Tholkappiyam_442,data/processed/staging/thplmd/tholkappiyam/THOLKAPPIYAM BINARIZED - (2)/442.jpg,JPEG,3996,600,RGB,826736,0f7ef92fb051a7fa9cd6053f3b4058a832db2931a82cc95fb74dc5246937eee9,PAGE_OR_FOLIO,BINARIZED,False,NONE,False,NONE,False,False,NONE,Research Use / Non-Commercial,THPLMD Kaggle / Open Repository,NONE,IMAGE_ONLY,False,False,Palm-leaf manuscript image without aligned transcription in archive.
THPLMD_Tholkappiyam,THOLKAPPIYAM BINARIZED - (2).zip,444.jpg,THPLMD_Tholkappiyam_444,data/processed/staging/thplmd/tholkappiyam/THOLKAPPIYAM BINARIZED - (2)/444.jpg,JPEG,3996,600,RGB,767547,6b4d6dbbceb41c6ac7256320c611af0c85255efcecad202b7b8a015abffbd8c2,PAGE_OR_FOLIO,BINARIZED,False,NONE,False,NONE,False,False,NONE,Research Use / Non-Commercial,THPLMD Kaggle / Open Repository,NONE,IMAGE_ONLY,False,False,Palm-leaf manuscript image without aligned transcription in archive.
THPLMD_Tholkappiyam,THOLKAPPIYAM BINARIZED - (2).zip,445.jpg,THPLMD_Tholkappiyam_445,data/processed/staging/thplmd/tholkappiyam/THOLKAPPIYAM BINARIZED - (2)/445.jpg,JPEG,3996,600,RGB,770544,68dbf957a4dc4101fb8902d6df6c63536bc70097dbc61eb9cdc59d3e60be3582,PAGE_OR_FOLIO,BINARIZED,False,NONE,False,NONE,False,False,NONE,Research Use / Non-Commercial,THPLMD Kaggle / Open Repository,NONE,IMAGE_ONLY,False,False,Palm-leaf manuscript image without aligned transcription in archive.
THPLMD_Tholkappiyam,THOLKAPPIYAM BINARIZED - (2).zip,446.jpg,THPLMD_Tholkappiyam_446,data/processed/staging/thplmd/tholkappiyam/THOLKAPPIYAM BINARIZED - (2)/446.jpg,JPEG,3996,600,RGB,719477,526fb34205033d98fc3d0be12d4de628ba87d93c1bc086ea33d4699bf7e5594c,PAGE_OR_FOLIO,BINARIZED,False,NONE,False,NONE,False,False,NONE,Research Use / Non-Commercial,THPLMD Kaggle / Open Repository,NONE,IMAGE_ONLY,False,False,Palm-leaf manuscript image without aligned transcription in archive.
THPLMD_Tholkappiyam,THOLKAPPIYAM BINARIZED - (2).zip,448.jpg,THPLMD_Tholkappiyam_448,data/processed/staging/thplmd/tholkappiyam/THOLKAPPIYAM BINARIZED - (2)/448.jpg,JPEG,3996,600,RGB,619620,11545a5d019a801b3c3e5d382dbe2eb7bfa16d28aebfd5f14fa99624badf0a37,PAGE_OR_FOLIO,BINARIZED,False,NONE,False,NONE,False,False,NONE,Research Use / Non-Commercial,THPLMD Kaggle / Open Repository,NONE,IMAGE_ONLY,False,False,Palm-leaf manuscript image without aligned transcription in archive.
THPLMD_Tholkappiyam,THOLKAPPIYAM BINARIZED - (2).zip,449.jpg,THPLMD_Tholkappiyam_449,data/processed/staging/thplmd/tholkappiyam/THOLKAPPIYAM BINARIZED - (2)/449.jpg,JPEG,3996,600,RGB,828501,c7270df87d0c361a4af8053f441bf6ad049e375dfb4f2d078a7cbb4e15400c95,PAGE_OR_FOLIO,BINARIZED,False,NONE,False,NONE,False,False,NONE,Research Use / Non-Commercial,THPLMD Kaggle / Open Repository,NONE,IMAGE_ONLY,False,False,Palm-leaf manuscript image without aligned transcription in archive.
THPLMD_Tholkappiyam,THOLKAPPIYAM BINARIZED - (2).zip,451.jpg,THPLMD_Tholkappiyam_451,data/processed/staging/thplmd/tholkappiyam/THOLKAPPIYAM BINARIZED - (2)/451.jpg,JPEG,3996,600,RGB,797478,a365773087f2b1d699485f188866e61e1bca55eb84932951fed6626adf8970ad,PAGE_OR_FOLIO,BINARIZED,False,NONE,False,NONE,False,False,NONE,Research Use / Non-Commercial,THPLMD Kaggle / Open Repository,NONE,IMAGE_ONLY,False,False,Palm-leaf manuscript image without aligned transcription in archive.
THPLMD_Tholkappiyam,THOLKAPPIYAM BINARIZED - (2).zip,452.jpg,THPLMD_Tholkappiyam_452,data/processed/staging/thplmd/tholkappiyam/THOLKAPPIYAM BINARIZED - (2)/452.jpg,JPEG,3996,600,RGB,764211,43b39b309c3adc51e562524b61076d2e1fb01ef4b7c72273aafa2a8f388262f2,PAGE_OR_FOLIO,BINARIZED,False,NONE,False,NONE,False,False,NONE,Research Use / Non-Commercial,THPLMD Kaggle / Open Repository,NONE,IMAGE_ONLY,False,False,Palm-leaf manuscript image without aligned transcription in archive.
THPLMD_Tholkappiyam,THOLKAPPIYAM BINARIZED - (2).zip,453.jpg,THPLMD_Tholkappiyam_453,data/processed/staging/thplmd/tholkappiyam/THOLKAPPIYAM BINARIZED - (2)/453.jpg,JPEG,3996,600,RGB,732327,0c3ef5f4bd436174118fbbfd849fc4a4e349cc9a1cceb19dc1e81d419dcbca3c,PAGE_OR_FOLIO,BINARIZED,False,NONE,False,NONE,False,False,NONE,Research Use / Non-Commercial,THPLMD Kaggle / Open Repository,NONE,IMAGE_ONLY,False,False,Palm-leaf manuscript image without aligned transcription in archive.
THPLMD_Tholkappiyam,THOLKAPPIYAM BINARIZED - (2).zip,455.jpg,THPLMD_Tholkappiyam_455,data/processed/staging/thplmd/tholkappiyam/THOLKAPPIYAM BINARIZED - (2)/455.jpg,JPEG,3996,600,RGB,776510,1835dbcbd21cedcf323e6e0c727a33a00197873b84395e97b8f28f0358428d43,PAGE_OR_FOLIO,BINARIZED,False,NONE,False,NONE,False,False,NONE,Research Use / Non-Commercial,THPLMD Kaggle / Open Repository,NONE,IMAGE_ONLY,False,False,Palm-leaf manuscript image without aligned transcription in archive.
THPLMD_Tholkappiyam,THOLKAPPIYAM BINARIZED - (2).zip,456.jpg,THPLMD_Tholkappiyam_456,data/processed/staging/thplmd/tholkappiyam/THOLKAPPIYAM BINARIZED - (2)/456.jpg,JPEG,3996,600,RGB,749350,5852959ed2eacd933747fc024deb5b6cd8b56bddf8221824c3999ec8451fc83b,PAGE_OR_FOLIO,BINARIZED,False,NONE,False,NONE,False,False,NONE,Research Use / Non-Commercial,THPLMD Kaggle / Open Repository,NONE,IMAGE_ONLY,False,False,Palm-leaf manuscript image without aligned transcription in archive.
THPLMD_Tholkappiyam,THOLKAPPIYAM BINARIZED - (2).zip,458.jpg,THPLMD_Tholkappiyam_458,data/processed/staging/thplmd/tholkappiyam/THOLKAPPIYAM BINARIZED - (2)/458.jpg,JPEG,3996,600,RGB,825919,b11c1ab4a6e6f8f1e920e2bfdd2695f1b9bb180fc129414571f39488c1c8b70b,PAGE_OR_FOLIO,BINARIZED,False,NONE,False,NONE,False,False,NONE,Research Use / Non-Commercial,THPLMD Kaggle / Open Repository,NONE,IMAGE_ONLY,False,False,Palm-leaf manuscript image without aligned transcription in archive.
THPLMD_Tholkappiyam,THOLKAPPIYAM BINARIZED - (2).zip,459.jpg,THPLMD_Tholkappiyam_459,data/processed/staging/thplmd/tholkappiyam/THOLKAPPIYAM BINARIZED - (2)/459.jpg,JPEG,3996,600,RGB,821670,5113e5c1406990082150ef0c0f9702478a29abe83c9461149cc4bba1ccae29a9,PAGE_OR_FOLIO,BINARIZED,False,NONE,False,NONE,False,False,NONE,Research Use / Non-Commercial,THPLMD Kaggle / Open Repository,NONE,IMAGE_ONLY,False,False,Palm-leaf manuscript image without aligned transcription in archive.
CICT_Tirukkural,CICT-PLM-GT-133,CICT-PLM-GT-133.jpg,CICT_PLM_GT_133,data/raw/cict/CICT-PLM-GT-133.jpg,JPEG,2762,459,RGB,165278,b563cbb70809d97f356d9a3971e6716c9789c5510de1b4a0d8baf4ce8ca58980,PAGE_OR_FOLIO_WITH_10_LINES,ORIGINAL_COLOR_GRAYSCALE,True,LINE_LEVEL_AND_MARGINALIA,True,CICT-PLM-GT-133.xml,True,True,PAGE_XML_2019_AND_JSON,CC BY 4.0,https://doi.org/10.5281/zenodo.21337086,NONE,IMAGE_AND_PAGE_XML,True,True,Tirukkural Chapter 133 (couplets 1321-1330). 10 aligned body lines + 3 marginalia lines.
