dataset,source_id,line_id,ground_truth,first_pass_text,first_pass_confidence,cer_condition_a,wer_condition_a,second_pass_triggered,candidate_preprocessing,candidate_texts,candidate_confidences,selected_text,selection_reason,cer_condition_b,wer_condition_b,corrected_text,correction_changes,cer_condition_c,wer_condition_c,review_required,latency_ms,image_path
Synthetic Validation (N=35),SAMPLE_0000,LINE_000,பிறவாழி நீந்தல் அரிது,பிறவாழி நந்தல் அரிது,0.821871557533741,0.0476,0.3333,True,pipeline_a_clahe | pipeline_c_illum_clahe | raw | pipeline_d_sauvola_deskew,பிறவாழி நந்தல் அரிது | பிறவாழி நந்தல் அரிது | பிறவாழி நந்தல் அரிது | ஆமவாழி நந்சல் அரிச,0.8843 | 0.8221 | 0.8219 | 0.6786,பிறவாழி நந்தல் அரிது,SECOND_PASS_SELECTED_PIPELINE_A_CLAHE,0.0476,0.3333,பிறவாழி நந்தல் அரிது,[],0.0476,0.3333,False,914.75,data/synthetic/degraded/SYNTH_VAL_00151_degraded.png
Synthetic Validation (N=35),SAMPLE_0001,LINE_001,பிறவாழி நீந்தல் அரிது,பிறவாழி நந்தல் அரித்,0.8208826740086078,0.0952,0.6667,True,pipeline_c_illum_clahe | pipeline_a_clahe | raw | pipeline_d_sauvola_deskew,பிறவாழி நந்தல் அரித | பிறவாழி நந்தல் அரித | பிறவாழி நந்தல் அரித் | பறவாழி நந்தல் அரித,0.9256 | 0.8281 | 0.8209 | 0.8000,பிறவாழி நந்தல் அரித,SECOND_PASS_SELECTED_PIPELINE_C_ILLUM_CLAHE,0.0952,0.6667,பிறவாழி நந்தல் அரித,[],0.0952,0.6667,False,257.26,data/synthetic/degraded/SYNTH_VAL_00152_degraded.png
Synthetic Validation (N=35),SAMPLE_0002,LINE_002,பிறவாழி நீந்தல் அரிது,பிறவாழி நந்தல் எரிது,0.745824509859085,0.0952,0.6667,True,pipeline_a_clahe | pipeline_c_illum_clahe | raw | pipeline_d_sauvola_deskew,பிறவாழிநந்தல அரித | பிறவாழி நந்தல் எரித | பிறவாழி நந்தல் எரிது | ஐுவாழ ர்ர,0.7927 | 0.7475 | 0.7458 | 0.4483,பிறவாழிநந்தல அரித,SECOND_PASS_SELECTED_PIPELINE_A_CLAHE,0.1905,1.0,பிறவாழிநந்தல அரித,[],0.1905,1.0,False,241.08,data/synthetic/degraded/SYNTH_VAL_00153_degraded.png
Synthetic Validation (N=35),SAMPLE_0003,LINE_003,வறுமை பிணிப்ப வழிகேட்டுக் கொண்டு,வற்மை பிணிப்ப வழிகேட்டுக் கொணடு,0.8048915882264414,0.0625,0.5,True,pipeline_c_illum_clahe | raw | pipeline_a_clahe | pipeline_d_sauvola_deskew,வற்மை பிணிப்ப வழிகேட்டுக் கோணட | வற்மை பிணிப்ப வழிகேட்டுக் கொணடு | வற்மை பிணிப்ப வழிகேட்டுக் கோணடு | ஐுதிமபம பிய ேடடு ம தொ,0.8105 | 0.8049 | 0.7949 | 0.4760,வற்மை பிணிப்ப வழிகேட்டுக் கோணட,SECOND_PASS_SELECTED_PIPELINE_C_ILLUM_CLAHE_AMBIGUOUS_CANDIDATES,0.125,0.5,வற்மை பிணிப்ப வழிகேட்டுக் கோணட,[],0.125,0.5,True,271.24,data/synthetic/degraded/SYNTH_VAL_00154_degraded.png
Synthetic Validation (N=35),SAMPLE_0004,LINE_004,பிறவாழி நீந்தல் அரிது,பிறவாழி் நீற்தல் அரிது,0.7632442024621096,0.0952,0.6667,True,raw | pipeline_c_illum_clahe | pipeline_a_clahe | pipeline_d_sauvola_deskew,பிறவாழி் நீற்தல் அரிது | பிறவாழி் நறற்தல் அரிது | பிறவாழி நீற்தல் அரிது | பிரயுுிர,0.7632 | 0.7565 | 0.7341 | 0.4284,பிறவாழி் நீற்தல் அரிது,FIRST_PASS_RETAINED_AS_BEST_CANDIDATE_AMBIGUOUS_CANDIDATES,0.0952,0.6667,பிறவாழி் நீற்தல் அரிது,[],0.0952,0.6667,True,201.4,data/synthetic/degraded/SYNTH_VAL_00155_degraded.png
Synthetic Validation (N=35),SAMPLE_0005,LINE_005,பிறவாழி நீந்தல் அரிது,பிறவாழி நீந்தல் அரித,0.8097601866722106,0.0476,0.3333,True,pipeline_d_sauvola_deskew | pipeline_a_clahe | raw | pipeline_c_illum_clahe,பிறவாழிநந்தல் அரிது | பிறவாழி நீந்தல் அரித | பிறவாழி நீந்தல் அரித | பிறவாழி நீந்தல் அரிது,0.8210 | 0.8180 | 0.8098 | 0.7879,பிறவாழிநந்தல் அரிது,SECOND_PASS_SELECTED_PIPELINE_D_SAUVOLA_DESKEW_AMBIGUOUS_CANDIDATES,0.0952,0.6667,பிறவாழிநந்தல் அரிது,[],0.0952,0.6667,True,135.52,data/synthetic/degraded/SYNTH_VAL_00156_degraded.png
Synthetic Validation (N=35),SAMPLE_0006,LINE_006,வறுமை பிணிப்ப வழிகேட்டுக் கொண்டு,வறமனபிணிப்ப வழிகேட்டுக் கொன்டு,0.7989806946118672,0.125,0.75,True,pipeline_d_sauvola_deskew | pipeline_c_illum_clahe | pipeline_a_clahe | raw,வறமன பிணிபப வழிகேட்டுக கொணடு | வறமை பிணிப்ப வழிகேட்டுக கொன்டு | வறமை பிணிப்ப வழிகேட்டுக கொன்டு | வறமனபிணிப்ப வழிகேட்டுக் கொன்டு,0.8241 | 0.8173 | 0.8114 | 0.7990,வறமன பிணிபப வழிகேட்டுக கொணடு,SECOND_PASS_SELECTED_PIPELINE_D_SAUVOLA_DESKEW_AMBIGUOUS_CANDIDATES,0.1562,1.0,வறமன பிணிபப வழிகேட்டுக கொணடு,[],0.1562,1.0,True,228.54,data/synthetic/degraded/SYNTH_VAL_00157_degraded.png
Synthetic Validation (N=35),SAMPLE_0007,LINE_007,அறுசுவை உண்டி அமர்ந்தில்லாள் ஊட்ட,அறுகுவை உண்டி அமுர்ந்தில்லாள் அட்ட,0.7026420982444987,0.0909,0.75,True,pipeline_c_illum_clahe | pipeline_a_clahe | pipeline_d_sauvola_deskew | raw,அறுகுவை உண்பி அமுர்ந்தில்லாள் ட்ட | அறுகுவை உண்டி அமுர்ந்தில்லாள் அட்ட | அறுசவை டணடி அமுரநதிலலாள சடட | அறுகுவை உண்டி அமுர்ந்தில்லாள் அட்ட,0.8580 | 0.7747 | 0.7140 | 0.7026,அறுகுவை உண்பி அமுர்ந்தில்லாள் ட்ட,SECOND_PASS_SELECTED_PIPELINE_C_ILLUM_CLAHE,0.1212,1.0,அறுகுவை உண்பி அமுர்ந்தில்லாள் ட்ட,[],0.1212,1.0,False,273.02,data/synthetic/degraded/SYNTH_VAL_00158_degraded.png
Synthetic Validation (N=35),SAMPLE_0008,LINE_008,அறவாழி அந்தணன் தாள்சேர்ந்தார்க் கல்லால்,அறவாழ் அந்தணன் தாள்சேர்ந்தார்த் தல்லால்,0.85485172806642,0.0769,0.75,False,raw,அறவாழ் அந்தணன் தாள்சேர்ந்தார்த் தல்லால்,0.8549,அறவாழ் அந்தணன் தாள்சேர்ந்தார்த் தல்லால்,FIRST_PASS_CONFIDENCE_ABOVE_THRESHOLD,0.0769,0.75,அறவாழ் அந்தணன் தாள்சேர்ந்தார்த் தல்லால்,[],0.0769,0.75,False,70.83,data/synthetic/degraded/SYNTH_VAL_00159_degraded.png
Synthetic Validation (N=35),SAMPLE_0009,LINE_009,மறுசிகை நீட்டிய மன்னரும் பின்னை,மறுசிகை நீட்டிய மன்னரும் பின்னை,0.8366379932049781,0.0,0.0,True,pipeline_c_illum_clahe | pipeline_d_sauvola_deskew | raw | pipeline_a_clahe,மறுசிகை நீட்டிய மன்னரும் பின்னை | மறுசிகை நீட டிய மன்னரும் பின்னை | மறுசிகை நீட்டிய மன்னரும் பின்னை | மறுசிகை நீட்டிய மன்னரும் பின்னை,0.9202 | 0.8833 | 0.8366 | 0.8345,மறுசிகை நீட்டிய மன்னரும் பின்னை,SECOND_PASS_SELECTED_PIPELINE_C_ILLUM_CLAHE,0.0,0.0,மறுசிகை நீட்டிய மன்னரும் பின்னை,[],0.0,0.0,False,167.61,data/synthetic/degraded/SYNTH_VAL_00160_degraded.png
Synthetic Validation (N=35),SAMPLE_0010,LINE_010,வறுமை பிணிப்ப வழிகேட்டுக் கொண்டு,இறமை பிணிப்ப வழிகேட்டுக கொணடு்,0.7422774411241213,0.1562,0.75,True,raw | pipeline_a_clahe | pipeline_c_illum_clahe | pipeline_d_sauvola_deskew,இறமை பிணிப்ப வழிகேட்டுக கொணடு் | வறமை பிணிப்ப வழிகேட்டுக கொணடு் | வறமை பிணிப்ப வழிகேட்டுக கொணடு் | ஐ,0.7423 | 0.7163 | 0.7038 | 0.4211,இறமை பிணிப்ப வழிகேட்டுக கொணடு்,FIRST_PASS_RETAINED_AS_BEST_CANDIDATE,0.1562,0.75,இறமை பிணிப்ப வழிகேட்டுக கொணடு்,[],0.1562,0.75,False,218.39,data/synthetic/degraded/SYNTH_VAL_00161_degraded.png
Synthetic Validation (N=35),SAMPLE_0011,LINE_011,பிறவாழி நீந்தல் அரிது,பிறவாழி நீந்தல் அரித,0.8595981562137603,0.0476,0.3333,False,raw,பிறவாழி நீந்தல் அரித,0.8596,பிறவாழி நீந்தல் அரித,FIRST_PASS_CONFIDENCE_ABOVE_THRESHOLD,0.0476,0.3333,பிறவாழி நீந்தல் அரித,[],0.0476,0.3333,False,131.74,data/synthetic/degraded/SYNTH_VAL_00162_degraded.png
Synthetic Validation (N=35),SAMPLE_0012,LINE_012,அறுசுவை உண்டி அமர்ந்தில்லாள் ஊட்ட,அறுகுவை உண்டி அமர்ந்தில்லாள் அட்ட,0.7998157855236169,0.0606,0.5,True,raw | pipeline_a_clahe | pipeline_c_illum_clahe | pipeline_d_sauvola_deskew,அறுகுவை உண்டி அமர்ந்தில்லாள் அட்ட | அறுகுவை உண்டி அமர்ந்தில்லாள் அட்ட | அறுகுவை உண்டி அமர்ந்தில்லாள் அட்ட | அறுசுவை உண்டி அமர்ந்தில்லாள் அட்ட,0.7998 | 0.7869 | 0.7750 | 0.7651,அறுகுவை உண்டி அமர்ந்தில்லாள் அட்ட,FIRST_PASS_RETAINED_AS_BEST_CANDIDATE_AMBIGUOUS_CANDIDATES,0.0606,0.5,அறுகுவை உண்டி அமர்ந்தில்லாள் அட்ட,[],0.0606,0.5,True,199.24,data/synthetic/degraded/SYNTH_VAL_00163_degraded.png
Synthetic Validation (N=35),SAMPLE_0013,LINE_013,சிறுமையும் உற்றாங்கு உண்பர்,எ்ணிரராமமு்ரங்து உே்ா்,0.4967393707822669,0.6667,1.0,True,pipeline_a_clahe | pipeline_c_illum_clahe | raw | pipeline_d_sauvola_deskew,உிறிமரராமுறரங்து உ்்் | ஆிறம்ரர ழுகரங்து டேல்ி் | எ்ணிரராமமு்ரங்து உே்ா் | ஐ,0.5505 | 0.5057 | 0.4967 | 0.3038,உிறிமரராமுறரங்து உ்்்,SECOND_PASS_SELECTED_PIPELINE_A_CLAHE,0.5556,1.0,உிறிமரராமுறரங்து உ்,"[{""rule"": ""DEDUPLICATE_COMBINING_MARKS"", ""before"": ""உிறிமரராமுறரங்து உ்்்"", ""after"": ""உிறிமரராமுறரங்து உ்"", ""description"": ""Removed duplicate consecutive combining vowel signs or pullis on the same consonant""}]",0.5926,1.0,False,222.31,data/synthetic/degraded/SYNTH_VAL_00164_degraded.png
Synthetic Validation (N=35),SAMPLE_0014,LINE_014,அறுசுவை உண்டி அமர்ந்தில்லாள் ஊட்ட,அுுவை உ்டி அமர்ந்தில்லாோ் ஆர ட,0.6544883066415786,0.2121,1.25,True,pipeline_c_illum_clahe | raw | pipeline_a_clahe | pipeline_d_sauvola_deskew,அறுுவை உண்டி அமரந்தில்லாள் ணட | அுுவை உ்டி அமர்ந்தில்லாோ் ஆர ட | அமுுவை உண்டி அமரந்தில்லாோ் ஆட் | அுவ மோுமமயபமவ ொ,0.6838 | 0.6545 | 0.6202 | 0.4388,அறுுவை உண்டி அமரந்தில்லாள் ணட,SECOND_PASS_SELECTED_PIPELINE_C_ILLUM_CLAHE,0.1515,0.75,அறுவை உண்டி அமரந்தில்லாள் ணட,"[{""rule"": ""DEDUPLICATE_COMBINING_MARKS"", ""before"": ""அறுுவை உண்டி அமரந்தில்லாள் ணட"", ""after"": ""அறுவை உண்டி அமரந்தில்லாள் ணட"", ""description"": ""Removed duplicate consecutive combining vowel signs or pullis on the same consonant""}]",0.1818,0.75,False,178.49,data/synthetic/degraded/SYNTH_VAL_00165_degraded.png
Synthetic Validation (N=35),SAMPLE_0015,LINE_015,வறுமை பிணிப்ப வழிகேட்டுக் கொண்டு,வறுமைபிணிப்ப வழசிகட்டுது் தொண்டு,0.7683574194088577,0.1875,1.0,True,pipeline_c_illum_clahe | raw | pipeline_a_clahe | pipeline_d_sauvola_deskew,வறுமை பிணிப்ப வழிகட்டுக் தொண்டு | வறுமைபிணிப்ப வழசிகட்டுது் தொண்டு | வறுமை பிணிப்ப வழிகேட்டுக் தொண்டு் | ஐ,0.7990 | 0.7684 | 0.7414 | 0.4378,வறுமை பிணிப்ப வழிகட்டுக் தொண்டு,SECOND_PASS_SELECTED_PIPELINE_C_ILLUM_CLAHE,0.0625,0.5,வறுமை பிணிப்ப வழிகட்டுக் தொண்டு,[],0.0625,0.5,False,210.76,data/synthetic/degraded/SYNTH_VAL_00166_degraded.png
Synthetic Validation (N=35),SAMPLE_0016,LINE_016,சிறுமையும் உற்றாங்கு உண்பர்,அிறமையும் உற்றாங்கு உண்பர்,0.7898536661496529,0.0741,0.3333,True,pipeline_c_illum_clahe | raw | pipeline_a_clahe | pipeline_d_sauvola_deskew,அிறமையும் உற்றாங்கு உண்பர் | அிறமையும் உற்றாங்கு உண்பர் | அிறமையும் உற்றாங்கு உண்பர் | அிறுமையும உறறாஙவ வு உண்பர்,0.7983 | 0.7899 | 0.7787 | 0.7285,அிறமையும் உற்றாங்கு உண்பர்,SECOND_PASS_SELECTED_PIPELINE_C_ILLUM_CLAHE_AMBIGUOUS_CANDIDATES,0.0741,0.3333,அிறமையும் உற்றாங்கு உண்பர்,[],0.0741,0.3333,True,214.47,data/synthetic/degraded/SYNTH_VAL_00167_degraded.png
Synthetic Validation (N=35),SAMPLE_0017,LINE_017,அறுசுவை உண்டி அமர்ந்தில்லாள் ஊட்ட,அறகவை உண்டி அமர்ந்தில்லாள் அட்ட,0.7587664386918468,0.1212,0.5,True,pipeline_d_sauvola_deskew | pipeline_a_clahe | raw | pipeline_c_illum_clahe,அறுுவை உண்டி அமர்ந்தில்லாள் ட்ட | அறசவை உண்டி அமர்ந்தில்லாள் ட்ட | அறகவை உண்டி அமர்ந்தில்லாள் அட்ட | அறசவை உண்டி அமர்ந்தில்லாள் அட்ட,0.8111 | 0.7891 | 0.7588 | 0.7467,அறுுவை உண்டி அமர்ந்தில்லாள் ட்ட,SECOND_PASS_SELECTED_PIPELINE_D_SAUVOLA_DESKEW_AMBIGUOUS_CANDIDATES,0.0606,0.5,அறுவை உண்டி அமர்ந்தில்லாள் ட்ட,"[{""rule"": ""DEDUPLICATE_COMBINING_MARKS"", ""before"": ""அறுுவை உண்டி அமர்ந்தில்லாள் ட்ட"", ""after"": ""அறுவை உண்டி அமர்ந்தில்லாள் ட்ட"", ""description"": ""Removed duplicate consecutive combining vowel signs or pullis on the same consonant""}]",0.0909,0.5,True,180.38,data/synthetic/degraded/SYNTH_VAL_00168_degraded.png
Synthetic Validation (N=35),SAMPLE_0018,LINE_018,வறுமை பிணிப்ப வழிகேட்டுக் கொண்டு,உமன்ப்ணதகலப விரிசத்டுத் தசாச,0.483626326918602,0.6562,1.0,True,raw | pipeline_c_illum_clahe | pipeline_a_clahe | pipeline_d_sauvola_deskew,உமன்ப்ணதகலப விரிசத்டுத் தசாச | உழன் ப ணதமார விரிகவண தடண | உழனபண்ழாப வ சிகேலண் தோணா | ஐ,0.4836 | 0.4674 | 0.4638 | 0.3396,உமன்ப்ணதகலப விரிசத்டுத் தசாச,FIRST_PASS_RETAINED_AS_BEST_CANDIDATE_AMBIGUOUS_CANDIDATES_LOW_CONFIDENCE_BELOW_FLOOR,0.6562,1.0,உமன்ப்ணதகலப விரிசத்டுத் தசாச,[],0.6562,1.0,True,204.41,data/synthetic/degraded/SYNTH_VAL_00169_degraded.png
Synthetic Validation (N=35),SAMPLE_0019,LINE_019,அறவாழி அந்தணன் தாள்சேர்ந்தார்க் கல்லால்,அறவாமி அந்தணன் தாள்சேர்ந்தார்க் கல்லால்,0.8278891482414342,0.0256,0.25,True,pipeline_d_sauvola_deskew | pipeline_c_illum_clahe | raw | pipeline_a_clahe,அறவாழி அந்தணன் தாள்சேர்ந்தார்க் கல்லால் | அறவாமி அந்தணன் தாள்சேர்ந்தார்க் கல்லால் | அறவாமி அந்தணன் தாள்சேர்ந்தார்க் கல்லால் | அறவாமி அந்தணன் தாள்சேர்ந்தார்க் கல்லால்,0.8543 | 0.8508 | 0.8279 | 0.8146,அறவாழி அந்தணன் தாள்சேர்ந்தார்க் கல்லால்,SECOND_PASS_SELECTED_PIPELINE_D_SAUVOLA_DESKEW,0.0,0.0,அறவாழி அந்தணன் தாள்சேர்ந்தார்க் கல்லால்,[],0.0,0.0,False,224.62,data/synthetic/degraded/SYNTH_VAL_00170_degraded.png
Synthetic Validation (N=35),SAMPLE_0020,LINE_020,மறுசிகை நீட்டிய மன்னரும் பின்னை,மறுசிகை நீட்டிய மன்னரும் பின்னை,0.8238611011735855,0.0,0.0,True,pipeline_c_illum_clahe | raw | pipeline_a_clahe | pipeline_d_sauvola_deskew,மறுசிகை நீட்டிய மன்னரும் பின்னை | மறுசிகை நீட்டிய மன்னரும் பின்னை | மறுசிகை நீட்டிய மன்னரும் பின்னை | முயிய ண ோர் ோொளளரும ியை,0.9590 | 0.8239 | 0.7969 | 0.5878,மறுசிகை நீட்டிய மன்னரும் பின்னை,SECOND_PASS_SELECTED_PIPELINE_C_ILLUM_CLAHE,0.0,0.0,மறுசிகை நீட்டிய மன்னரும் பின்னை,[],0.0,0.0,False,235.77,data/synthetic/degraded/SYNTH_VAL_00171_degraded.png
Synthetic Validation (N=35),SAMPLE_0021,LINE_021,சிறுமையும் உற்றாங்கு உண்பர்,திறுறைாும் எ ற்றாங்ு் ணர்,0.6243781315088271,0.3704,1.3333,True,raw | pipeline_a_clahe | pipeline_c_illum_clahe | pipeline_d_sauvola_deskew,திறுறைாும் எ ற்றாங்ு் ணர் | திற்மைாும் எ ற்றாந்ு் ணர் | திறமையும் எ ற்றாந்வு் ணர் | ஐயபொ,0.6244 | 0.6231 | 0.6146 | 0.2880,திறுறைாும் எ ற்றாங்ு் ணர்,FIRST_PASS_RETAINED_AS_BEST_CANDIDATE_AMBIGUOUS_CANDIDATES,0.3704,1.3333,திறுறைாும் எ ற்றாஙு் ணர்,"[{""rule"": ""REMOVE_VIRAMA_BEFORE_VOWEL"", ""before"": ""திறுறைாும் எ ற்றாங்ு் ணர்"", ""after"": ""திறுறைாும் எ ற்றாஙு் ணர்"", ""description"": ""Removed redundant pulli preceding an explicit vowel marker""}]",0.4074,1.3333,True,161.64,data/synthetic/degraded/SYNTH_VAL_00172_degraded.png
Synthetic Validation (N=35),SAMPLE_0022,LINE_022,அறுசுவை உண்டி அமர்ந்தில்லாள் ஊட்ட,அறகுவை எண்டி அமர்ந்தில்லாள் ணட்ட,0.7455843982286751,0.1212,0.75,True,pipeline_c_illum_clahe | pipeline_a_clahe | raw | pipeline_d_sauvola_deskew,அறகுவை எண்டி அமர்ந்தில்லாள் ணட்ட | அறகுவை எண்டி அமர்ந்தில்லாள் ணட்ட | அறகுவை எண்டி அமர்ந்தில்லாள் ணட்ட | அறசவை எணடி அமரநதிலலாள ணடட,0.7907 | 0.7647 | 0.7456 | 0.7160,அறகுவை எண்டி அமர்ந்தில்லாள் ணட்ட,SECOND_PASS_SELECTED_PIPELINE_C_ILLUM_CLAHE,0.1212,0.75,அறகுவை எண்டி அமர்ந்தில்லாள் ணட்ட,[],0.1212,0.75,False,218.18,data/synthetic/degraded/SYNTH_VAL_00173_degraded.png
Synthetic Validation (N=35),SAMPLE_0023,LINE_023,அறவாழி அந்தணன் தாள்சேர்ந்தார்க் கல்லால்,அறவாழி அந்தணன் தாள்சேர்ந்தார்க் கல்லால்,0.8893990027598845,0.0,0.0,False,raw,அறவாழி அந்தணன் தாள்சேர்ந்தார்க் கல்லால்,0.8894,அறவாழி அந்தணன் தாள்சேர்ந்தார்க் கல்லால்,FIRST_PASS_CONFIDENCE_ABOVE_THRESHOLD,0.0,0.0,அறவாழி அந்தணன் தாள்சேர்ந்தார்க் கல்லால்,[],0.0,0.0,False,111.65,data/synthetic/degraded/SYNTH_VAL_00174_degraded.png
Synthetic Validation (N=35),SAMPLE_0024,LINE_024,அறுசுவை உண்டி அமர்ந்தில்லாள் ஊட்ட,அறுதுவை உண்டி அமர்ந்தில்லாள் னட்டு்,0.7464179617166519,0.1212,0.5,True,pipeline_d_sauvola_deskew | pipeline_c_illum_clahe | raw | pipeline_a_clahe,அறுகுவை உண்ப அமர்ந்தில்லாள் ஆட்ட | அறுதுவை உண்டி அமர்ந்தில்லாள் அட்டு | அறுதுவை உண்டி அமர்ந்தில்லாள் னட்டு் | அறுதுவை உண்டி அமர்ந்தில்லாள் னட்டு,0.8016 | 0.7578 | 0.7464 | 0.7395,அறுகுவை உண்ப அமர்ந்தில்லாள் ஆட்ட,SECOND_PASS_SELECTED_PIPELINE_D_SAUVOLA_DESKEW,0.1212,0.75,அறுகுவை உண்ப அமர்ந்தில்லாள் ஆட்ட,[],0.1212,0.75,False,158.58,data/synthetic/degraded/SYNTH_VAL_00175_degraded.png
Synthetic Validation (N=35),SAMPLE_0025,LINE_025,சிறுமையும் உற்றாங்கு உண்பர்,தறுறைழுசச ழலரவ்கணிழ்,0.4657360748946666,0.6667,1.0,True,raw | pipeline_c_illum_clahe | pipeline_a_clahe | pipeline_d_sauvola_deskew,தறுறைழுசச ழலரவ்கணிழ் | அற்றை் ழலட மம்டட கச் | தறுறை்ரலச மல்டர கபழ் | ஐ,0.4657 | 0.4027 | 0.3945 | 0.3772,தறுறைழுசச ழலரவ்கணிழ்,FIRST_PASS_RETAINED_AS_BEST_CANDIDATE_LOW_CONFIDENCE_BELOW_FLOOR,0.6667,1.0,தறுறைழுசச ழலரவ்கணிழ்,[],0.6667,1.0,True,159.25,data/synthetic/degraded/SYNTH_VAL_00176_degraded.png
Synthetic Validation (N=35),SAMPLE_0026,LINE_026,பிறவாழி நீந்தல் அரிது,பிறவாழிநீந்தல் அரித,0.8233975548493234,0.0952,1.0,True,pipeline_d_sauvola_deskew | pipeline_a_clahe | pipeline_c_illum_clahe | raw,பிறவாழிநந்தல் அரித | பிறவாழிநீந்தல் அரித | பிறவாழிநீந்தல் அரித | பிறவாழிநீந்தல் அரித,0.8964 | 0.8240 | 0.8237 | 0.8234,பிறவாழிநந்தல் அரித,SECOND_PASS_SELECTED_PIPELINE_D_SAUVOLA_DESKEW,0.1429,1.0,பிறவாழிநந்தல் அரித,[],0.1429,1.0,False,209.29,data/synthetic/degraded/SYNTH_VAL_00177_degraded.png
Synthetic Validation (N=35),SAMPLE_0027,LINE_027,மறுசிகை நீட்டிய மன்னரும் பின்னை,மறுசிகை நீட்டிய மன்னரும் பின்னை,0.8390288168384181,0.0,0.0,True,pipeline_a_clahe | raw | pipeline_c_illum_clahe | pipeline_d_sauvola_deskew,மறசிகை நீட்டிய மன்னரும் பின்னை | மறுசிகை நீட்டிய மன்னரும் பின்னை | மறசிகை நீட்டிய மன்னரும் பின்னை | மறுசிகை நீட்படிய மன்னரும் பின்னை,0.8519 | 0.8390 | 0.8341 | 0.7702,மறசிகை நீட்டிய மன்னரும் பின்னை,SECOND_PASS_SELECTED_PIPELINE_A_CLAHE,0.0323,0.25,மறசிகை நீட்டிய மன்னரும் பின்னை,[],0.0323,0.25,False,143.59,data/synthetic/degraded/SYNTH_VAL_00178_degraded.png
Synthetic Validation (N=35),SAMPLE_0028,LINE_028,வறுமை பிணிப்ப வழிகேட்டுக் கொண்டு,வறமை பிணிப்ப வழிகேட்டுக் கொண்டு,0.8449166501722027,0.0312,0.25,True,pipeline_c_illum_clahe | raw | pipeline_d_sauvola_deskew | pipeline_a_clahe,வறமை பிணிப்ப வழிகேட்டுக் கொண்டு | வறமை பிணிப்ப வழிகேட்டுக் கொண்டு | வறமை பிணிப்ப வழிகேட்டுக் கொண்ட | வறமை பிணிப்ப வழிகேட்டுக் கொண்டு,0.8817 | 0.8449 | 0.8210 | 0.8068,வறமை பிணிப்ப வழிகேட்டுக் கொண்டு,SECOND_PASS_SELECTED_PIPELINE_C_ILLUM_CLAHE,0.0312,0.25,வறமை பிணிப்ப வழிகேட்டுக் கொண்டு,[],0.0312,0.25,False,207.68,data/synthetic/degraded/SYNTH_VAL_00179_degraded.png
Synthetic Validation (N=35),SAMPLE_0029,LINE_029,சிறுமையும் உற்றாங்கு உண்பர்,திமுமைாம் எற்றாங்கு எண்ர்,0.654322210073471,0.2593,1.0,True,raw | pipeline_a_clahe | pipeline_c_illum_clahe | pipeline_d_sauvola_deskew,திமுமைாம் எற்றாங்கு எண்ர் | உிமுமைும் எழ்றாங்குஎண்பர் | உிமுமையும் எற்றாங்கு எண்பர் | எுகு,0.6543 | 0.6181 | 0.5839 | 0.5113,திமுமைாம் எற்றாங்கு எண்ர்,FIRST_PASS_RETAINED_AS_BEST_CANDIDATE,0.2593,1.0,திமுமைாம் எற்றாங்கு எண்ர்,[],0.2593,1.0,False,318.1,data/synthetic/degraded/SYNTH_VAL_00180_degraded.png
Synthetic Validation (N=35),SAMPLE_0030,LINE_030,பிறவாழி நீந்தல் அரிது,பிறவாழி் நீநற்தல் அரிது்,0.7532987430691719,0.1429,1.0,True,raw | pipeline_c_illum_clahe | pipeline_a_clahe | pipeline_d_sauvola_deskew,பிறவாழி் நீநற்தல் அரிது் | பிறவாழி் நீநற்தல் அரிது் | பிறவாழி் நீநற்தல் அரிது் | பிறலடழி நறதல் அரிது்,0.7533 | 0.7364 | 0.7337 | 0.7026,பிறவாழி் நீநற்தல் அரிது்,FIRST_PASS_RETAINED_AS_BEST_CANDIDATE_AMBIGUOUS_CANDIDATES,0.1429,1.0,பிறவாழி் நீநற்தல் அரிது்,[],0.1429,1.0,True,216.13,data/synthetic/degraded/SYNTH_VAL_00181_degraded.png
Synthetic Validation (N=35),SAMPLE_0031,LINE_031,வறுமை பிணிப்ப வழிகேட்டுக் கொண்டு,வறுமை பிணிப்ப வழிகேட்டுக் கொண்டு,0.8028342867270112,0.0,0.0,True,pipeline_c_illum_clahe | pipeline_a_clahe | raw | pipeline_d_sauvola_deskew,வறுமை பிணிப்ப வழிகேட்டுக் கொண்டு | வறுமை பிணிப்ப வழிகேட்டுக் கொண்டு | வறுமை பிணிப்ப வழிகேட்டுக் கொண்டு | வறுமை பிணிப்ப வழிகேட்டுக் கொண்டு,0.8667 | 0.8076 | 0.8028 | 0.7997,வறுமை பிணிப்ப வழிகேட்டுக் கொண்டு,SECOND_PASS_SELECTED_PIPELINE_C_ILLUM_CLAHE,0.0,0.0,வறுமை பிணிப்ப வழிகேட்டுக் கொண்டு,[],0.0,0.0,False,205.34,data/synthetic/degraded/SYNTH_VAL_00182_degraded.png
Synthetic Validation (N=35),SAMPLE_0032,LINE_032,மறுசிகை நீட்டிய மன்னரும் பின்னை,மறுசிகை நீட்டிய மன்னரும் பின்னை,0.8520131016931225,0.0,0.0,False,raw,மறுசிகை நீட்டிய மன்னரும் பின்னை,0.8520,மறுசிகை நீட்டிய மன்னரும் பின்னை,FIRST_PASS_CONFIDENCE_ABOVE_THRESHOLD,0.0,0.0,மறுசிகை நீட்டிய மன்னரும் பின்னை,[],0.0,0.0,False,70.53,data/synthetic/degraded/SYNTH_VAL_00183_degraded.png
Synthetic Validation (N=35),SAMPLE_0033,LINE_033,அறவாழி அந்தணன் தாள்சேர்ந்தார்க் கல்லால்,அறவாழி அந்தணன் தாள்சேர்ந்தார்க் கல்லால்,0.7962331600678272,0.0,0.0,True,pipeline_d_sauvola_deskew | pipeline_c_illum_clahe | pipeline_a_clahe | raw,அறவாழி அந்தணன் தாள்சேர்ந்தார்க் கல்லால் | அறவாழி அந்தணன் தாள்சேர்ந்தார்க் கல்லால் | அறவாழி அந்தணன் தாள்சேர்ந்தார்க் கல்லால் | அறவாழி அந்தணன் தாள்சேர்ந்தார்க் கல்லால்,0.8430 | 0.8427 | 0.8281 | 0.7962,அறவாழி அந்தணன் தாள்சேர்ந்தார்க் கல்லால்,SECOND_PASS_SELECTED_PIPELINE_D_SAUVOLA_DESKEW_AMBIGUOUS_CANDIDATES,0.0,0.0,அறவாழி அந்தணன் தாள்சேர்ந்தார்க் கல்லால்,[],0.0,0.0,True,159.36,data/synthetic/degraded/SYNTH_VAL_00184_degraded.png
Synthetic Validation (N=35),SAMPLE_0034,LINE_034,அறவாழி அந்தணன் தாள்சேர்ந்தார்க் கல்லால்,அறவாழிஅந்தணன் தாள்சேர்ந்தார்க் கல்லால்,0.9291196172174655,0.0256,0.5,False,raw,அறவாழிஅந்தணன் தாள்சேர்ந்தார்க் கல்லால்,0.9291,அறவாழிஅந்தணன் தாள்சேர்ந்தார்க் கல்லால்,FIRST_PASS_CONFIDENCE_ABOVE_THRESHOLD,0.0256,0.5,அறவாழிஅந்தணன் தாள்சேர்ந்தார்க் கல்லால்,[],0.0256,0.5,False,103.71,data/synthetic/degraded/SYNTH_VAL_00185_degraded.png
Synthetic Test (N=35),SAMPLE_0000,LINE_000,குரைவிடை நின்றார் கொளீஇய – விரைவினோடு,கரைவிடை நீின்றார் கொளஇய் த விரைவினேோடு,0.8268038515981875,0.1622,1.0,True,raw | pipeline_d_sauvola_deskew | pipeline_c_illum_clahe | pipeline_a_clahe,கரைவிடை நீின்றார் கொளஇய் த விரைவினேோடு | கரைவிடை நீின்றார் கொளஇய் ப விரைவினோடு | கரைவிடை நீின்றார் கொளஇய் த விரைவினேோடு | கரைவிடை நீின்றார் கொளஇய் த விரைவினேோடு,0.8268 | 0.7623 | 0.7581 | 0.7351,கரைவிடை நீின்றார் கொளஇய் த விரைவினேோடு,FIRST_PASS_RETAINED_AS_BEST_CANDIDATE,0.1622,1.0,கரைவிடை நீின்றார் கொளஇய் த விரைவினேோடு,[],0.1622,1.0,False,192.45,data/synthetic/degraded/SYNTH_TEST_00186_degraded.png
Synthetic Test (N=35),SAMPLE_0001,LINE_001,யாண்டும் இடும்பை இல,ஐபகாவர ழமோய பனெகவ்,0.35139746922585696,0.9474,1.0,True,pipeline_c_illum_clahe | pipeline_d_sauvola_deskew | pipeline_a_clahe | raw,ஐணடு ர மடய ணஇல | ஐ | ஐபக ர மடய எஇல | ஐபகாவர ழமோய பனெகவ்,0.4209 | 0.4165 | 0.4115 | 0.3514,ஐணடு ர மடய ணஇல,SECOND_PASS_SELECTED_PIPELINE_C_ILLUM_CLAHE_AMBIGUOUS_CANDIDATES_LOW_CONFIDENCE_BELOW_FLOOR,0.6316,1.3333,ஐணடு ர மடய ணஇல,[],0.6316,1.3333,True,121.4,data/synthetic/degraded/SYNTH_TEST_00187_degraded.png
Synthetic Test (N=35),SAMPLE_0002,LINE_002,வேண்டுதல் வேண்டாமை இலானடி சேர்ந்தார்க்கு,வேண்டுதல் வேண்டாமை இலானடி் சேர்ந்தார்க்கு,0.8611725106471921,0.025,0.25,False,raw,வேண்டுதல் வேண்டாமை இலானடி் சேர்ந்தார்க்கு,0.8612,வேண்டுதல் வேண்டாமை இலானடி் சேர்ந்தார்க்கு,FIRST_PASS_CONFIDENCE_ABOVE_THRESHOLD,0.025,0.25,வேண்டுதல் வேண்டாமை இலானடி் சேர்ந்தார்க்கு,[],0.025,0.25,False,112.37,data/synthetic/degraded/SYNTH_TEST_00188_degraded.png
Synthetic Test (N=35),SAMPLE_0003,LINE_003,பிறந்தாராம் என்னா விழுமம்,பிறந்தாராம் என்னா விழுமும்,0.8956053245526093,0.04,0.3333,False,raw,பிறந்தாராம் என்னா விழுமும்,0.8956,பிறந்தாராம் என்னா விழுமும்,FIRST_PASS_CONFIDENCE_ABOVE_THRESHOLD,0.04,0.3333,பிறந்தாராம் என்னா விழுமும்,[],0.04,0.3333,False,89.56,data/synthetic/degraded/SYNTH_TEST_00189_degraded.png
Synthetic Test (N=35),SAMPLE_0004,LINE_004,பிறந்தாராம் என்னா விழுமம்,பிறந்தராம் என்னா விழுமும்,0.8393685910701751,0.08,0.6667,True,raw | pipeline_a_clahe | pipeline_c_illum_clahe | pipeline_d_sauvola_deskew,பிறந்தராம் என்னா விழுமும் | பிறந்தராழ் என்னா விமுமும் | பிறந்தராழ் என்னா விமுமும் | ஐ,0.8394 | 0.8160 | 0.8143 | 0.4619,பிறந்தராம் என்னா விழுமும்,FIRST_PASS_RETAINED_AS_BEST_CANDIDATE_AMBIGUOUS_CANDIDATES,0.08,0.6667,பிறந்தராம் என்னா விழுமும்,[],0.08,0.6667,True,118.53,data/synthetic/degraded/SYNTH_TEST_00190_degraded.png
Synthetic Test (N=35),SAMPLE_0005,LINE_005,பிறந்தாராம் என்னா விழுமம்,பிறந்தாராம் என்னா விழுமும்,0.8198733458152183,0.04,0.3333,True,pipeline_c_illum_clahe | pipeline_a_clahe | raw | pipeline_d_sauvola_deskew,பிறந்தாராம் என்னா விழுமம் | பிறந்தாராம் வன்னா விழுமம் | பிறந்தாராம் என்னா விழுமும் | பிரபதாராம பஎ னா விரய,0.9246 | 0.8647 | 0.8199 | 0.6296,பிறந்தாராம் என்னா விழுமம்,SECOND_PASS_SELECTED_PIPELINE_C_ILLUM_CLAHE,0.0,0.0,பிறந்தாராம் என்னா விழுமம்,[],0.0,0.0,False,188.51,data/synthetic/degraded/SYNTH_TEST_00191_degraded.png
Synthetic Test (N=35),SAMPLE_0006,LINE_006,வேண்டுதல் வேண்டாமை இலானடி சேர்ந்தார்க்கு,வண்டுதல் வேண்டாமை இலானடி சேர்ந்தார்க்கு,0.7969508061042199,0.025,0.25,True,pipeline_a_clahe | raw | pipeline_c_illum_clahe | pipeline_d_sauvola_deskew,வண்டுதல் வேண்டாமை இலானடி சேர்ந்தார்க்கு | வண்டுதல் வேண்டாமை இலானடி சேர்ந்தார்க்கு | வண்டுதல் வேண்டாமை இலானடி சேர்ந்தார்க்கு | ஔண்டுதல் வேண்டாமை இலானடி சேர்ந்தார்க்கு,0.7983 | 0.7970 | 0.7928 | 0.7391,வண்டுதல் வேண்டாமை இலானடி சேர்ந்தார்க்கு,SECOND_PASS_SELECTED_PIPELINE_A_CLAHE_AMBIGUOUS_CANDIDATES,0.025,0.25,வண்டுதல் வேண்டாமை இலானடி சேர்ந்தார்க்கு,[],0.025,0.25,True,195.11,data/synthetic/degraded/SYNTH_TEST_00192_degraded.png
Synthetic Test (N=35),SAMPLE_0007,LINE_007,வேண்டுதல் வேண்டாமை இலானடி சேர்ந்தார்க்கு,ஐேணத்ற வேணட ழமை ெலானடி் சர்ற்தாம்தச,0.560558891892433,0.45,1.25,True,pipeline_a_clahe | pipeline_c_illum_clahe | raw | pipeline_d_sauvola_deskew,உேண் தச் வேணட ழமல ெலானடி் சேர்ந்தால்தச | உேணடுதச் வேணட ழமல ெலானடி் டேர்ந்தாழ்தத | ஐேணத்ற வேணட ழமை ெலானடி் சர்ற்தாம்தச | ஐ,0.5864 | 0.5712 | 0.5606 | 0.4750,உேண் தச் வேணட ழமல ெலானடி் சேர்ந்தால்தச,SECOND_PASS_SELECTED_PIPELINE_A_CLAHE_AMBIGUOUS_CANDIDATES,0.375,1.5,உேண் தச் வேணட ழமலெலானடி் சேர்ந்தால்தச,"[{""rule"": ""DETACHED_COMBINING_SIGN_ATTACHMENT"", ""before"": ""உேண் தச் வேணட ழமல ெலானடி் சேர்ந்தால்தச"", ""after"": ""உேண் தச் வேணட ழமலெலானடி் சேர்ந்தால்தச"", ""description"": ""Attached disconnected combining vowel sign or pulli to its base consonant""}]",0.4,1.25,True,202.52,data/synthetic/degraded/SYNTH_TEST_00193_degraded.png
Synthetic Test (N=35),SAMPLE_0008,LINE_008,யாண்டும் இடும்பை இல,மாண்டும் ேடும்பன இ்,0.6205314019792958,0.2105,1.0,True,pipeline_a_clahe | pipeline_c_illum_clahe | raw | pipeline_d_sauvola_deskew,மாண்டும் இடும்பன ெல | மாண்டும் இடும்பள ெல | மாண்டும் ேடும்பன இ் | ஐ,0.6690 | 0.6619 | 0.6205 | 0.3291,மாண்டும் இடும்பன ெல,SECOND_PASS_SELECTED_PIPELINE_A_CLAHE_AMBIGUOUS_CANDIDATES,0.1579,1.0,மாண்டும் இடும்பனெல,"[{""rule"": ""DETACHED_COMBINING_SIGN_ATTACHMENT"", ""before"": ""மாண்டும் இடும்பன ெல"", ""after"": ""மாண்டும் இடும்பனெல"", ""description"": ""Attached disconnected combining vowel sign or pulli to its base consonant""}]",0.2105,1.0,True,165.23,data/synthetic/degraded/SYNTH_TEST_00194_degraded.png
Synthetic Test (N=35),SAMPLE_0009,LINE_009,பிறந்தாராம் என்னா விழுமம்,பிறந்தாராம் என்னா விழுமும்,0.9441459770386036,0.04,0.3333,False,raw,பிறந்தாராம் என்னா விழுமும்,0.9441,பிறந்தாராம் என்னா விழுமும்,FIRST_PASS_CONFIDENCE_ABOVE_THRESHOLD,0.04,0.3333,பிறந்தாராம் என்னா விழுமும்,[],0.04,0.3333,False,99.48,data/synthetic/degraded/SYNTH_TEST_00195_degraded.png
Synthetic Test (N=35),SAMPLE_0010,LINE_010,மனக்கவலை மாற்றல் அரிது,மனக்கவலை மாற்றல் அரிது,0.8791985574093731,0.0,0.0,False,raw,மனக்கவலை மாற்றல் அரிது,0.8792,மனக்கவலை மாற்றல் அரிது,FIRST_PASS_CONFIDENCE_ABOVE_THRESHOLD,0.0,0.0,மனக்கவலை மாற்றல் அரிது,[],0.0,0.0,False,105.42,data/synthetic/degraded/SYNTH_TEST_00196_degraded.png
Synthetic Test (N=35),SAMPLE_0011,LINE_011,வேண்டுதல் வேண்டாமை இலானடி சேர்ந்தார்க்கு,வேண்டுதல் வேண்டாமை இலானடி சேர்ந்தார்க்கு,0.8248185542225837,0.0,0.0,True,pipeline_c_illum_clahe | pipeline_a_clahe | raw | pipeline_d_sauvola_deskew,வேண்டுதல் வேண்டாமை இலானடி சேர்ந்தார்க்கு | வேண்டுதல் வேண்டாமை இலானடி சேர்ந்தார்க்கு | வேண்டுதல் வேண்டாமை இலானடி சேர்ந்தார்க்கு | வேணட தல் வேண்டாமை இலானட சேர்ந்தார்க்கு,0.8499 | 0.8492 | 0.8248 | 0.7667,வேண்டுதல் வேண்டாமை இலானடி சேர்ந்தார்க்கு,SECOND_PASS_SELECTED_PIPELINE_C_ILLUM_CLAHE_AMBIGUOUS_CANDIDATES,0.0,0.0,வேண்டுதல் வேண்டாமை இலானடி சேர்ந்தார்க்கு,[],0.0,0.0,True,228.08,data/synthetic/degraded/SYNTH_TEST_00197_degraded.png
Synthetic Test (N=35),SAMPLE_0012,LINE_012,பிறந்தாராம் என்னா விழுமம்,பிறற்ார்ாம் என்னாவிமமம்,0.6263635596503382,0.24,1.0,True,raw | pipeline_a_clahe | pipeline_c_illum_clahe | pipeline_d_sauvola_deskew,பிறற்ார்ாம் என்னாவிமமம் | பிறற்தாரயம் என் னாவிழமழ்் | பிறற்ாராம் அன் னரவிழழ்் | ஐ,0.6264 | 0.5848 | 0.5668 | 0.2105,பிறற்ார்ாம் என்னாவிமமம்,FIRST_PASS_RETAINED_AS_BEST_CANDIDATE,0.24,1.0,பிறறாராம் என்னாவிமமம்,"[{""rule"": ""REMOVE_VIRAMA_BEFORE_VOWEL"", ""before"": ""பிறற்ார்ாம் என்னாவிமமம்"", ""after"": ""பிறறாராம் என்னாவிமமம்"", ""description"": ""Removed redundant pulli preceding an explicit vowel marker""}]",0.24,1.0,False,122.74,data/synthetic/degraded/SYNTH_TEST_00198_degraded.png
Synthetic Test (N=35),SAMPLE_0013,LINE_013,நரைவருமென் றெண்ணி நல்லறி வாளர்,ஏ்வஎழமவத ெதசஎ சிசல்ைசிவழனர்,0.4453471943736076,0.7,1.0,True,pipeline_c_illum_clahe | raw | pipeline_a_clahe | pipeline_d_sauvola_deskew,தினவடு மைா் வெ கி ழவ ைமி வழவர் | ஏ்வஎழமவத ெதசஎ சிசல்ைசிவழனர் | தரனவழமெ் வெு கிசலைனி வருர் | ஐ,0.4604 | 0.4453 | 0.4394 | 0.3224,தினவடு மைா் வெ கி ழவ ைமி வழவர்,SECOND_PASS_SELECTED_PIPELINE_C_ILLUM_CLAHE_AMBIGUOUS_CANDIDATES_LOW_CONFIDENCE_BELOW_FLOOR,0.6,1.75,தினவடு மைா் வெ கி ழவைமி வழவர்,"[{""rule"": ""DETACHED_COMBINING_SIGN_ATTACHMENT"", ""before"": ""தினவடு மைா் வெ கி ழவ ைமி வழவர்"", ""after"": ""தினவடு மைா் வெ கி ழவைமி வழவர்"", ""description"": ""Attached disconnected combining vowel sign or pulli to its base consonant""}]",0.6,1.5,True,206.33,data/synthetic/degraded/SYNTH_TEST_00199_degraded.png
Synthetic Test (N=35),SAMPLE_0014,LINE_014,அறஞ்செய்யா ராயின் அருந்துயர்க் குற்ற,அறஞ்செய்யா ராயின் அருந்துயர்க் குற்ற்,0.8231748522938908,0.0278,0.25,True,pipeline_a_clahe | pipeline_d_sauvola_deskew | pipeline_c_illum_clahe | raw,அறஞ்செய்யா ராயின் அரந்துயர்க் குற்ற் | அறஞ்செய்யா ராயின் அரந்துயர்க் குற்ற் | அறஞ்செய்யா ராயின் அரந்துயர்க் குற்ற் | அறஞ்செய்யா ராயின் அருந்துயர்க் குற்ற்,0.8895 | 0.8734 | 0.8561 | 0.8232,அறஞ்செய்யா ராயின் அரந்துயர்க் குற்ற்,SECOND_PASS_SELECTED_PIPELINE_A_CLAHE,0.0556,0.5,அறஞ்செய்யா ராயின் அரந்துயர்க் குற்ற்,[],0.0556,0.5,False,174.54,data/synthetic/degraded/SYNTH_TEST_00200_degraded.png
Synthetic Test (N=35),SAMPLE_0015,LINE_015,பிறந்தாராம் என்னா விழுமம்,பிறந்தாராம் என்னா விழுமும்,0.7662272767378734,0.04,0.3333,True,pipeline_a_clahe | pipeline_d_sauvola_deskew | raw | pipeline_c_illum_clahe,பிறந்தாராம் என்னா விழுமும் | பிறநதாராம எனனா விடுமம | பிறந்தாராம் என்னா விழுமும் | பிறந்தாராம் என்னா விழுமும்,0.9109 | 0.8594 | 0.7662 | 0.7586,பிறந்தாராம் என்னா விழுமும்,SECOND_PASS_SELECTED_PIPELINE_A_CLAHE,0.04,0.3333,பிறந்தாராம் என்னா விழுமும்,[],0.04,0.3333,False,177.38,data/synthetic/degraded/SYNTH_TEST_00201_degraded.png
Synthetic Test (N=35),SAMPLE_0016,LINE_016,தனக்குவமை இல்லாதான் தாள்சேர்ந்தார்க் கல்லால்,தனக்குவமை இல்லாதான் தாள்சேர்ந்தார்க் கல்லால்,0.8288659634915265,0.0,0.0,True,raw | pipeline_a_clahe | pipeline_c_illum_clahe | pipeline_d_sauvola_deskew,தனக்குவமை இல்லாதான் தாள்சேர்ந்தார்க் கல்லால் | தனக்குவமை இல்லாதான் தாள்சேர்ந்தார்க் கல்லால் | தனக்குவமை இல்லாதான் தாள்சேர்ந்தார்க் கல்லால் | தனககுவயை இலாகான தாளசேருந்தாரக கலலால்,0.8289 | 0.7996 | 0.7967 | 0.7579,தனக்குவமை இல்லாதான் தாள்சேர்ந்தார்க் கல்லால்,FIRST_PASS_RETAINED_AS_BEST_CANDIDATE,0.0,0.0,தனக்குவமை இல்லாதான் தாள்சேர்ந்தார்க் கல்லால்,[],0.0,0.0,False,186.57,data/synthetic/degraded/SYNTH_TEST_00202_degraded.png
Synthetic Test (N=35),SAMPLE_0017,LINE_017,குரைவிடை நின்றார் கொளீஇய – விரைவினோடு,கரைவிடை நீின்றார் கொளஇுய விரைவினேோடு,0.7722634308040142,0.1892,1.0,True,pipeline_d_sauvola_deskew | pipeline_a_clahe | pipeline_c_illum_clahe | raw,எரைவிடை நீினறார கொளஇய்  விரைவினோட | கரைவிடை நீின்றார் கொளஇுய விரைவினேோடு | கரைவிடை நீின்றார் கொளஇுய விரைவினேோடு | கரைவிடை நீின்றார் கொளஇுய விரைவினேோடு,0.7935 | 0.7816 | 0.7729 | 0.7723,எரைவிடை நீினறார கொளஇய்  விரைவினோட,SECOND_PASS_SELECTED_PIPELINE_D_SAUVOLA_DESKEW_AMBIGUOUS_CANDIDATES,0.2432,1.0,எரைவிடை நீினறார கொளஇய் விரைவினோட,"[{""rule"": ""WHITESPACE_CLEANUP"", ""before"": ""எரைவிடை நீினறார கொளஇய்  விரைவினோட"", ""after"": ""எரைவிடை நீினறார கொளஇய் விரைவினோட"", ""description"": ""Collapsed multiple consecutive spaces and stripped outer whitespace""}]",0.2432,1.0,True,172.04,data/synthetic/degraded/SYNTH_TEST_00203_degraded.png
Synthetic Test (N=35),SAMPLE_0018,LINE_018,நரைவருமென் றெண்ணி நல்லறி வாளர்,நரைவருமென் றெண்ணிநல்லறி வளர்,0.882135447859764,0.0667,0.75,False,raw,நரைவருமென் றெண்ணிநல்லறி வளர்,0.8821,நரைவருமென் றெண்ணிநல்லறி வளர்,FIRST_PASS_CONFIDENCE_ABOVE_THRESHOLD,0.0667,0.75,நரைவருமென் றெண்ணிநல்லறி வளர்,[],0.0667,0.75,False,100.98,data/synthetic/degraded/SYNTH_TEST_00204_degraded.png
Synthetic Test (N=35),SAMPLE_0019,LINE_019,பிறந்தாராம் என்னா விழுமம்,பிறந்தாராம் என்னா விழுமம்,0.8130413699150085,0.0,0.0,True,pipeline_d_sauvola_deskew | pipeline_c_illum_clahe | pipeline_a_clahe | raw,பிறந்தாராம் என்னா விழுமம் | பிறந்தாராம் என்னா விழுமம் | பிறந்தாராம் என்னா விழுமம் | பிறந்தாராம் என்னா விழுமம்,0.9075 | 0.8647 | 0.8192 | 0.8130,பிறந்தாராம் என்னா விழுமம்,SECOND_PASS_SELECTED_PIPELINE_D_SAUVOLA_DESKEW,0.0,0.0,பிறந்தாராம் என்னா விழுமம்,[],0.0,0.0,False,153.84,data/synthetic/degraded/SYNTH_TEST_00205_degraded.png
Synthetic Test (N=35),SAMPLE_0020,LINE_020,அறஞ்செய்யா ராயின் அருந்துயர்க் குற்ற,அறே்செய்யா ராயின் அருற்தார்கு் தகறற்,0.7793062319358189,0.2222,0.75,True,pipeline_a_clahe | pipeline_c_illum_clahe | raw | pipeline_d_sauvola_deskew,அறே்செய்யா ராயின் அருற்தார்கு தகறற் | அறே்செய்யா ராயின் அருற்தய்ர்கு தகறற் | அறே்செய்யா ராயின் அருற்தார்கு் தகறற் | ஐ,0.7868 | 0.7822 | 0.7793 | 0.3308,அறே்செய்யா ராயின் அருற்தார்கு தகறற்,SECOND_PASS_SELECTED_PIPELINE_A_CLAHE_AMBIGUOUS_CANDIDATES,0.2222,0.75,அறே்செய்யா ராயின் அருற்தார்கு தகறற்,[],0.2222,0.75,True,214.02,data/synthetic/degraded/SYNTH_TEST_00206_degraded.png
Synthetic Test (N=35),SAMPLE_0021,LINE_021,வேண்டுதல் வேண்டாமை இலானடி சேர்ந்தார்க்கு,வேண்டுதல் வேண்டாமை இலானடி சேர்ந்தார்க்கு,0.8594389635324479,0.0,0.0,False,raw,வேண்டுதல் வேண்டாமை இலானடி சேர்ந்தார்க்கு,0.8594,வேண்டுதல் வேண்டாமை இலானடி சேர்ந்தார்க்கு,FIRST_PASS_CONFIDENCE_ABOVE_THRESHOLD,0.0,0.0,வேண்டுதல் வேண்டாமை இலானடி சேர்ந்தார்க்கு,[],0.0,0.0,False,61.95,data/synthetic/degraded/SYNTH_TEST_00207_degraded.png
Synthetic Test (N=35),SAMPLE_0022,LINE_022,அறஞ்செய்யா ராயின் அருந்துயர்க் குற்ற,அறஞ்ாெயா ராமின் அரந்துார்க குற்ற்,0.6974114259987166,0.2222,1.0,True,pipeline_a_clahe | raw | pipeline_c_illum_clahe | pipeline_d_sauvola_deskew,அறஞ்தொா ராமின் அரந்தார்க குற்ற் | அறஞ்ாெயா ராமின் அரந்துார்க குற்ற் | அறஞ்தெயா ராயின் அரந்தார்க குற்ற் | ஐ,0.7352 | 0.6974 | 0.6813 | 0.3295,அறஞ்தொா ராமின் அரந்தார்க குற்ற்,SECOND_PASS_SELECTED_PIPELINE_A_CLAHE,0.3056,1.0,அறஞ்தொா ராமின் அரந்தார்க குற்ற்,"[{""rule"": ""UNICODE_NFC_NORMALIZATION"", ""before"": ""அறஞ்தொா ராமின் அரந்தார்க குற்ற்"", ""after"": ""அறஞ்தொா ராமின் அரந்தார்க குற்ற்"", ""description"": ""Composed decomposed Unicode code points into standard NFC representation""}]",0.3056,1.0,False,197.21,data/synthetic/degraded/SYNTH_TEST_00208_degraded.png
Synthetic Test (N=35),SAMPLE_0023,LINE_023,யாண்டும் இடும்பை இல,மாண்டும் இடும்பை் இல்,0.8375878890355428,0.1579,1.0,True,raw | pipeline_a_clahe | pipeline_c_illum_clahe | pipeline_d_sauvola_deskew,மாண்டும் இடும்பை் இல் | பாண்டும் இடும்பை் இல் | பாண்டும் இடும்பை் இல் | பாண்டும் இடும்பை் ேல்,0.8376 | 0.7870 | 0.7715 | 0.7001,மாண்டும் இடும்பை் இல்,FIRST_PASS_RETAINED_AS_BEST_CANDIDATE,0.1579,1.0,மாண்டும் இடும்பை் இல்,[],0.1579,1.0,False,169.94,data/synthetic/degraded/SYNTH_TEST_00209_degraded.png
Synthetic Test (N=35),SAMPLE_0024,LINE_024,மனக்கவலை மாற்றல் அரிது,மனக்கவலல மாற்றல் அரிது,0.8871116592125459,0.0455,0.3333,False,raw,மனக்கவலல மாற்றல் அரிது,0.8871,மனக்கவலல மாற்றல் அரிது,FIRST_PASS_CONFIDENCE_ABOVE_THRESHOLD,0.0455,0.3333,மனக்கவலல மாற்றல் அரிது,[],0.0455,0.3333,False,106.17,data/synthetic/degraded/SYNTH_TEST_00210_degraded.png
Synthetic Test (N=35),SAMPLE_0025,LINE_025,மனக்கவலை மாற்றல் அரிது,மனக்கவலை மாற்றல் அரிது,0.8566223680973052,0.0,0.0,False,raw,மனக்கவலை மாற்றல் அரிது,0.8566,மனக்கவலை மாற்றல் அரிது,FIRST_PASS_CONFIDENCE_ABOVE_THRESHOLD,0.0,0.0,மனக்கவலை மாற்றல் அரிது,[],0.0,0.0,False,68.91,data/synthetic/degraded/SYNTH_TEST_00211_degraded.png
Synthetic Test (N=35),SAMPLE_0026,LINE_026,அறஞ்செய்யா ராயின் அருந்துயர்க் குற்ற,அறஞ்செய்யா ராயின் அருந்துயர்க் குற்ற,0.8109344204266866,0.0,0.0,True,pipeline_c_illum_clahe | pipeline_a_clahe | raw | pipeline_d_sauvola_deskew,அறஞ்செய்யா ராயின் அருந்துயர்க் குற்ற | அறஞ்செய்யா ராயின் அருந்துயர்க் குற்ற் | அறஞ்செய்யா ராயின் அருந்துயர்க் குற்ற | அறஞ்செய்யா ராயின அருந்குயரக் குறற்,0.8879 | 0.8234 | 0.8109 | 0.7814,அறஞ்செய்யா ராயின் அருந்துயர்க் குற்ற,SECOND_PASS_SELECTED_PIPELINE_C_ILLUM_CLAHE,0.0,0.0,அறஞ்செய்யா ராயின் அருந்துயர்க் குற்ற,[],0.0,0.0,False,143.53,data/synthetic/degraded/SYNTH_TEST_00212_degraded.png
Synthetic Test (N=35),SAMPLE_0027,LINE_027,மனக்கவலை மாற்றல் அரிது,மனக்கவலை மாற்றல் அரிது,0.9492734150453046,0.0,0.0,False,raw,மனக்கவலை மாற்றல் அரிது,0.9493,மனக்கவலை மாற்றல் அரிது,FIRST_PASS_CONFIDENCE_ABOVE_THRESHOLD,0.0,0.0,மனக்கவலை மாற்றல் அரிது,[],0.0,0.0,False,76.29,data/synthetic/degraded/SYNTH_TEST_00213_degraded.png
Synthetic Test (N=35),SAMPLE_0028,LINE_028,வேண்டுதல் வேண்டாமை இலானடி சேர்ந்தார்க்கு,எேண்டுதல வேண்டாமை இலான்டி சேர்ந்தார்க்கு,0.8279261036217213,0.075,0.5,True,raw | pipeline_a_clahe | pipeline_c_illum_clahe | pipeline_d_sauvola_deskew,எேண்டுதல வேண்டாமை இலான்டி சேர்ந்தார்க்கு | எேண்டுதல வேண்டாமை இலான்டி சேர்ந்தார்க்கு | வேண்டுதல வேண்டாமை இலான்டி சேர்ந்தார்க்கு | மவடேொோயணம பேரமுயமப ய ழ,0.8279 | 0.7827 | 0.7819 | 0.4631,எேண்டுதல வேண்டாமை இலான்டி சேர்ந்தார்க்கு,FIRST_PASS_RETAINED_AS_BEST_CANDIDATE,0.075,0.5,எேண்டுதல வேண்டாமை இலான்டி சேர்ந்தார்க்கு,[],0.075,0.5,False,199.08,data/synthetic/degraded/SYNTH_TEST_00214_degraded.png
Synthetic Test (N=35),SAMPLE_0029,LINE_029,அறஞ்செய்யா ராயின் அருந்துயர்க் குற்ற,அறஞ்செய்யா ராயின் அருந்துயர்க் குற்ற,0.870666036175357,0.0,0.0,False,raw,அறஞ்செய்யா ராயின் அருந்துயர்க் குற்ற,0.8707,அறஞ்செய்யா ராயின் அருந்துயர்க் குற்ற,FIRST_PASS_CONFIDENCE_ABOVE_THRESHOLD,0.0,0.0,அறஞ்செய்யா ராயின் அருந்துயர்க் குற்ற,[],0.0,0.0,False,34.83,data/synthetic/degraded/SYNTH_TEST_00215_degraded.png
Synthetic Test (N=35),SAMPLE_0030,LINE_030,பிறந்தாராம் என்னா விழுமம்,பிறந்தாராம் என்னா விழுமம்,0.898186152935028,0.0,0.0,False,raw,பிறந்தாராம் என்னா விழுமம்,0.8982,பிறந்தாராம் என்னா விழுமம்,FIRST_PASS_CONFIDENCE_ABOVE_THRESHOLD,0.0,0.0,பிறந்தாராம் என்னா விழுமம்,[],0.0,0.0,False,39.2,data/synthetic/degraded/SYNTH_TEST_00216_degraded.png
Synthetic Test (N=35),SAMPLE_0031,LINE_031,வேண்டுதல் வேண்டாமை இலானடி சேர்ந்தார்க்கு,வண்டுதல வேணடாமை இலானடி் சேர்ந்தாரக்கு்,0.7495292302809262,0.15,1.0,True,raw | pipeline_a_clahe | pipeline_c_illum_clahe | pipeline_d_sauvola_deskew,வண்டுதல வேணடாமை இலானடி் சேர்ந்தாரக்கு் | வண்டுதல வேணடாமை இலானடி் சேர்ந்தாரக்கு் | வண்டுதல வேணடாமை இலானடி் சேர்ந்தாரக்கு் | எத,0.7495 | 0.7248 | 0.7231 | 0.3536,வண்டுதல வேணடாமை இலானடி் சேர்ந்தாரக்கு்,FIRST_PASS_RETAINED_AS_BEST_CANDIDATE_AMBIGUOUS_CANDIDATES,0.15,1.0,வண்டுதல வேணடாமை இலானடி் சேர்ந்தாரக்கு்,[],0.15,1.0,True,164.61,data/synthetic/degraded/SYNTH_TEST_00217_degraded.png
Synthetic Test (N=35),SAMPLE_0032,LINE_032,தனக்குவமை இல்லாதான் தாள்சேர்ந்தார்க் கல்லால்,தனக்குவமை இல்லாதான் தாள்சேர்ந்தார்க் கல்லால்,0.93129096085375,0.0,0.0,False,raw,தனக்குவமை இல்லாதான் தாள்சேர்ந்தார்க் கல்லால்,0.9313,தனக்குவமை இல்லாதான் தாள்சேர்ந்தார்க் கல்லால்,FIRST_PASS_CONFIDENCE_ABOVE_THRESHOLD,0.0,0.0,தனக்குவமை இல்லாதான் தாள்சேர்ந்தார்க் கல்லால்,[],0.0,0.0,False,112.49,data/synthetic/degraded/SYNTH_TEST_00218_degraded.png
Synthetic Test (N=35),SAMPLE_0033,LINE_033,வேண்டுதல் வேண்டாமை இலானடி சேர்ந்தார்க்கு,எேணடுதல வேண்டாமை இலான்டிசர்ந்தாரக்க,0.7650265276432037,0.2,0.75,True,raw | pipeline_a_clahe | pipeline_c_illum_clahe | pipeline_d_sauvola_deskew,எேணடுதல வேண்டாமை இலான்டிசர்ந்தாரக்க | எேணடதல வேண்டாமை இுலான்டி்சேர்ந்தார்க்க | எடணடதல வேண்டாமை இலான்டி்சேர்ந்தார்கத | ஐ தலதா,0.7650 | 0.6974 | 0.6441 | 0.2360,எேணடுதல வேண்டாமை இலான்டிசர்ந்தாரக்க,FIRST_PASS_RETAINED_AS_BEST_CANDIDATE,0.2,0.75,எேணடுதல வேண்டாமை இலான்டிசர்ந்தாரக்க,[],0.2,0.75,False,237.73,data/synthetic/degraded/SYNTH_TEST_00219_degraded.png
Synthetic Test (N=35),SAMPLE_0034,LINE_034,குரைவிடை நின்றார் கொளீஇய – விரைவினோடு,கரைவிடை நின்றார் கொளஇய த விரைவினேோடு,0.7945787727832794,0.1081,0.8,True,raw | pipeline_c_illum_clahe | pipeline_a_clahe | pipeline_d_sauvola_deskew,கரைவிடை நின்றார் கொளஇய த விரைவினேோடு | கரைவிடை நின்றார் கொளஇுய த விரைவினேோடு | கரைவிடை நின்றார் கொளஇய த விரைவினேோடு | கரைவிடை நீின்றார் கொளஇய ட விரைவினோடு,0.7946 | 0.7943 | 0.7916 | 0.7743,கரைவிடை நின்றார் கொளஇய த விரைவினேோடு,FIRST_PASS_RETAINED_AS_BEST_CANDIDATE_AMBIGUOUS_CANDIDATES,0.1081,0.8,கரைவிடை நின்றார் கொளஇய த விரைவினேோடு,[],0.1081,0.8,True,261.59,data/synthetic/degraded/SYNTH_TEST_00220_degraded.png
CICT GT-133 Real External Test (N=23),SAMPLE_0000,line_left_L4,ஊட,ஐபலவப்ஆல வ்்,0.3075667578727007,6.0,2.0,True,pipeline_d_sauvola_deskew | pipeline_c_illum_clahe | raw | pipeline_a_clahe,ஐ | ஐளி்ு் | ஐபலவப்ஆல வ்் | ஐலவஆத,0.4228 | 0.3245 | 0.3076 | 0.2119,ஐ,SECOND_PASS_SELECTED_PIPELINE_D_SAUVOLA_DESKEW_LOW_CONFIDENCE_BELOW_FLOOR,1.0,1.0,ஐ,[],1.0,1.0,True,122.69,data/processed/cict_gt133_lines/line_001_line_left_L4.png
CICT GT-133 Real External Test (N=23),SAMPLE_0001,line_left_L5,லுவகை,ஐதவ,0.3362778703371684,0.8,1.0,True,pipeline_a_clahe | raw | pipeline_c_illum_clahe | pipeline_d_sauvola_deskew,ஐதர | ஐதவ | ஐதொர | ஐ,0.4864 | 0.3363 | 0.2998 | 0.2794,ஐதர,SECOND_PASS_SELECTED_PIPELINE_A_CLAHE_LOW_CONFIDENCE_BELOW_FLOOR,1.0,1.0,ஐதர,[],1.0,1.0,True,231.02,data/processed/cict_gt133_lines/line_002_line_left_L5.png
CICT GT-133 Real External Test (N=23),SAMPLE_0002,line_left_L7,௮௰௭,ஐைலல,0.3000446606427431,1.3333,1.0,True,raw | pipeline_d_sauvola_deskew | pipeline_c_illum_clahe | pipeline_a_clahe,ஐைலல | ஐ | ஐ | ஐ,0.3000 | 0.2532 | 0.2136 | 0.1987,ஐைலல,FIRST_PASS_RETAINED_AS_BEST_CANDIDATE_LOW_CONFIDENCE_BELOW_FLOOR,1.3333,1.0,ஐைலல,[],1.3333,1.0,True,115.59,data/processed/cict_gt133_lines/line_003_line_left_L7.png
CICT GT-133 Real External Test (N=23),SAMPLE_0003,line_body_L1,இல்லைத் தவற் வாக்காயினு மூடுதல் வல்லது வாளிக்கு மா று,விவுவீிவுலிில்ிவுிண்ிமுிலி,0.5273440493987157,0.7925,1.0,True,pipeline_c_illum_clahe | pipeline_a_clahe | raw | pipeline_d_sauvola_deskew,விவுவுுவுமுிில்ிவுிண்ிவுிலி | விவுவுுவுமுிில்ிவுிண்ிவுிணி | விவுவீிவுலிில்ிவுிண்ிமுிலி | வகு ழழவழ ழிவிழல மலி,0.5560 | 0.5502 | 0.5273 | 0.4454,விவுவுுவுமுிில்ிவுிண்ிவுிலி,SECOND_PASS_SELECTED_PIPELINE_C_ILLUM_CLAHE_AMBIGUOUS_CANDIDATES,0.8113,1.0,விவுவுவுமுிலிவுிணிவுிலி,"[{""rule"": ""DEDUPLICATE_COMBINING_MARKS"", ""before"": ""விவுவுுவுமுிில்ிவுிண்ிவுிலி"", ""after"": ""விவுவுவுமுில்ிவுிண்ிவுிலி"", ""description"": ""Removed duplicate consecutive combining vowel signs or pullis on the same consonant""}, {""rule"": ""REMOVE_VIRAMA_BEFORE_VOWEL"", ""before"": ""விவுவுவுமுில்ிவுிண்ிவுிலி"", ""after"": ""விவுவுவுமுிலிவுிணிவுிலி"", ""description"": ""Removed redundant pulli preceding an explicit vowel marker""}]",0.8113,1.0,True,367.21,data/processed/cict_gt133_lines/line_004_line_body_L1.png
CICT GT-133 Real External Test (N=23),SAMPLE_0004,line_body_L2,ஊடலிற் றோன்று ஞ்சிறுதுனி நல்லளி வாடினும் பாடு பெறு ம,ஏவ்ல ுதவ சலண்ல் ல  வாளிகதசிணத்ா  றாு  ்்,0.44028310447931285,0.7692,1.0,True,raw | pipeline_c_illum_clahe | pipeline_a_clahe | pipeline_d_sauvola_deskew,ஏவ்ல ுதவ சலண்ல் ல  வாளிகதசிணத்ா  றாு  ்் | ஐகலணில்ல கணலல் தவாளிகததிட்ட ுவண்்் | ஐகி்ணல் ிுிவ சணிணலல த வாளிகததிட்ா றுவோ் | ஐ  சலலாோ,0.4403 | 0.3549 | 0.3383 | 0.2791,ஏவ்ல ுதவ சலண்ல் ல  வாளிகதசிணத்ா  றாு  ்்,FIRST_PASS_RETAINED_AS_BEST_CANDIDATE_LOW_CONFIDENCE_BELOW_FLOOR,0.7692,1.0,ஏவ்லுதவ சலண்ல் ல வாளிகதசிணதா றாு ்,"[{""rule"": ""WHITESPACE_CLEANUP"", ""before"": ""ஏவ்ல ுதவ சலண்ல் ல  வாளிகதசிணத்ா  றாு  ்்"", ""after"": ""ஏவ்ல ுதவ சலண்ல் ல வாளிகதசிணத்ா றாு ்்"", ""description"": ""Collapsed multiple consecutive spaces and stripped outer whitespace""}, {""rule"": ""DETACHED_COMBINING_SIGN_ATTACHMENT"", ""before"": ""ஏவ்ல ுதவ சலண்ல் ல வாளிகதசிணத்ா றாு ்்"", ""after"": ""ஏவ்லுதவ சலண்ல் ல வாளிகதசிணத்ா றாு ்்"", ""description"": ""Attached disconnected combining vowel sign or pulli to its base consonant""}, {""rule"": ""DEDUPLICATE_COMBINING_MARKS"", ""before"": ""ஏவ்லுதவ சலண்ல் ல வாளிகதசிணத்ா றாு ்்"", ""after"": ""ஏவ்லுதவ சலண்ல் ல வாளிகதசிணத்ா றாு ்"", ""description"": ""Removed duplicate consecutive combining vowel signs or pullis on the same consonant""}, {""rule"": ""REMOVE_VIRAMA_BEFORE_VOWEL"", ""before"": ""ஏவ்லுதவ சலண்ல் ல வாளிகதசிணத்ா றாு ்"", ""after"": ""ஏவ்லுதவ சலண்ல் ல வாளிகதசிணதா றாு ்"", ""description"": ""Removed redundant pulli preceding an explicit vowel marker""}]",0.75,1.0,True,331.29,data/processed/cict_gt133_lines/line_005_line_body_L2.png
CICT GT-133 Real External Test (N=23),SAMPLE_0005,line_body_L3,புலத்தலிற் பத்தேணுடுண்டோ நிலத்தொடு நீரியைந் தன்னூர்க த் து,ஏடடற ேைுார எெர அவிொலலாி் அாட ழம பாெ்ச ் மோடொப்,0.5195857528435147,0.8621,1.2857,True,raw | pipeline_c_illum_clahe | pipeline_a_clahe | pipeline_d_sauvola_deskew,ஏடடற ேைுார எெர அவிொலலாி் அாட ழம பாெ்ச ் மோடொப் | ஏடற ேெுனரஎெ ர அவிொலலாி் அாட ழம பாெல் மோ ட மிப் | எ டுற ேைுனர எெ ர அவிொலலாி அாட ழம பாெ்த ் மா ட ு | ஐர ாழிவிொலபாி வப ரம பாெய ப,0.5196 | 0.5057 | 0.4862 | 0.4827,ஏடடற ேைுார எெர அவிொலலாி் அாட ழம பாெ்ச ் மோடொப்,FIRST_PASS_RETAINED_AS_BEST_CANDIDATE_AMBIGUOUS_CANDIDATES,0.8621,1.2857,ஏடடறேைுார எெர அவிொலலாி் அாட ழம பாெ்ச் மோடொப்,"[{""rule"": ""DETACHED_COMBINING_SIGN_ATTACHMENT"", ""before"": ""ஏடடற ேைுார எெர அவிொலலாி் அாட ழம பாெ்ச ் மோடொப்"", ""after"": ""ஏடடறேைுார எெர அவிொலலாி் அாட ழம பாெ்ச் மோடொப்"", ""description"": ""Attached disconnected combining vowel sign or pulli to its base consonant""}]",0.8793,1.0,True,315.57,data/processed/cict_gt133_lines/line_006_line_body_L3.png
CICT GT-133 Real External Test (N=23),SAMPLE_0006,line_body_L4,புல்லிவிடாப் புல்வி யுடடோன்றுமெனனுள்ளமுடைக்கும் படை,ஆுல் வுுல் ப ொுெப ளைோாச லவழமாா ோுளமா ெோ்ாேமலடவைு்,0.43077645323106223,0.7647,2.0,True,pipeline_d_sauvola_deskew | raw | pipeline_a_clahe | pipeline_c_illum_clahe,அல வுமப வழுப  ோரோலுமாாோஎமு் ெோி | ஆுல் வுுல் ப ொுெப ளைோாச லவழமாா ோுளமா ெோ்ாேமலடவைு் | ஐல வதல ப ொுெப ளைோோலுழொாரளமா ெோ்ாேஆடுோல் | ஐல வதல ப ொுமப ளைடோுலழழமாாழளயா ெோ்ாே்ுலு,0.4539 | 0.4308 | 0.4237 | 0.3980,அல வுமப வழுப  ோரோலுமாாோஎமு் ெோி,SECOND_PASS_SELECTED_PIPELINE_D_SAUVOLA_DESKEW_AMBIGUOUS_CANDIDATES_LOW_CONFIDENCE_BELOW_FLOOR,0.7451,1.25,அல வுமப வழுபோரோலுமாோஎமு் ெோி,"[{""rule"": ""WHITESPACE_CLEANUP"", ""before"": ""அல வுமப வழுப  ோரோலுமாாோஎமு் ெோி"", ""after"": ""அல வுமப வழுப ோரோலுமாாோஎமு் ெோி"", ""description"": ""Collapsed multiple consecutive spaces and stripped outer whitespace""}, {""rule"": ""DETACHED_COMBINING_SIGN_ATTACHMENT"", ""before"": ""அல வுமப வழுப ோரோலுமாாோஎமு் ெோி"", ""after"": ""அல வுமப வழுபோரோலுமாாோஎமு் ெோி"", ""description"": ""Attached disconnected combining vowel sign or pulli to its base consonant""}, {""rule"": ""DEDUPLICATE_COMBINING_MARKS"", ""before"": ""அல வுமப வழுபோரோலுமாாோஎமு் ெோி"", ""after"": ""அல வுமப வழுபோரோலுமாோஎமு் ெோி"", ""description"": ""Removed duplicate consecutive combining vowel signs or pullis on the same consonant""}]",0.7451,1.0,True,254.86,data/processed/cict_gt133_lines/line_007_line_body_L4.png
CICT GT-133 Real External Test (N=23),SAMPLE_0007,line_body_L5,தவரிலநாயினுந்தா  மவீழவரா மென்றேள் கறலி னுங் கொன்றுடைத் து,ஆலலவடெிப பல்லிட டத ழஎ பஉுிம்்வல்,0.39669620329514144,0.8393,1.0,True,pipeline_d_sauvola_deskew | raw | pipeline_a_clahe | pipeline_c_illum_clahe,தவிில்ப   | ஆலலவடெிப பல்லிட டத ழஎ பஉுிம்்வல் | ஐலலவடிப பல்லசிட டழவ பழுிாவ் | அலலவடிப பல்சசிட கதவ பத ழு ிாவ்ா,0.3984 | 0.3967 | 0.3795 | 0.3632,தவிில்ப  ,SECOND_PASS_SELECTED_PIPELINE_D_SAUVOLA_DESKEW_AMBIGUOUS_CANDIDATES_LOW_CONFIDENCE_BELOW_FLOOR,0.8929,1.0,தவில்ப,"[{""rule"": ""WHITESPACE_CLEANUP"", ""before"": ""தவிில்ப  "", ""after"": ""தவிில்ப"", ""description"": ""Collapsed multiple consecutive spaces and stripped outer whitespace""}, {""rule"": ""DEDUPLICATE_COMBINING_MARKS"", ""before"": ""தவிில்ப"", ""after"": ""தவில்ப"", ""description"": ""Removed duplicate consecutive combining vowel signs or pullis on the same consonant""}]",0.9107,1.0,True,246.03,data/processed/cict_gt133_lines/line_008_line_body_L5.png
CICT GT-133 Real External Test (N=23),SAMPLE_0008,line_body_L6,உணலிசநுமுண்டதற்லினிது காமம் புணாதலினூட லிநி து,ஓடமினமவ்பி ி மனாமும பளாஎவி வமிச் சாஎா்,0.4645445629954338,0.7826,1.2,True,pipeline_a_clahe | pipeline_c_illum_clahe | raw | pipeline_d_sauvola_deskew,ஐடபின மத்ி  சனாமிக பனானவி விச ராள | ஐடபின மத்ி  சாமிக பனானவி வி சாளி | ஓடமினமவ்பி ி மனாமும பளாஎவி வமிச் சாஎா் | ஐல்ததபைாமமணிிபாொ,0.4901 | 0.4696 | 0.4645 | 0.4438,ஐடபின மத்ி  சனாமிக பனானவி விச ராள,SECOND_PASS_SELECTED_PIPELINE_A_CLAHE_AMBIGUOUS_CANDIDATES_LOW_CONFIDENCE_BELOW_FLOOR,0.7174,1.2,ஐடபின மதி சனாமிக பனானவி விச ராள,"[{""rule"": ""WHITESPACE_CLEANUP"", ""before"": ""ஐடபின மத்ி  சனாமிக பனானவி விச ராள"", ""after"": ""ஐடபின மத்ி சனாமிக பனானவி விச ராள"", ""description"": ""Collapsed multiple consecutive spaces and stripped outer whitespace""}, {""rule"": ""REMOVE_VIRAMA_BEFORE_VOWEL"", ""before"": ""ஐடபின மத்ி சனாமிக பனானவி விச ராள"", ""after"": ""ஐடபின மதி சனாமிக பனானவி விச ராள"", ""description"": ""Removed redundant pulli preceding an explicit vowel marker""}]",0.7391,1.2,True,251.52,data/processed/cict_gt133_lines/line_009_line_body_L6.png
CICT GT-133 Real External Test (N=23),SAMPLE_0009,line_body_L7,உளடலிற் றேற்றுவ ரவென்றார்  துமநநுங் கூடலிற் காணப்படு ம்,ப்ாுடவிட ேரச்றல்டோெவனோ்மாறுஉடடவிமசாவு பட ்பல்,0.5073631514997585,0.7778,1.0,True,raw | pipeline_c_illum_clahe | pipeline_a_clahe | pipeline_d_sauvola_deskew,ப்ாுடவிட ேரச்றல்டோெவனோ்மாறுஉடடவிமசாவு பட ்பல் | போுடவிம ுும்றல்டோெவனோஅமாவுுடவிமனாவு படபிய | போுடவிட ும்றல்டோெனோஅ்மாஅுுடவிமனாவு படபமு்ய | ஐுமிடணரபறுபதெபவிார்பாருடவிபஅாபட,0.5074 | 0.4786 | 0.4664 | 0.4592,ப்ாுடவிட ேரச்றல்டோெவனோ்மாறுஉடடவிமசாவு பட ்பல்,FIRST_PASS_RETAINED_AS_BEST_CANDIDATE,0.7778,1.0,பாுடவிடேரச்றல்டோெவனோ்மாறுஉடடவிமசாவு பட்பல்,"[{""rule"": ""UNICODE_NFC_NORMALIZATION"", ""before"": ""ப்ாுடவிட ேரச்றல்டோெவனோ்மாறுஉடடவிமசாவு பட ்பல்"", ""after"": ""ப்ாுடவிட ேரச்றல்டோெவனோ்மாறுஉடடவிமசாவு பட ்பல்"", ""description"": ""Composed decomposed Unicode code points into standard NFC representation""}, {""rule"": ""DETACHED_COMBINING_SIGN_ATTACHMENT"", ""before"": ""ப்ாுடவிட ேரச்றல்டோெவனோ்மாறுஉடடவிமசாவு பட ்பல்"", ""after"": ""ப்ாுடவிடேரச்றல்டோெவனோ்மாறுஉடடவிமசாவு பட்பல்"", ""description"": ""Attached disconnected combining vowel sign or pulli to its base consonant""}, {""rule"": ""REMOVE_VIRAMA_BEFORE_VOWEL"", ""before"": ""ப்ாுடவிடேரச்றல்டோெவனோ்மாறுஉடடவிமசாவு பட்பல்"", ""after"": ""பாுடவிடேரச்றல்டோெவனோ்மாறுஉடடவிமசாவு பட்பல்"", ""description"": ""Removed redundant pulli preceding an explicit vowel marker""}]",0.7593,1.0,False,233.23,data/processed/cict_gt133_lines/line_010_line_body_L7.png
CICT GT-133 Real External Test (N=23),SAMPLE_0010,line_body_L8,உளடிப் பெருகுவுங் தொல்லொநு துல்வியாப்பக்  கடலிற றேனறிய      ஷப் பு,ஐதட்பறறமப லண மில்வணபண ுுவுல்ப ோலோா ன்ா்வ்,0.44588168561458585,0.7333,1.0,True,raw | pipeline_c_illum_clahe | pipeline_a_clahe | pipeline_d_sauvola_deskew,ஐதட்பறறமப லண மில்வணபண ுுவுல்ப ோலோா ன்ா்வ் | ஐகா்றஅவபலண மில்வணுண கலய ோலுய்ல் | ஐழாதப்றறவபலண மிலவணணகுல்ய ோலுுோா எய்ல் | ஐத்ரறவபதமியவவபலப ்ு,0.4459 | 0.4326 | 0.4044 | 0.3354,ஐதட்பறறமப லண மில்வணபண ுுவுல்ப ோலோா ன்ா்வ்,FIRST_PASS_RETAINED_AS_BEST_CANDIDATE_AMBIGUOUS_CANDIDATES_LOW_CONFIDENCE_BELOW_FLOOR,0.7333,1.0,ஐதட்பறறமப லண மில்வணபணுவுல்போலோா னா்வ்,"[{""rule"": ""DETACHED_COMBINING_SIGN_ATTACHMENT"", ""before"": ""ஐதட்பறறமப லண மில்வணபண ுுவுல்ப ோலோா ன்ா்வ்"", ""after"": ""ஐதட்பறறமப லண மில்வணபணுுவுல்போலோா ன்ா்வ்"", ""description"": ""Attached disconnected combining vowel sign or pulli to its base consonant""}, {""rule"": ""DEDUPLICATE_COMBINING_MARKS"", ""before"": ""ஐதட்பறறமப லண மில்வணபணுுவுல்போலோா ன்ா்வ்"", ""after"": ""ஐதட்பறறமப லண மில்வணபணுவுல்போலோா ன்ா்வ்"", ""description"": ""Removed duplicate consecutive combining vowel signs or pullis on the same consonant""}, {""rule"": ""REMOVE_VIRAMA_BEFORE_VOWEL"", ""before"": ""ஐதட்பறறமப லண மில்வணபணுவுல்போலோா ன்ா்வ்"", ""after"": ""ஐதட்பறறமப லண மில்வணபணுவுல்போலோா னா்வ்"", ""description"": ""Removed redundant pulli preceding an explicit vowel marker""}]",0.7667,1.0,True,236.35,data/processed/cict_gt133_lines/line_011_line_body_L8.png
CICT GT-133 Real External Test (N=23),SAMPLE_0011,line_body_L9,உளடுக மந்நொ வொளியிழை யாமிரப்ப நீடுகு மன்னோ விர ர்,ஏதிகஃ தா்மததமினபமுத ழதிசமட் ே பமம்ு் னாம ொு்,0.4433043283664367,0.8163,1.0,True,raw | pipeline_c_illum_clahe | pipeline_a_clahe | pipeline_d_sauvola_deskew,ஏதிகஃ தா்மததமினபமுத ழதிசமட் ே பமம்ு் னாம ொு் | உ மகுஃதடு றின்பம்த ழதிசம்டலமம  ுனாபாு் | ஆமகுஃ தடமிமின்பம்த ழதிடம்டலழ மம ுனாப ாக் | ஐ தைலுிின்பமத ழசடபுு அடப,0.4433 | 0.4250 | 0.3958 | 0.3872,ஏதிகஃ தா்மததமினபமுத ழதிசமட் ே பமம்ு் னாம ொு்,FIRST_PASS_RETAINED_AS_BEST_CANDIDATE_AMBIGUOUS_CANDIDATES_LOW_CONFIDENCE_BELOW_FLOOR,0.8163,1.0,ஏதிகஃ தா்மததமினபமுத ழதிசமட் ே பமமு் னாமொு்,"[{""rule"": ""DETACHED_COMBINING_SIGN_ATTACHMENT"", ""before"": ""ஏதிகஃ தா்மததமினபமுத ழதிசமட் ே பமம்ு் னாம ொு்"", ""after"": ""ஏதிகஃ தா்மததமினபமுத ழதிசமட் ே பமம்ு் னாமொு்"", ""description"": ""Attached disconnected combining vowel sign or pulli to its base consonant""}, {""rule"": ""REMOVE_VIRAMA_BEFORE_VOWEL"", ""before"": ""ஏதிகஃ தா்மததமினபமுத ழதிசமட் ே பமம்ு் னாமொு்"", ""after"": ""ஏதிகஃ தா்மததமினபமுத ழதிசமட் ே பமமு் னாமொு்"", ""description"": ""Removed redundant pulli preceding an explicit vowel marker""}]",0.8163,1.0,True,276.99,data/processed/cict_gt133_lines/line_012_line_body_L9.png
CICT GT-133 Real External Test (N=23),SAMPLE_0012,line_body_L10,உளடுதுல காமத்திற் கின் பமதற் கின்பங் கூடிமுயங்கப்  பெறி ன்,எழதட்ழலுசவிிணணலிழ்தணிணிலசல,0.24617949586648205,0.8772,1.0,True,pipeline_d_sauvola_deskew | pipeline_a_clahe | raw | pipeline_c_illum_clahe,ஐ | எுதலலமடலம்ரஎி்டணணணணைிம்்தணிணக்ணல | எழதட்ழலுசவிிணணலிழ்தணிணிலசல | எரண்ுமடலவிுுணணணைம்ணணிணு்லல,0.3848 | 0.2931 | 0.2462 | 0.2406,ஐ,SECOND_PASS_SELECTED_PIPELINE_D_SAUVOLA_DESKEW_LOW_CONFIDENCE_BELOW_FLOOR,1.0,1.0,ஐ,[],1.0,1.0,True,239.13,data/processed/cict_gt133_lines/line_013_line_body_L10.png
CICT GT-133 Real External Test (N=23),SAMPLE_0013,line_right_L1,௧,ஐ,0.39873555302619934,1.0,1.0,True,raw | pipeline_a_clahe | pipeline_c_illum_clahe | pipeline_d_sauvola_deskew,ஐ | ஐ | ஐ | ஐ,0.3987 | 0.3881 | 0.3861 | 0.3829,ஐ,FIRST_PASS_RETAINED_AS_BEST_CANDIDATE_AMBIGUOUS_CANDIDATES_LOW_CONFIDENCE_BELOW_FLOOR,1.0,1.0,ஐ,[],1.0,1.0,True,192.16,data/processed/cict_gt133_lines/line_014_line_right_L1.png
CICT GT-133 Real External Test (N=23),SAMPLE_0014,line_right_L2,௨,ஐ ்தர,0.25106595396995546,5.0,2.0,True,pipeline_a_clahe | pipeline_c_illum_clahe | pipeline_d_sauvola_deskew | raw,ஐ்ர ண | ஐண் | ஐ | ஐ ்தர,0.3765 | 0.3591 | 0.3154 | 0.2511,ஐ்ர ண,SECOND_PASS_SELECTED_PIPELINE_A_CLAHE_AMBIGUOUS_CANDIDATES_LOW_CONFIDENCE_BELOW_FLOOR,5.0,2.0,ஐ்ர ண,[],5.0,2.0,True,144.46,data/processed/cict_gt133_lines/line_015_line_right_L2.png
CICT GT-133 Real External Test (N=23),SAMPLE_0015,line_right_L3,௩,பட ்க்ழ,0.3015126451849937,7.0,2.0,True,pipeline_d_sauvola_deskew | pipeline_c_illum_clahe | raw | pipeline_a_clahe,ஐ | ஐ சசம் | பட ்க்ழ | மவிவல,0.3154 | 0.3099 | 0.3015 | 0.2579,ஐ,SECOND_PASS_SELECTED_PIPELINE_D_SAUVOLA_DESKEW_AMBIGUOUS_CANDIDATES_LOW_CONFIDENCE_BELOW_FLOOR,1.0,1.0,ஐ,[],1.0,1.0,True,86.19,data/processed/cict_gt133_lines/line_016_line_right_L3.png
CICT GT-133 Real External Test (N=23),SAMPLE_0016,line_right_L4,௪,ஏ்ி் வுண,0.33069595638662574,8.0,2.0,True,raw | pipeline_d_sauvola_deskew | pipeline_c_illum_clahe | pipeline_a_clahe,ஏ்ி் வுண | ஐ | ஐ்ிலண் | ஏ்ைலண,0.3307 | 0.3158 | 0.2910 | 0.2456,ஏ்ி் வுண,FIRST_PASS_RETAINED_AS_BEST_CANDIDATE_AMBIGUOUS_CANDIDATES_LOW_CONFIDENCE_BELOW_FLOOR,8.0,2.0,ஏி் வுண,"[{""rule"": ""REMOVE_VIRAMA_BEFORE_VOWEL"", ""before"": ""ஏ்ி் வுண"", ""after"": ""ஏி் வுண"", ""description"": ""Removed redundant pulli preceding an explicit vowel marker""}]",7.0,2.0,True,129.7,data/processed/cict_gt133_lines/line_017_line_right_L4.png
CICT GT-133 Real External Test (N=23),SAMPLE_0017,line_right_L5,௫,எ்க்லழலச,0.1979767860844731,8.0,1.0,True,pipeline_d_sauvola_deskew | pipeline_a_clahe | raw | pipeline_c_illum_clahe,ஐ | எ்தி | எ்க்லழலச | எம்,0.3145 | 0.2186 | 0.1980 | 0.1899,ஐ,SECOND_PASS_SELECTED_PIPELINE_D_SAUVOLA_DESKEW_LOW_CONFIDENCE_BELOW_FLOOR,1.0,1.0,ஐ,[],1.0,1.0,True,132.63,data/processed/cict_gt133_lines/line_018_line_right_L5.png
CICT GT-133 Real External Test (N=23),SAMPLE_0018,line_right_L6,௬,ஐ்,0.25587108358740807,2.0,1.0,True,pipeline_a_clahe | raw | pipeline_c_illum_clahe | pipeline_d_sauvola_deskew,ஐ | ஐ் | ஐண | ஐ,0.2951 | 0.2559 | 0.2087 | 0.1875,ஐ,SECOND_PASS_SELECTED_PIPELINE_A_CLAHE_LOW_CONFIDENCE_BELOW_FLOOR,1.0,1.0,ஐ,[],1.0,1.0,True,100.34,data/processed/cict_gt133_lines/line_019_line_right_L6.png
CICT GT-133 Real External Test (N=23),SAMPLE_0019,line_right_L7,௭,ஐ ழாகல,0.2659551651527484,6.0,2.0,True,pipeline_d_sauvola_deskew | raw | pipeline_a_clahe | pipeline_c_illum_clahe,ஐ | ஐ ழாகல | ஐதல | ஐதரம,0.3045 | 0.2660 | 0.1931 | 0.1643,ஐ,SECOND_PASS_SELECTED_PIPELINE_D_SAUVOLA_DESKEW_LOW_CONFIDENCE_BELOW_FLOOR,1.0,1.0,ஐ,[],1.0,1.0,True,162.74,data/processed/cict_gt133_lines/line_020_line_right_L7.png
CICT GT-133 Real External Test (N=23),SAMPLE_0020,line_right_L8,௮,ஐ்வ் த்ர,0.24967201948165893,8.0,2.0,True,pipeline_d_sauvola_deskew | pipeline_a_clahe | raw | pipeline_c_illum_clahe,ஐ | ஐுர  | ஐ்வ் த்ர | ஐத்த,0.4149 | 0.3364 | 0.2497 | 0.1650,ஐ,SECOND_PASS_SELECTED_PIPELINE_D_SAUVOLA_DESKEW_LOW_CONFIDENCE_BELOW_FLOOR,1.0,1.0,ஐ,[],1.0,1.0,True,148.8,data/processed/cict_gt133_lines/line_021_line_right_L8.png
CICT GT-133 Real External Test (N=23),SAMPLE_0021,line_right_L9,௯,ஐசடழ ை,0.2187496908009052,6.0,2.0,True,pipeline_d_sauvola_deskew | pipeline_a_clahe | pipeline_c_illum_clahe | raw,ஐ | ஐத ம | ஐ ம் | ஐசடழ ை,0.3940 | 0.3136 | 0.2748 | 0.2187,ஐ,SECOND_PASS_SELECTED_PIPELINE_D_SAUVOLA_DESKEW_LOW_CONFIDENCE_BELOW_FLOOR,1.0,1.0,ஐ,[],1.0,1.0,True,155.13,data/processed/cict_gt133_lines/line_022_line_right_L9.png
CICT GT-133 Real External Test (N=23),SAMPLE_0022,line_right_L10,௰,ஐ,0.38892173767089844,1.0,1.0,True,pipeline_d_sauvola_deskew | raw | pipeline_a_clahe | pipeline_c_illum_clahe,ஐ | ஐ | ஐ | ஐ,0.4251 | 0.3889 | 0.3620 | 0.3527,ஐ,SECOND_PASS_SELECTED_PIPELINE_D_SAUVOLA_DESKEW_LOW_CONFIDENCE_BELOW_FLOOR,1.0,1.0,ஐ,[],1.0,1.0,True,145.21,data/processed/cict_gt133_lines/line_023_line_right_L10.png
