collection,source_folio,reading_order,line_id,crop_filename,crop_path,crop_width,crop_height,aspect_ratio,status,segmentation_method,classification,manual_review_required
Naladiyar,176.jpg,1,AUTO_LINE_001,naladiyar_176_001_AUTO_LINE_001.png,data/processed/lines/automatic/naladiyar/176/naladiyar_176_001_AUTO_LINE_001.png,1501,47,31.94,OCR_READY,Horizontal_Projection_Profile_Valley_Analysis,AUTOMATICALLY_SEGMENTED,False
Naladiyar,176.jpg,2,AUTO_LINE_002,naladiyar_176_002_AUTO_LINE_002.png,data/processed/lines/automatic/naladiyar/176/naladiyar_176_002_AUTO_LINE_002.png,3599,47,76.57,OCR_READY,Horizontal_Projection_Profile_Valley_Analysis,AUTOMATICALLY_SEGMENTED,False
Naladiyar,176.jpg,3,AUTO_LINE_003,naladiyar_176_003_AUTO_LINE_003.png,data/processed/lines/automatic/naladiyar/176/naladiyar_176_003_AUTO_LINE_003.png,3713,47,79.0,OCR_READY,Horizontal_Projection_Profile_Valley_Analysis,AUTOMATICALLY_SEGMENTED,False
Naladiyar,176.jpg,4,AUTO_LINE_004,naladiyar_176_004_AUTO_LINE_004.png,data/processed/lines/automatic/naladiyar/176/naladiyar_176_004_AUTO_LINE_004.png,3793,45,84.29,OCR_READY,Horizontal_Projection_Profile_Valley_Analysis,AUTOMATICALLY_SEGMENTED,False
Naladiyar,176.jpg,5,AUTO_LINE_005,naladiyar_176_005_AUTO_LINE_005.png,data/processed/lines/automatic/naladiyar/176/naladiyar_176_005_AUTO_LINE_005.png,3796,41,92.59,EXTREME_ASPECT_RATIO,Horizontal_Projection_Profile_Valley_Analysis,AUTOMATICALLY_SEGMENTED,True
Naladiyar,176.jpg,6,AUTO_LINE_006,naladiyar_176_006_AUTO_LINE_006.png,data/processed/lines/automatic/naladiyar/176/naladiyar_176_006_AUTO_LINE_006.png,3800,48,79.17,OCR_READY,Horizontal_Projection_Profile_Valley_Analysis,AUTOMATICALLY_SEGMENTED,False
Naladiyar,176.jpg,7,AUTO_LINE_007,naladiyar_176_007_AUTO_LINE_007.png,data/processed/lines/automatic/naladiyar/176/naladiyar_176_007_AUTO_LINE_007.png,3800,41,92.68,EXTREME_ASPECT_RATIO,Horizontal_Projection_Profile_Valley_Analysis,AUTOMATICALLY_SEGMENTED,True
Naladiyar,176.jpg,8,AUTO_LINE_008,naladiyar_176_008_AUTO_LINE_008.png,data/processed/lines/automatic/naladiyar/176/naladiyar_176_008_AUTO_LINE_008.png,3800,56,67.86,OCR_READY,Horizontal_Projection_Profile_Valley_Analysis,AUTOMATICALLY_SEGMENTED,False
Naladiyar,176.jpg,9,AUTO_LINE_009,naladiyar_176_009_AUTO_LINE_009.png,data/processed/lines/automatic/naladiyar/176/naladiyar_176_009_AUTO_LINE_009.png,3799,48,79.15,OCR_READY,Horizontal_Projection_Profile_Valley_Analysis,AUTOMATICALLY_SEGMENTED,False
Naladiyar,176.jpg,10,AUTO_LINE_010,naladiyar_176_010_AUTO_LINE_010.png,data/processed/lines/automatic/naladiyar/176/naladiyar_176_010_AUTO_LINE_010.png,3796,49,77.47,OCR_READY,Horizontal_Projection_Profile_Valley_Analysis,AUTOMATICALLY_SEGMENTED,False
Naladiyar,176.jpg,11,AUTO_LINE_011,naladiyar_176_011_AUTO_LINE_011.png,data/processed/lines/automatic/naladiyar/176/naladiyar_176_011_AUTO_LINE_011.png,3733,45,82.96,OCR_READY,Horizontal_Projection_Profile_Valley_Analysis,AUTOMATICALLY_SEGMENTED,False
Naladiyar,176.jpg,12,AUTO_LINE_012,naladiyar_176_012_AUTO_LINE_012.png,data/processed/lines/automatic/naladiyar/176/naladiyar_176_012_AUTO_LINE_012.png,3186,43,74.09,OCR_READY,Horizontal_Projection_Profile_Valley_Analysis,AUTOMATICALLY_SEGMENTED,False
Naladiyar,176.jpg,13,AUTO_LINE_013,naladiyar_176_013_AUTO_LINE_013.png,data/processed/lines/automatic/naladiyar/176/naladiyar_176_013_AUTO_LINE_013.png,2182,43,50.74,OCR_READY,Horizontal_Projection_Profile_Valley_Analysis,AUTOMATICALLY_SEGMENTED,False
Naladiyar,176.jpg,14,AUTO_LINE_014,naladiyar_176_014_AUTO_LINE_014.png,data/processed/lines/automatic/naladiyar/176/naladiyar_176_014_AUTO_LINE_014.png,3996,39,102.46,EXTREME_ASPECT_RATIO,Horizontal_Projection_Profile_Valley_Analysis,AUTOMATICALLY_SEGMENTED,True
Thirikadugam,461.jpg,1,AUTO_LINE_001,thirikadugam_461_001_AUTO_LINE_001.png,data/processed/lines/automatic/thirikadugam/461/thirikadugam_461_001_AUTO_LINE_001.png,3996,42,95.14,EXTREME_ASPECT_RATIO,Horizontal_Projection_Profile_Valley_Analysis,AUTOMATICALLY_SEGMENTED,True
Thirikadugam,461.jpg,2,AUTO_LINE_002,thirikadugam_461_002_AUTO_LINE_002.png,data/processed/lines/automatic/thirikadugam/461/thirikadugam_461_002_AUTO_LINE_002.png,3996,46,86.87,EXTREME_ASPECT_RATIO,Horizontal_Projection_Profile_Valley_Analysis,AUTOMATICALLY_SEGMENTED,True
Thirikadugam,461.jpg,3,AUTO_LINE_003,thirikadugam_461_003_AUTO_LINE_003.png,data/processed/lines/automatic/thirikadugam/461/thirikadugam_461_003_AUTO_LINE_003.png,2015,46,43.8,OCR_READY,Horizontal_Projection_Profile_Valley_Analysis,AUTOMATICALLY_SEGMENTED,False
Thirikadugam,461.jpg,4,AUTO_LINE_004,thirikadugam_461_004_AUTO_LINE_004.png,data/processed/lines/automatic/thirikadugam/461/thirikadugam_461_004_AUTO_LINE_004.png,3656,46,79.48,OCR_READY,Horizontal_Projection_Profile_Valley_Analysis,AUTOMATICALLY_SEGMENTED,False
Thirikadugam,461.jpg,5,AUTO_LINE_005,thirikadugam_461_005_AUTO_LINE_005.png,data/processed/lines/automatic/thirikadugam/461/thirikadugam_461_005_AUTO_LINE_005.png,3816,73,52.27,OCR_READY,Horizontal_Projection_Profile_Valley_Analysis,AUTOMATICALLY_SEGMENTED,False
Thirikadugam,461.jpg,6,AUTO_LINE_006,thirikadugam_461_006_AUTO_LINE_006.png,data/processed/lines/automatic/thirikadugam/461/thirikadugam_461_006_AUTO_LINE_006.png,3821,51,74.92,OCR_READY,Horizontal_Projection_Profile_Valley_Analysis,AUTOMATICALLY_SEGMENTED,False
Thirikadugam,461.jpg,7,AUTO_LINE_007,thirikadugam_461_007_AUTO_LINE_007.png,data/processed/lines/automatic/thirikadugam/461/thirikadugam_461_007_AUTO_LINE_007.png,3827,36,106.31,EXTREME_ASPECT_RATIO,Horizontal_Projection_Profile_Valley_Analysis,AUTOMATICALLY_SEGMENTED,True
Thirikadugam,461.jpg,8,AUTO_LINE_008,thirikadugam_461_008_AUTO_LINE_008.png,data/processed/lines/automatic/thirikadugam/461/thirikadugam_461_008_AUTO_LINE_008.png,3831,46,83.28,OCR_READY,Horizontal_Projection_Profile_Valley_Analysis,AUTOMATICALLY_SEGMENTED,False
Thirikadugam,461.jpg,9,AUTO_LINE_009,thirikadugam_461_009_AUTO_LINE_009.png,data/processed/lines/automatic/thirikadugam/461/thirikadugam_461_009_AUTO_LINE_009.png,3832,53,72.3,OCR_READY,Horizontal_Projection_Profile_Valley_Analysis,AUTOMATICALLY_SEGMENTED,False
Thirikadugam,461.jpg,10,AUTO_LINE_010,thirikadugam_461_010_AUTO_LINE_010.png,data/processed/lines/automatic/thirikadugam/461/thirikadugam_461_010_AUTO_LINE_010.png,3809,40,95.22,EXTREME_ASPECT_RATIO,Horizontal_Projection_Profile_Valley_Analysis,AUTOMATICALLY_SEGMENTED,True
Thirikadugam,461.jpg,11,AUTO_LINE_011,thirikadugam_461_011_AUTO_LINE_011.png,data/processed/lines/automatic/thirikadugam/461/thirikadugam_461_011_AUTO_LINE_011.png,3812,40,95.3,EXTREME_ASPECT_RATIO,Horizontal_Projection_Profile_Valley_Analysis,AUTOMATICALLY_SEGMENTED,True
Thirikadugam,461.jpg,12,AUTO_LINE_012,thirikadugam_461_012_AUTO_LINE_012.png,data/processed/lines/automatic/thirikadugam/461/thirikadugam_461_012_AUTO_LINE_012.png,3753,40,93.82,EXTREME_ASPECT_RATIO,Horizontal_Projection_Profile_Valley_Analysis,AUTOMATICALLY_SEGMENTED,True
Thirikadugam,461.jpg,13,AUTO_LINE_013,thirikadugam_461_013_AUTO_LINE_013.png,data/processed/lines/automatic/thirikadugam/461/thirikadugam_461_013_AUTO_LINE_013.png,2619,40,65.47,OCR_READY,Horizontal_Projection_Profile_Valley_Analysis,AUTOMATICALLY_SEGMENTED,False
Thirikadugam,461.jpg,14,AUTO_LINE_014,thirikadugam_461_014_AUTO_LINE_014.png,data/processed/lines/automatic/thirikadugam/461/thirikadugam_461_014_AUTO_LINE_014.png,3996,40,99.9,EXTREME_ASPECT_RATIO,Horizontal_Projection_Profile_Valley_Analysis,AUTOMATICALLY_SEGMENTED,True
Thirikadugam,461.jpg,15,AUTO_LINE_015,thirikadugam_461_015_AUTO_LINE_015.png,data/processed/lines/automatic/thirikadugam/461/thirikadugam_461_015_AUTO_LINE_015.png,3996,40,99.9,EXTREME_ASPECT_RATIO,Horizontal_Projection_Profile_Valley_Analysis,AUTOMATICALLY_SEGMENTED,True
Thirikadugam,461.jpg,16,AUTO_LINE_016,thirikadugam_461_016_AUTO_LINE_016.png,data/processed/lines/automatic/thirikadugam/461/thirikadugam_461_016_AUTO_LINE_016.png,3996,40,99.9,EXTREME_ASPECT_RATIO,Horizontal_Projection_Profile_Valley_Analysis,AUTOMATICALLY_SEGMENTED,True
Tholkappiyam,351.jpg,1,AUTO_LINE_001,tholkappiyam_351_001_AUTO_LINE_001.png,data/processed/lines/automatic/tholkappiyam/351/tholkappiyam_351_001_AUTO_LINE_001.png,3996,35,114.17,EXTREME_ASPECT_RATIO,Horizontal_Projection_Profile_Valley_Analysis,AUTOMATICALLY_SEGMENTED,True
Tholkappiyam,351.jpg,2,AUTO_LINE_002,tholkappiyam_351_002_AUTO_LINE_002.png,data/processed/lines/automatic/tholkappiyam/351/tholkappiyam_351_002_AUTO_LINE_002.png,3996,39,102.46,EXTREME_ASPECT_RATIO,Horizontal_Projection_Profile_Valley_Analysis,AUTOMATICALLY_SEGMENTED,True
Tholkappiyam,351.jpg,3,AUTO_LINE_003,tholkappiyam_351_003_AUTO_LINE_003.png,data/processed/lines/automatic/tholkappiyam/351/tholkappiyam_351_003_AUTO_LINE_003.png,3996,39,102.46,EXTREME_ASPECT_RATIO,Horizontal_Projection_Profile_Valley_Analysis,AUTOMATICALLY_SEGMENTED,True
Tholkappiyam,351.jpg,4,AUTO_LINE_004,tholkappiyam_351_004_AUTO_LINE_004.png,data/processed/lines/automatic/tholkappiyam/351/tholkappiyam_351_004_AUTO_LINE_004.png,3996,39,102.46,EXTREME_ASPECT_RATIO,Horizontal_Projection_Profile_Valley_Analysis,AUTOMATICALLY_SEGMENTED,True
Tholkappiyam,351.jpg,5,AUTO_LINE_005,tholkappiyam_351_005_AUTO_LINE_005.png,data/processed/lines/automatic/tholkappiyam/351/tholkappiyam_351_005_AUTO_LINE_005.png,791,39,20.28,OCR_READY,Horizontal_Projection_Profile_Valley_Analysis,AUTOMATICALLY_SEGMENTED,False
Tholkappiyam,351.jpg,6,AUTO_LINE_006,tholkappiyam_351_006_AUTO_LINE_006.png,data/processed/lines/automatic/tholkappiyam/351/tholkappiyam_351_006_AUTO_LINE_006.png,3817,68,56.13,OCR_READY,Horizontal_Projection_Profile_Valley_Analysis,AUTOMATICALLY_SEGMENTED,False
Tholkappiyam,351.jpg,7,AUTO_LINE_007,tholkappiyam_351_007_AUTO_LINE_007.png,data/processed/lines/automatic/tholkappiyam/351/tholkappiyam_351_007_AUTO_LINE_007.png,3960,46,86.09,EXTREME_ASPECT_RATIO,Horizontal_Projection_Profile_Valley_Analysis,AUTOMATICALLY_SEGMENTED,True
Tholkappiyam,351.jpg,8,AUTO_LINE_008,tholkappiyam_351_008_AUTO_LINE_008.png,data/processed/lines/automatic/tholkappiyam/351/tholkappiyam_351_008_AUTO_LINE_008.png,3967,49,80.96,OCR_READY,Horizontal_Projection_Profile_Valley_Analysis,AUTOMATICALLY_SEGMENTED,False
Tholkappiyam,351.jpg,9,AUTO_LINE_009,tholkappiyam_351_009_AUTO_LINE_009.png,data/processed/lines/automatic/tholkappiyam/351/tholkappiyam_351_009_AUTO_LINE_009.png,3969,46,86.28,EXTREME_ASPECT_RATIO,Horizontal_Projection_Profile_Valley_Analysis,AUTOMATICALLY_SEGMENTED,True
Tholkappiyam,351.jpg,10,AUTO_LINE_010,tholkappiyam_351_010_AUTO_LINE_010.png,data/processed/lines/automatic/tholkappiyam/351/tholkappiyam_351_010_AUTO_LINE_010.png,3969,50,79.38,OCR_READY,Horizontal_Projection_Profile_Valley_Analysis,AUTOMATICALLY_SEGMENTED,False
Tholkappiyam,351.jpg,11,AUTO_LINE_011,tholkappiyam_351_011_AUTO_LINE_011.png,data/processed/lines/automatic/tholkappiyam/351/tholkappiyam_351_011_AUTO_LINE_011.png,3887,49,79.33,OCR_READY,Horizontal_Projection_Profile_Valley_Analysis,AUTOMATICALLY_SEGMENTED,False
Tholkappiyam,351.jpg,12,AUTO_LINE_012,tholkappiyam_351_012_AUTO_LINE_012.png,data/processed/lines/automatic/tholkappiyam/351/tholkappiyam_351_012_AUTO_LINE_012.png,3524,60,58.73,OCR_READY,Horizontal_Projection_Profile_Valley_Analysis,AUTOMATICALLY_SEGMENTED,False
Tholkappiyam,351.jpg,13,AUTO_LINE_013,tholkappiyam_351_013_AUTO_LINE_013.png,data/processed/lines/automatic/tholkappiyam/351/tholkappiyam_351_013_AUTO_LINE_013.png,2648,40,66.2,OCR_READY,Horizontal_Projection_Profile_Valley_Analysis,AUTOMATICALLY_SEGMENTED,False
Tholkappiyam,351.jpg,14,AUTO_LINE_014,tholkappiyam_351_014_AUTO_LINE_014.png,data/processed/lines/automatic/tholkappiyam/351/tholkappiyam_351_014_AUTO_LINE_014.png,70,40,1.75,OCR_READY,Horizontal_Projection_Profile_Valley_Analysis,AUTOMATICALLY_SEGMENTED,False
Tholkappiyam,351.jpg,15,AUTO_LINE_015,tholkappiyam_351_015_AUTO_LINE_015.png,data/processed/lines/automatic/tholkappiyam/351/tholkappiyam_351_015_AUTO_LINE_015.png,3996,40,99.9,EXTREME_ASPECT_RATIO,Horizontal_Projection_Profile_Valley_Analysis,AUTOMATICALLY_SEGMENTED,True
Tholkappiyam,351.jpg,16,AUTO_LINE_016,tholkappiyam_351_016_AUTO_LINE_016.png,data/processed/lines/automatic/tholkappiyam/351/tholkappiyam_351_016_AUTO_LINE_016.png,3996,37,108.0,EXTREME_ASPECT_RATIO,Horizontal_Projection_Profile_Valley_Analysis,AUTOMATICALLY_SEGMENTED,True
