experiment_id,experiment_name,dataset,source_id,line_id,ground_truth,prediction,confidence,cer,wer,exact_match,latency_ms,preprocessing,image_path
EXP-A,Pretrained TamilCRNN + Raw,Synthetic Test (N=35),SAMPLE_0000,LINE_000,குரைவிடை நின்றார் கொளீஇய – விரைவினோடு,௹99௷௭9@9,0.923,1.0,1.0,False,354.34,raw,data/synthetic/degraded/SYNTH_TEST_00186_degraded.png
EXP-A,Pretrained TamilCRNN + Raw,Synthetic Test (N=35),SAMPLE_0001,LINE_001,யாண்டும் இடும்பை இல,"[]_`""``'[2௴",0.6612,1.0,1.0,False,36.26,raw,data/synthetic/degraded/SYNTH_TEST_00187_degraded.png
EXP-A,Pretrained TamilCRNN + Raw,Synthetic Test (N=35),SAMPLE_0002,LINE_002,வேண்டுதல் வேண்டாமை இலானடி சேர்ந்தார்க்கு,99௭9௹௷௷,0.9445,1.0,1.0,False,85.3,raw,data/synthetic/degraded/SYNTH_TEST_00188_degraded.png
EXP-A,Pretrained TamilCRNN + Raw,Synthetic Test (N=35),SAMPLE_0003,LINE_003,பிறந்தாராம் என்னா விழுமம்,9௱9,0.9466,1.0,1.0,False,75.96,raw,data/synthetic/degraded/SYNTH_TEST_00189_degraded.png
EXP-A,Pretrained TamilCRNN + Raw,Synthetic Test (N=35),SAMPLE_0004,LINE_004,பிறந்தாராம் என்னா விழுமம்,௪௹௹௱99,0.8675,1.0,1.0,False,21.43,raw,data/synthetic/degraded/SYNTH_TEST_00190_degraded.png
EXP-A,Pretrained TamilCRNN + Raw,Synthetic Test (N=35),SAMPLE_0005,LINE_005,பிறந்தாராம் என்னா விழுமம்,[௸௱,0.9229,1.0,1.0,False,34.41,raw,data/synthetic/degraded/SYNTH_TEST_00191_degraded.png
EXP-A,Pretrained TamilCRNN + Raw,Synthetic Test (N=35),SAMPLE_0006,LINE_006,வேண்டுதல் வேண்டாமை இலானடி சேர்ந்தார்க்கு,99௭9௹௷௷,0.979,1.0,1.0,False,42.83,raw,data/synthetic/degraded/SYNTH_TEST_00192_degraded.png
EXP-A,Pretrained TamilCRNN + Raw,Synthetic Test (N=35),SAMPLE_0007,LINE_007,வேண்டுதல் வேண்டாமை இலானடி சேர்ந்தார்க்கு,௰௰௭9௪௸௷9`98,0.8091,1.0,1.0,False,74.4,raw,data/synthetic/degraded/SYNTH_TEST_00193_degraded.png
EXP-A,Pretrained TamilCRNN + Raw,Synthetic Test (N=35),SAMPLE_0008,LINE_008,யாண்டும் இடும்பை இல,"9௳9]9""9",0.8188,1.0,1.0,False,39.11,raw,data/synthetic/degraded/SYNTH_TEST_00194_degraded.png
EXP-A,Pretrained TamilCRNN + Raw,Synthetic Test (N=35),SAMPLE_0009,LINE_009,பிறந்தாராம் என்னா விழுமம்,9௱99,0.9581,1.0,1.0,False,38.08,raw,data/synthetic/degraded/SYNTH_TEST_00195_degraded.png
EXP-A,Pretrained TamilCRNN + Raw,Synthetic Test (N=35),SAMPLE_0010,LINE_010,மனக்கவலை மாற்றல் அரிது,௷௷99௫9,0.9653,1.0,1.0,False,34.96,raw,data/synthetic/degraded/SYNTH_TEST_00196_degraded.png
EXP-A,Pretrained TamilCRNN + Raw,Synthetic Test (N=35),SAMPLE_0011,LINE_011,வேண்டுதல் வேண்டாமை இலானடி சேர்ந்தார்க்கு,௷99௭9௹௷௹,0.9334,1.0,1.0,False,87.83,raw,data/synthetic/degraded/SYNTH_TEST_00197_degraded.png
EXP-A,Pretrained TamilCRNN + Raw,Synthetic Test (N=35),SAMPLE_0012,LINE_012,பிறந்தாராம் என்னா விழுமம்,]9௹௯௱9,0.843,1.0,1.0,False,21.12,raw,data/synthetic/degraded/SYNTH_TEST_00198_degraded.png
EXP-A,Pretrained TamilCRNN + Raw,Synthetic Test (N=35),SAMPLE_0013,LINE_013,நரைவருமென் றெண்ணி நல்லறி வாளர்,ெ9{,0.6459,0.9667,1.0,False,42.74,raw,data/synthetic/degraded/SYNTH_TEST_00199_degraded.png
EXP-A,Pretrained TamilCRNN + Raw,Synthetic Test (N=35),SAMPLE_0014,LINE_014,அறஞ்செய்யா ராயின் அருந்துயர்க் குற்ற,௫௹9௫௷9௷,0.9476,1.0,1.0,False,49.7,raw,data/synthetic/degraded/SYNTH_TEST_00200_degraded.png
EXP-A,Pretrained TamilCRNN + Raw,Synthetic Test (N=35),SAMPLE_0015,LINE_015,பிறந்தாராம் என்னா விழுமம்,9௱9,0.9784,1.0,1.0,False,76.09,raw,data/synthetic/degraded/SYNTH_TEST_00201_degraded.png
EXP-A,Pretrained TamilCRNN + Raw,Synthetic Test (N=35),SAMPLE_0016,LINE_016,தனக்குவமை இல்லாதான் தாள்சேர்ந்தார்க் கல்லால்,9௷௷9௭9௹௷9௷,0.975,1.0,1.0,False,40.99,raw,data/synthetic/degraded/SYNTH_TEST_00202_degraded.png
EXP-A,Pretrained TamilCRNN + Raw,Synthetic Test (N=35),SAMPLE_0017,LINE_017,குரைவிடை நின்றார் கொளீஇய – விரைவினோடு,௷9௷௭௪,0.9112,1.0,1.0,False,84.81,raw,data/synthetic/degraded/SYNTH_TEST_00203_degraded.png
EXP-A,Pretrained TamilCRNN + Raw,Synthetic Test (N=35),SAMPLE_0018,LINE_018,நரைவருமென் றெண்ணி நல்லறி வாளர்,3999,0.8905,1.0,1.0,False,84.21,raw,data/synthetic/degraded/SYNTH_TEST_00204_degraded.png
EXP-A,Pretrained TamilCRNN + Raw,Synthetic Test (N=35),SAMPLE_0019,LINE_019,பிறந்தாராம் என்னா விழுமம்,9௱99,0.9776,1.0,1.0,False,21.16,raw,data/synthetic/degraded/SYNTH_TEST_00205_degraded.png
EXP-A,Pretrained TamilCRNN + Raw,Synthetic Test (N=35),SAMPLE_0020,LINE_020,அறஞ்செய்யா ராயின் அருந்துயர்க் குற்ற,௫௹99௫௷9௷94,0.8911,1.0,1.0,False,39.42,raw,data/synthetic/degraded/SYNTH_TEST_00206_degraded.png
EXP-A,Pretrained TamilCRNN + Raw,Synthetic Test (N=35),SAMPLE_0021,LINE_021,வேண்டுதல் வேண்டாமை இலானடி சேர்ந்தார்க்கு,99௭9௹௷௷,0.9395,1.0,1.0,False,86.62,raw,data/synthetic/degraded/SYNTH_TEST_00207_degraded.png
EXP-A,Pretrained TamilCRNN + Raw,Synthetic Test (N=35),SAMPLE_0022,LINE_022,அறஞ்செய்யா ராயின் அருந்துயர்க் குற்ற,௫[ஒ9௫௷௷9௷,0.7975,1.0,1.0,False,78.03,raw,data/synthetic/degraded/SYNTH_TEST_00208_degraded.png
EXP-A,Pretrained TamilCRNN + Raw,Synthetic Test (N=35),SAMPLE_0023,LINE_023,யாண்டும் இடும்பை இல,௯9௭9௭94,0.9528,1.0,1.0,False,30.9,raw,data/synthetic/degraded/SYNTH_TEST_00209_degraded.png
EXP-A,Pretrained TamilCRNN + Raw,Synthetic Test (N=35),SAMPLE_0024,LINE_024,மனக்கவலை மாற்றல் அரிது,௷௷9ஈ9௫,0.9156,1.0,1.0,False,35.97,raw,data/synthetic/degraded/SYNTH_TEST_00210_degraded.png
EXP-A,Pretrained TamilCRNN + Raw,Synthetic Test (N=35),SAMPLE_0025,LINE_025,மனக்கவலை மாற்றல் அரிது,௷௷9௫,0.9673,1.0,1.0,False,26.1,raw,data/synthetic/degraded/SYNTH_TEST_00211_degraded.png
EXP-A,Pretrained TamilCRNN + Raw,Synthetic Test (N=35),SAMPLE_0026,LINE_026,அறஞ்செய்யா ராயின் அருந்துயர்க் குற்ற,௫௹99௫௷௷,0.9898,1.0,1.0,False,40.09,raw,data/synthetic/degraded/SYNTH_TEST_00212_degraded.png
EXP-A,Pretrained TamilCRNN + Raw,Synthetic Test (N=35),SAMPLE_0027,LINE_027,மனக்கவலை மாற்றல் அரிது,௷௷99௫,0.9614,1.0,1.0,False,64.17,raw,data/synthetic/degraded/SYNTH_TEST_00213_degraded.png
EXP-A,Pretrained TamilCRNN + Raw,Synthetic Test (N=35),SAMPLE_0028,LINE_028,வேண்டுதல் வேண்டாமை இலானடி சேர்ந்தார்க்கு,௷99௭9௹௷௷,0.9197,1.0,1.0,False,56.56,raw,data/synthetic/degraded/SYNTH_TEST_00214_degraded.png
EXP-A,Pretrained TamilCRNN + Raw,Synthetic Test (N=35),SAMPLE_0029,LINE_029,அறஞ்செய்யா ராயின் அருந்துயர்க் குற்ற,௹9௫௷௷9,0.9505,1.0,1.0,False,82.12,raw,data/synthetic/degraded/SYNTH_TEST_00215_degraded.png
EXP-A,Pretrained TamilCRNN + Raw,Synthetic Test (N=35),SAMPLE_0030,LINE_030,பிறந்தாராம் என்னா விழுமம்,9௱9,0.9925,1.0,1.0,False,42.78,raw,data/synthetic/degraded/SYNTH_TEST_00216_degraded.png
EXP-A,Pretrained TamilCRNN + Raw,Synthetic Test (N=35),SAMPLE_0031,LINE_031,வேண்டுதல் வேண்டாமை இலானடி சேர்ந்தார்க்கு,௷99௭௹௷௷,0.9379,1.0,1.0,False,71.53,raw,data/synthetic/degraded/SYNTH_TEST_00217_degraded.png
EXP-A,Pretrained TamilCRNN + Raw,Synthetic Test (N=35),SAMPLE_0032,LINE_032,தனக்குவமை இல்லாதான் தாள்சேர்ந்தார்க் கல்லால்,9௷௷9௭9௹௷9௷,0.983,1.0,1.0,False,44.67,raw,data/synthetic/degraded/SYNTH_TEST_00218_degraded.png
EXP-A,Pretrained TamilCRNN + Raw,Synthetic Test (N=35),SAMPLE_0033,LINE_033,வேண்டுதல் வேண்டாமை இலானடி சேர்ந்தார்க்கு,99௭9௮௹௹௷௷௷,0.9067,1.0,1.0,False,82.48,raw,data/synthetic/degraded/SYNTH_TEST_00219_degraded.png
EXP-A,Pretrained TamilCRNN + Raw,Synthetic Test (N=35),SAMPLE_0034,LINE_034,குரைவிடை நின்றார் கொளீஇய – விரைவினோடு,௷9௷௭9@9,0.9382,1.0,1.0,False,48.97,raw,data/synthetic/degraded/SYNTH_TEST_00220_degraded.png
EXP-B,Pretrained TamilCRNN + Pipeline C (Illum+CLAHE),Synthetic Test (N=35),SAMPLE_0000,LINE_000,குரைவிடை நின்றார் கொளீஇய – விரைவினோடு,௷99௷௭9@9,0.9334,1.0,1.0,False,37.4,pipeline_c_illum_clahe,data/synthetic/degraded/SYNTH_TEST_00186_degraded.png
EXP-B,Pretrained TamilCRNN + Pipeline C (Illum+CLAHE),Synthetic Test (N=35),SAMPLE_0001,LINE_001,யாண்டும் இடும்பை இல,"[]9']!`""``'[௬]",0.5975,1.0,1.0,False,25.48,pipeline_c_illum_clahe,data/synthetic/degraded/SYNTH_TEST_00187_degraded.png
EXP-B,Pretrained TamilCRNN + Pipeline C (Illum+CLAHE),Synthetic Test (N=35),SAMPLE_0002,LINE_002,வேண்டுதல் வேண்டாமை இலானடி சேர்ந்தார்க்கு,99௭9௹௷௷,0.9365,1.0,1.0,False,35.08,pipeline_c_illum_clahe,data/synthetic/degraded/SYNTH_TEST_00188_degraded.png
EXP-B,Pretrained TamilCRNN + Pipeline C (Illum+CLAHE),Synthetic Test (N=35),SAMPLE_0003,LINE_003,பிறந்தாராம் என்னா விழுமம்,9௱9,0.9462,1.0,1.0,False,23.54,pipeline_c_illum_clahe,data/synthetic/degraded/SYNTH_TEST_00189_degraded.png
EXP-B,Pretrained TamilCRNN + Pipeline C (Illum+CLAHE),Synthetic Test (N=35),SAMPLE_0004,LINE_004,பிறந்தாராம் என்னா விழுமம்,௪௹௹9௱க,0.8923,1.0,1.0,False,24.09,pipeline_c_illum_clahe,data/synthetic/degraded/SYNTH_TEST_00190_degraded.png
EXP-B,Pretrained TamilCRNN + Pipeline C (Illum+CLAHE),Synthetic Test (N=35),SAMPLE_0005,LINE_005,பிறந்தாராம் என்னா விழுமம்,[9௱ஔ,0.9315,1.0,1.0,False,21.45,pipeline_c_illum_clahe,data/synthetic/degraded/SYNTH_TEST_00191_degraded.png
EXP-B,Pretrained TamilCRNN + Pipeline C (Illum+CLAHE),Synthetic Test (N=35),SAMPLE_0006,LINE_006,வேண்டுதல் வேண்டாமை இலானடி சேர்ந்தார்க்கு,99௭9௹௷௷,0.9621,1.0,1.0,False,31.14,pipeline_c_illum_clahe,data/synthetic/degraded/SYNTH_TEST_00192_degraded.png
EXP-B,Pretrained TamilCRNN + Pipeline C (Illum+CLAHE),Synthetic Test (N=35),SAMPLE_0007,LINE_007,வேண்டுதல் வேண்டாமை இலானடி சேர்ந்தார்க்கு,"௰௰39% 9""9௷௷௷8",0.7926,0.975,1.0,False,33.09,pipeline_c_illum_clahe,data/synthetic/degraded/SYNTH_TEST_00193_degraded.png
EXP-B,Pretrained TamilCRNN + Pipeline C (Illum+CLAHE),Synthetic Test (N=35),SAMPLE_0008,LINE_008,யாண்டும் இடும்பை இல,"9௳]9""",0.8362,1.0,1.0,False,20.19,pipeline_c_illum_clahe,data/synthetic/degraded/SYNTH_TEST_00194_degraded.png
EXP-B,Pretrained TamilCRNN + Pipeline C (Illum+CLAHE),Synthetic Test (N=35),SAMPLE_0009,LINE_009,பிறந்தாராம் என்னா விழுமம்,9௱99,0.9279,1.0,1.0,False,29.52,pipeline_c_illum_clahe,data/synthetic/degraded/SYNTH_TEST_00195_degraded.png
EXP-B,Pretrained TamilCRNN + Pipeline C (Illum+CLAHE),Synthetic Test (N=35),SAMPLE_0010,LINE_010,மனக்கவலை மாற்றல் அரிது,௷௷99௫9,0.9696,1.0,1.0,False,24.15,pipeline_c_illum_clahe,data/synthetic/degraded/SYNTH_TEST_00196_degraded.png
EXP-B,Pretrained TamilCRNN + Pipeline C (Illum+CLAHE),Synthetic Test (N=35),SAMPLE_0011,LINE_011,வேண்டுதல் வேண்டாமை இலானடி சேர்ந்தார்க்கு,௷99௭9௹௷௹,0.9453,1.0,1.0,False,33.07,pipeline_c_illum_clahe,data/synthetic/degraded/SYNTH_TEST_00197_degraded.png
EXP-B,Pretrained TamilCRNN + Pipeline C (Illum+CLAHE),Synthetic Test (N=35),SAMPLE_0012,LINE_012,பிறந்தாராம் என்னா விழுமம்,]9௹௯௱௹ெ9,0.8045,1.0,1.0,False,23.11,pipeline_c_illum_clahe,data/synthetic/degraded/SYNTH_TEST_00198_degraded.png
EXP-B,Pretrained TamilCRNN + Pipeline C (Illum+CLAHE),Synthetic Test (N=35),SAMPLE_0013,LINE_013,நரைவருமென் றெண்ணி நல்லறி வாளர்,௹ஈ98.,0.8075,1.0,1.0,False,28.92,pipeline_c_illum_clahe,data/synthetic/degraded/SYNTH_TEST_00199_degraded.png
EXP-B,Pretrained TamilCRNN + Pipeline C (Illum+CLAHE),Synthetic Test (N=35),SAMPLE_0014,LINE_014,அறஞ்செய்யா ராயின் அருந்துயர்க் குற்ற,௫௹9௫௷௷,0.9725,1.0,1.0,False,36.23,pipeline_c_illum_clahe,data/synthetic/degraded/SYNTH_TEST_00200_degraded.png
EXP-B,Pretrained TamilCRNN + Pipeline C (Illum+CLAHE),Synthetic Test (N=35),SAMPLE_0015,LINE_015,பிறந்தாராம் என்னா விழுமம்,9௱9,0.9663,1.0,1.0,False,24.03,pipeline_c_illum_clahe,data/synthetic/degraded/SYNTH_TEST_00201_degraded.png
EXP-B,Pretrained TamilCRNN + Pipeline C (Illum+CLAHE),Synthetic Test (N=35),SAMPLE_0016,LINE_016,தனக்குவமை இல்லாதான் தாள்சேர்ந்தார்க் கல்லால்,9௷௷௷9௭9௹௷9௷,0.967,1.0,1.0,False,30.77,pipeline_c_illum_clahe,data/synthetic/degraded/SYNTH_TEST_00202_degraded.png
EXP-B,Pretrained TamilCRNN + Pipeline C (Illum+CLAHE),Synthetic Test (N=35),SAMPLE_0017,LINE_017,குரைவிடை நின்றார் கொளீஇய – விரைவினோடு,9௷௭9௪,0.9063,1.0,1.0,False,34.79,pipeline_c_illum_clahe,data/synthetic/degraded/SYNTH_TEST_00203_degraded.png
EXP-B,Pretrained TamilCRNN + Pipeline C (Illum+CLAHE),Synthetic Test (N=35),SAMPLE_0018,LINE_018,நரைவருமென் றெண்ணி நல்லறி வாளர்,399ஏ9,0.8982,1.0,1.0,False,30.14,pipeline_c_illum_clahe,data/synthetic/degraded/SYNTH_TEST_00204_degraded.png
EXP-B,Pretrained TamilCRNN + Pipeline C (Illum+CLAHE),Synthetic Test (N=35),SAMPLE_0019,LINE_019,பிறந்தாராம் என்னா விழுமம்,9௱99,0.9753,1.0,1.0,False,23.31,pipeline_c_illum_clahe,data/synthetic/degraded/SYNTH_TEST_00205_degraded.png
EXP-B,Pretrained TamilCRNN + Pipeline C (Illum+CLAHE),Synthetic Test (N=35),SAMPLE_0020,LINE_020,அறஞ்செய்யா ராயின் அருந்துயர்க் குற்ற,௫௹99௫௷9௷ 9,0.9454,0.9722,1.0,False,28.01,pipeline_c_illum_clahe,data/synthetic/degraded/SYNTH_TEST_00206_degraded.png
EXP-B,Pretrained TamilCRNN + Pipeline C (Illum+CLAHE),Synthetic Test (N=35),SAMPLE_0021,LINE_021,வேண்டுதல் வேண்டாமை இலானடி சேர்ந்தார்க்கு,99௭9௹௷௷,0.9609,1.0,1.0,False,34.54,pipeline_c_illum_clahe,data/synthetic/degraded/SYNTH_TEST_00207_degraded.png
EXP-B,Pretrained TamilCRNN + Pipeline C (Illum+CLAHE),Synthetic Test (N=35),SAMPLE_0022,LINE_022,அறஞ்செய்யா ராயின் அருந்துயர்க் குற்ற,௫௹9௫௷9௷ஔ,0.8186,1.0,1.0,False,26.06,pipeline_c_illum_clahe,data/synthetic/degraded/SYNTH_TEST_00208_degraded.png
EXP-B,Pretrained TamilCRNN + Pipeline C (Illum+CLAHE),Synthetic Test (N=35),SAMPLE_0023,LINE_023,யாண்டும் இடும்பை இல,9௭9௭94,0.9514,1.0,1.0,False,19.55,pipeline_c_illum_clahe,data/synthetic/degraded/SYNTH_TEST_00209_degraded.png
EXP-B,Pretrained TamilCRNN + Pipeline C (Illum+CLAHE),Synthetic Test (N=35),SAMPLE_0024,LINE_024,மனக்கவலை மாற்றல் அரிது,௷௷99௫,0.9319,1.0,1.0,False,22.33,pipeline_c_illum_clahe,data/synthetic/degraded/SYNTH_TEST_00210_degraded.png
EXP-B,Pretrained TamilCRNN + Pipeline C (Illum+CLAHE),Synthetic Test (N=35),SAMPLE_0025,LINE_025,மனக்கவலை மாற்றல் அரிது,௷௷9௫,0.959,1.0,1.0,False,24.18,pipeline_c_illum_clahe,data/synthetic/degraded/SYNTH_TEST_00211_degraded.png
EXP-B,Pretrained TamilCRNN + Pipeline C (Illum+CLAHE),Synthetic Test (N=35),SAMPLE_0026,LINE_026,அறஞ்செய்யா ராயின் அருந்துயர்க் குற்ற,௫௫௹99௫௷9௷,0.9752,1.0,1.0,False,27.64,pipeline_c_illum_clahe,data/synthetic/degraded/SYNTH_TEST_00212_degraded.png
EXP-B,Pretrained TamilCRNN + Pipeline C (Illum+CLAHE),Synthetic Test (N=35),SAMPLE_0027,LINE_027,மனக்கவலை மாற்றல் அரிது,௷௷99௫,0.9443,1.0,1.0,False,22.19,pipeline_c_illum_clahe,data/synthetic/degraded/SYNTH_TEST_00213_degraded.png
EXP-B,Pretrained TamilCRNN + Pipeline C (Illum+CLAHE),Synthetic Test (N=35),SAMPLE_0028,LINE_028,வேண்டுதல் வேண்டாமை இலானடி சேர்ந்தார்க்கு,௷9ஔ9௭9௹௷௷,0.9199,1.0,1.0,False,32.01,pipeline_c_illum_clahe,data/synthetic/degraded/SYNTH_TEST_00214_degraded.png
EXP-B,Pretrained TamilCRNN + Pipeline C (Illum+CLAHE),Synthetic Test (N=35),SAMPLE_0029,LINE_029,அறஞ்செய்யா ராயின் அருந்துயர்க் குற்ற,௹9௫௷௷9,0.9489,1.0,1.0,False,29.26,pipeline_c_illum_clahe,data/synthetic/degraded/SYNTH_TEST_00215_degraded.png
EXP-B,Pretrained TamilCRNN + Pipeline C (Illum+CLAHE),Synthetic Test (N=35),SAMPLE_0030,LINE_030,பிறந்தாராம் என்னா விழுமம்,9௱9,0.9798,1.0,1.0,False,27.15,pipeline_c_illum_clahe,data/synthetic/degraded/SYNTH_TEST_00216_degraded.png
EXP-B,Pretrained TamilCRNN + Pipeline C (Illum+CLAHE),Synthetic Test (N=35),SAMPLE_0031,LINE_031,வேண்டுதல் வேண்டாமை இலானடி சேர்ந்தார்க்கு,99௭௹௷௷,0.9593,1.0,1.0,False,33.72,pipeline_c_illum_clahe,data/synthetic/degraded/SYNTH_TEST_00217_degraded.png
EXP-B,Pretrained TamilCRNN + Pipeline C (Illum+CLAHE),Synthetic Test (N=35),SAMPLE_0032,LINE_032,தனக்குவமை இல்லாதான் தாள்சேர்ந்தார்க் கல்லால்,9௷௷9௭9௹௷9௷,0.9704,1.0,1.0,False,54.02,pipeline_c_illum_clahe,data/synthetic/degraded/SYNTH_TEST_00218_degraded.png
EXP-B,Pretrained TamilCRNN + Pipeline C (Illum+CLAHE),Synthetic Test (N=35),SAMPLE_0033,LINE_033,வேண்டுதல் வேண்டாமை இலானடி சேர்ந்தார்க்கு,[999௭9'௹௹௷௷௷,0.904,1.0,1.0,False,35.38,pipeline_c_illum_clahe,data/synthetic/degraded/SYNTH_TEST_00219_degraded.png
EXP-B,Pretrained TamilCRNN + Pipeline C (Illum+CLAHE),Synthetic Test (N=35),SAMPLE_0034,LINE_034,குரைவிடை நின்றார் கொளீஇய – விரைவினோடு,௷99௷௭9@9,0.9446,1.0,1.0,False,34.12,pipeline_c_illum_clahe,data/synthetic/degraded/SYNTH_TEST_00220_degraded.png
EXP-C,Fine-Tuned TamilCRNN + Raw,Synthetic Test (N=35),SAMPLE_0000,LINE_000,குரைவிடை நின்றார் கொளீஇய – விரைவினோடு,கரைவிடை நீின்றார் கொளஇய் த விரைவினேோடு,0.9388,0.1622,1.0,False,33.13,raw,data/synthetic/degraded/SYNTH_TEST_00186_degraded.png
EXP-C,Fine-Tuned TamilCRNN + Raw,Synthetic Test (N=35),SAMPLE_0001,LINE_001,யாண்டும் இடும்பை இல,ஐபகாவர ழமோய பனெகவ்,0.4701,0.9474,1.0,False,21.55,raw,data/synthetic/degraded/SYNTH_TEST_00187_degraded.png
EXP-C,Fine-Tuned TamilCRNN + Raw,Synthetic Test (N=35),SAMPLE_0002,LINE_002,வேண்டுதல் வேண்டாமை இலானடி சேர்ந்தார்க்கு,வேண்டுதல் வேண்டாமை இலானடி் சேர்ந்தார்க்கு,0.9599,0.025,0.25,False,36.34,raw,data/synthetic/degraded/SYNTH_TEST_00188_degraded.png
EXP-C,Fine-Tuned TamilCRNN + Raw,Synthetic Test (N=35),SAMPLE_0003,LINE_003,பிறந்தாராம் என்னா விழுமம்,பிறந்தாராம் என்னா விழுமும்,0.946,0.04,0.3333,False,22.11,raw,data/synthetic/degraded/SYNTH_TEST_00189_degraded.png
EXP-C,Fine-Tuned TamilCRNN + Raw,Synthetic Test (N=35),SAMPLE_0004,LINE_004,பிறந்தாராம் என்னா விழுமம்,பிறந்தராம் என்னா விழுமும்,0.9094,0.08,0.6667,False,28.63,raw,data/synthetic/degraded/SYNTH_TEST_00190_degraded.png
EXP-C,Fine-Tuned TamilCRNN + Raw,Synthetic Test (N=35),SAMPLE_0005,LINE_005,பிறந்தாராம் என்னா விழுமம்,பிறந்தாராம் என்னா விழுமும்,0.9214,0.04,0.3333,False,22.89,raw,data/synthetic/degraded/SYNTH_TEST_00191_degraded.png
EXP-C,Fine-Tuned TamilCRNN + Raw,Synthetic Test (N=35),SAMPLE_0006,LINE_006,வேண்டுதல் வேண்டாமை இலானடி சேர்ந்தார்க்கு,வண்டுதல் வேண்டாமை இலானடி சேர்ந்தார்க்கு,0.9442,0.025,0.25,False,30.29,raw,data/synthetic/degraded/SYNTH_TEST_00192_degraded.png
EXP-C,Fine-Tuned TamilCRNN + Raw,Synthetic Test (N=35),SAMPLE_0007,LINE_007,வேண்டுதல் வேண்டாமை இலானடி சேர்ந்தார்க்கு,ஐேணத்ற வேணட ழமை ெலானடி் சர்ற்தாம்தச,0.7591,0.45,1.25,False,30.07,raw,data/synthetic/degraded/SYNTH_TEST_00193_degraded.png
EXP-C,Fine-Tuned TamilCRNN + Raw,Synthetic Test (N=35),SAMPLE_0008,LINE_008,யாண்டும் இடும்பை இல,மாண்டும் ேடும்பன இ்,0.8161,0.2105,1.0,False,19.52,raw,data/synthetic/degraded/SYNTH_TEST_00194_degraded.png
EXP-C,Fine-Tuned TamilCRNN + Raw,Synthetic Test (N=35),SAMPLE_0009,LINE_009,பிறந்தாராம் என்னா விழுமம்,பிறந்தாராம் என்னா விழுமும்,0.9506,0.04,0.3333,False,20.0,raw,data/synthetic/degraded/SYNTH_TEST_00195_degraded.png
EXP-C,Fine-Tuned TamilCRNN + Raw,Synthetic Test (N=35),SAMPLE_0010,LINE_010,மனக்கவலை மாற்றல் அரிது,மனக்கவலை மாற்றல் அரிது,0.9536,0.0,0.0,True,19.16,raw,data/synthetic/degraded/SYNTH_TEST_00196_degraded.png
EXP-C,Fine-Tuned TamilCRNN + Raw,Synthetic Test (N=35),SAMPLE_0011,LINE_011,வேண்டுதல் வேண்டாமை இலானடி சேர்ந்தார்க்கு,வேண்டுதல் வேண்டாமை இலானடி சேர்ந்தார்க்கு,0.9387,0.0,0.0,True,32.04,raw,data/synthetic/degraded/SYNTH_TEST_00197_degraded.png
EXP-C,Fine-Tuned TamilCRNN + Raw,Synthetic Test (N=35),SAMPLE_0012,LINE_012,பிறந்தாராம் என்னா விழுமம்,பிறற்ார்ாம் என்னாவிமமம்,0.7955,0.24,1.0,False,20.27,raw,data/synthetic/degraded/SYNTH_TEST_00198_degraded.png
EXP-C,Fine-Tuned TamilCRNN + Raw,Synthetic Test (N=35),SAMPLE_0013,LINE_013,நரைவருமென் றெண்ணி நல்லறி வாளர்,ஏ்வஎழமவத ெதசஎ சிசல்ைசிவழனர்,0.5642,0.7,1.0,False,27.95,raw,data/synthetic/degraded/SYNTH_TEST_00199_degraded.png
EXP-C,Fine-Tuned TamilCRNN + Raw,Synthetic Test (N=35),SAMPLE_0014,LINE_014,அறஞ்செய்யா ராயின் அருந்துயர்க் குற்ற,அறஞ்செய்யா ராயின் அருந்துயர்க் குற்ற்,0.9516,0.0278,0.25,False,31.15,raw,data/synthetic/degraded/SYNTH_TEST_00200_degraded.png
EXP-C,Fine-Tuned TamilCRNN + Raw,Synthetic Test (N=35),SAMPLE_0015,LINE_015,பிறந்தாராம் என்னா விழுமம்,பிறந்தாராம் என்னா விழுமும்,0.9219,0.04,0.3333,False,20.07,raw,data/synthetic/degraded/SYNTH_TEST_00201_degraded.png
EXP-C,Fine-Tuned TamilCRNN + Raw,Synthetic Test (N=35),SAMPLE_0016,LINE_016,தனக்குவமை இல்லாதான் தாள்சேர்ந்தார்க் கல்லால்,தனக்குவமை இல்லாதான் தாள்சேர்ந்தார்க் கல்லால்,0.9576,0.0,0.0,True,29.25,raw,data/synthetic/degraded/SYNTH_TEST_00202_degraded.png
EXP-C,Fine-Tuned TamilCRNN + Raw,Synthetic Test (N=35),SAMPLE_0017,LINE_017,குரைவிடை நின்றார் கொளீஇய – விரைவினோடு,கரைவிடை நீின்றார் கொளஇுய விரைவினேோடு,0.9206,0.1892,1.0,False,30.71,raw,data/synthetic/degraded/SYNTH_TEST_00203_degraded.png
EXP-C,Fine-Tuned TamilCRNN + Raw,Synthetic Test (N=35),SAMPLE_0018,LINE_018,நரைவருமென் றெண்ணி நல்லறி வாளர்,நரைவருமென் றெண்ணிநல்லறி வளர்,0.9347,0.0667,0.75,False,28.24,raw,data/synthetic/degraded/SYNTH_TEST_00204_degraded.png
EXP-C,Fine-Tuned TamilCRNN + Raw,Synthetic Test (N=35),SAMPLE_0019,LINE_019,பிறந்தாராம் என்னா விழுமம்,பிறந்தாராம் என்னா விழுமம்,0.9318,0.0,0.0,True,19.38,raw,data/synthetic/degraded/SYNTH_TEST_00205_degraded.png
EXP-C,Fine-Tuned TamilCRNN + Raw,Synthetic Test (N=35),SAMPLE_0020,LINE_020,அறஞ்செய்யா ராயின் அருந்துயர்க் குற்ற,அறே்செய்யா ராயின் அருற்தார்கு் தகறற்,0.897,0.2222,0.75,False,27.62,raw,data/synthetic/degraded/SYNTH_TEST_00206_degraded.png
EXP-C,Fine-Tuned TamilCRNN + Raw,Synthetic Test (N=35),SAMPLE_0021,LINE_021,வேண்டுதல் வேண்டாமை இலானடி சேர்ந்தார்க்கு,வேண்டுதல் வேண்டாமை இலானடி சேர்ந்தார்க்கு,0.9417,0.0,0.0,True,30.35,raw,data/synthetic/degraded/SYNTH_TEST_00207_degraded.png
EXP-C,Fine-Tuned TamilCRNN + Raw,Synthetic Test (N=35),SAMPLE_0022,LINE_022,அறஞ்செய்யா ராயின் அருந்துயர்க் குற்ற,அறஞ்ாெயா ராமின் அரந்துார்க குற்ற்,0.8558,0.2222,1.0,False,24.28,raw,data/synthetic/degraded/SYNTH_TEST_00208_degraded.png
EXP-C,Fine-Tuned TamilCRNN + Raw,Synthetic Test (N=35),SAMPLE_0023,LINE_023,யாண்டும் இடும்பை இல,மாண்டும் இடும்பை் இல்,0.893,0.1579,1.0,False,17.79,raw,data/synthetic/degraded/SYNTH_TEST_00209_degraded.png
EXP-C,Fine-Tuned TamilCRNN + Raw,Synthetic Test (N=35),SAMPLE_0024,LINE_024,மனக்கவலை மாற்றல் அரிது,மனக்கவலல மாற்றல் அரிது,0.9374,0.0455,0.3333,False,26.46,raw,data/synthetic/degraded/SYNTH_TEST_00210_degraded.png
EXP-C,Fine-Tuned TamilCRNN + Raw,Synthetic Test (N=35),SAMPLE_0025,LINE_025,மனக்கவலை மாற்றல் அரிது,மனக்கவலை மாற்றல் அரிது,0.9189,0.0,0.0,True,24.54,raw,data/synthetic/degraded/SYNTH_TEST_00211_degraded.png
EXP-C,Fine-Tuned TamilCRNN + Raw,Synthetic Test (N=35),SAMPLE_0026,LINE_026,அறஞ்செய்யா ராயின் அருந்துயர்க் குற்ற,அறஞ்செய்யா ராயின் அருந்துயர்க் குற்ற,0.9502,0.0,0.0,True,25.99,raw,data/synthetic/degraded/SYNTH_TEST_00212_degraded.png
EXP-C,Fine-Tuned TamilCRNN + Raw,Synthetic Test (N=35),SAMPLE_0027,LINE_027,மனக்கவலை மாற்றல் அரிது,மனக்கவலை மாற்றல் அரிது,0.9668,0.0,0.0,True,20.32,raw,data/synthetic/degraded/SYNTH_TEST_00213_degraded.png
EXP-C,Fine-Tuned TamilCRNN + Raw,Synthetic Test (N=35),SAMPLE_0028,LINE_028,வேண்டுதல் வேண்டாமை இலானடி சேர்ந்தார்க்கு,எேண்டுதல வேண்டாமை இலான்டி சேர்ந்தார்க்கு,0.9375,0.075,0.5,False,32.63,raw,data/synthetic/degraded/SYNTH_TEST_00214_degraded.png
EXP-C,Fine-Tuned TamilCRNN + Raw,Synthetic Test (N=35),SAMPLE_0029,LINE_029,அறஞ்செய்யா ராயின் அருந்துயர்க் குற்ற,அறஞ்செய்யா ராயின் அருந்துயர்க் குற்ற,0.9469,0.0,0.0,True,26.73,raw,data/synthetic/degraded/SYNTH_TEST_00215_degraded.png
EXP-C,Fine-Tuned TamilCRNN + Raw,Synthetic Test (N=35),SAMPLE_0030,LINE_030,பிறந்தாராம் என்னா விழுமம்,பிறந்தாராம் என்னா விழுமம்,0.9674,0.0,0.0,True,23.71,raw,data/synthetic/degraded/SYNTH_TEST_00216_degraded.png
EXP-C,Fine-Tuned TamilCRNN + Raw,Synthetic Test (N=35),SAMPLE_0031,LINE_031,வேண்டுதல் வேண்டாமை இலானடி சேர்ந்தார்க்கு,வண்டுதல வேணடாமை இலானடி் சேர்ந்தாரக்கு்,0.8809,0.15,1.0,False,27.38,raw,data/synthetic/degraded/SYNTH_TEST_00217_degraded.png
EXP-C,Fine-Tuned TamilCRNN + Raw,Synthetic Test (N=35),SAMPLE_0032,LINE_032,தனக்குவமை இல்லாதான் தாள்சேர்ந்தார்க் கல்லால்,தனக்குவமை இல்லாதான் தாள்சேர்ந்தார்க் கல்லால்,0.9722,0.0,0.0,True,34.51,raw,data/synthetic/degraded/SYNTH_TEST_00218_degraded.png
EXP-C,Fine-Tuned TamilCRNN + Raw,Synthetic Test (N=35),SAMPLE_0033,LINE_033,வேண்டுதல் வேண்டாமை இலானடி சேர்ந்தார்க்கு,எேணடுதல வேண்டாமை இலான்டிசர்ந்தாரக்க,0.8824,0.2,0.75,False,34.75,raw,data/synthetic/degraded/SYNTH_TEST_00219_degraded.png
EXP-C,Fine-Tuned TamilCRNN + Raw,Synthetic Test (N=35),SAMPLE_0034,LINE_034,குரைவிடை நின்றார் கொளீஇய – விரைவினோடு,கரைவிடை நின்றார் கொளஇய த விரைவினேோடு,0.8926,0.1081,0.8,False,33.14,raw,data/synthetic/degraded/SYNTH_TEST_00220_degraded.png
EXP-D,Fine-Tuned TamilCRNN + Pipeline C (Illum+CLAHE),Synthetic Test (N=35),SAMPLE_0000,LINE_000,குரைவிடை நின்றார் கொளீஇய – விரைவினோடு,கரைவிடை நீின்றார் கொளஇய் த விரைவினேோடு,0.9345,0.1622,1.0,False,33.03,pipeline_c_illum_clahe,data/synthetic/degraded/SYNTH_TEST_00186_degraded.png
EXP-D,Fine-Tuned TamilCRNN + Pipeline C (Illum+CLAHE),Synthetic Test (N=35),SAMPLE_0001,LINE_001,யாண்டும் இடும்பை இல,ஐணடு ர மடய ணஇல,0.5368,0.6316,1.3333,False,21.78,pipeline_c_illum_clahe,data/synthetic/degraded/SYNTH_TEST_00187_degraded.png
EXP-D,Fine-Tuned TamilCRNN + Pipeline C (Illum+CLAHE),Synthetic Test (N=35),SAMPLE_0002,LINE_002,வேண்டுதல் வேண்டாமை இலானடி சேர்ந்தார்க்கு,வேண்டுதல் வேண்டாமை இலானடி் சேர்ந்தார்க்கு,0.9449,0.025,0.25,False,40.15,pipeline_c_illum_clahe,data/synthetic/degraded/SYNTH_TEST_00188_degraded.png
EXP-D,Fine-Tuned TamilCRNN + Pipeline C (Illum+CLAHE),Synthetic Test (N=35),SAMPLE_0003,LINE_003,பிறந்தாராம் என்னா விழுமம்,பிறந்தாராம் என்னா விழுமும்,0.9408,0.04,0.3333,False,26.18,pipeline_c_illum_clahe,data/synthetic/degraded/SYNTH_TEST_00189_degraded.png
EXP-D,Fine-Tuned TamilCRNN + Pipeline C (Illum+CLAHE),Synthetic Test (N=35),SAMPLE_0004,LINE_004,பிறந்தாராம் என்னா விழுமம்,பிறந்தராழ் என்னா விமுமும்,0.9016,0.16,0.6667,False,24.05,pipeline_c_illum_clahe,data/synthetic/degraded/SYNTH_TEST_00190_degraded.png
EXP-D,Fine-Tuned TamilCRNN + Pipeline C (Illum+CLAHE),Synthetic Test (N=35),SAMPLE_0005,LINE_005,பிறந்தாராம் என்னா விழுமம்,பிறந்தாராம் என்னா விழுமம்,0.9329,0.0,0.0,True,20.0,pipeline_c_illum_clahe,data/synthetic/degraded/SYNTH_TEST_00191_degraded.png
EXP-D,Fine-Tuned TamilCRNN + Pipeline C (Illum+CLAHE),Synthetic Test (N=35),SAMPLE_0006,LINE_006,வேண்டுதல் வேண்டாமை இலானடி சேர்ந்தார்க்கு,வண்டுதல் வேண்டாமை இலானடி சேர்ந்தார்க்கு,0.9351,0.025,0.25,False,34.58,pipeline_c_illum_clahe,data/synthetic/degraded/SYNTH_TEST_00192_degraded.png
EXP-D,Fine-Tuned TamilCRNN + Pipeline C (Illum+CLAHE),Synthetic Test (N=35),SAMPLE_0007,LINE_007,வேண்டுதல் வேண்டாமை இலானடி சேர்ந்தார்க்கு,உேணடுதச் வேணட ழமல ெலானடி் டேர்ந்தாழ்தத,0.7693,0.375,1.25,False,33.86,pipeline_c_illum_clahe,data/synthetic/degraded/SYNTH_TEST_00193_degraded.png
EXP-D,Fine-Tuned TamilCRNN + Pipeline C (Illum+CLAHE),Synthetic Test (N=35),SAMPLE_0008,LINE_008,யாண்டும் இடும்பை இல,மாண்டும் இடும்பள ெல,0.8325,0.1579,1.0,False,19.86,pipeline_c_illum_clahe,data/synthetic/degraded/SYNTH_TEST_00194_degraded.png
EXP-D,Fine-Tuned TamilCRNN + Pipeline C (Illum+CLAHE),Synthetic Test (N=35),SAMPLE_0009,LINE_009,பிறந்தாராம் என்னா விழுமம்,பிறந்தாராம் என்னா விழுமும்,0.9497,0.04,0.3333,False,26.56,pipeline_c_illum_clahe,data/synthetic/degraded/SYNTH_TEST_00195_degraded.png
EXP-D,Fine-Tuned TamilCRNN + Pipeline C (Illum+CLAHE),Synthetic Test (N=35),SAMPLE_0010,LINE_010,மனக்கவலை மாற்றல் அரிது,மனக்தவலை மாற்றல் அரிது,0.9484,0.0455,0.3333,False,28.03,pipeline_c_illum_clahe,data/synthetic/degraded/SYNTH_TEST_00196_degraded.png
EXP-D,Fine-Tuned TamilCRNN + Pipeline C (Illum+CLAHE),Synthetic Test (N=35),SAMPLE_0011,LINE_011,வேண்டுதல் வேண்டாமை இலானடி சேர்ந்தார்க்கு,வேண்டுதல் வேண்டாமை இலானடி சேர்ந்தார்க்கு,0.9431,0.0,0.0,True,33.96,pipeline_c_illum_clahe,data/synthetic/degraded/SYNTH_TEST_00197_degraded.png
EXP-D,Fine-Tuned TamilCRNN + Pipeline C (Illum+CLAHE),Synthetic Test (N=35),SAMPLE_0012,LINE_012,பிறந்தாராம் என்னா விழுமம்,பிறற்ாராம் அன் னரவிழழ்்,0.7136,0.36,1.0,False,21.82,pipeline_c_illum_clahe,data/synthetic/degraded/SYNTH_TEST_00198_degraded.png
EXP-D,Fine-Tuned TamilCRNN + Pipeline C (Illum+CLAHE),Synthetic Test (N=35),SAMPLE_0013,LINE_013,நரைவருமென் றெண்ணி நல்லறி வாளர்,தினவடு மைா் வெ கி ழவ ைமி வழவர்,0.5983,0.6,1.75,False,25.62,pipeline_c_illum_clahe,data/synthetic/degraded/SYNTH_TEST_00199_degraded.png
EXP-D,Fine-Tuned TamilCRNN + Pipeline C (Illum+CLAHE),Synthetic Test (N=35),SAMPLE_0014,LINE_014,அறஞ்செய்யா ராயின் அருந்துயர்க் குற்ற,அறஞ்செய்யா ராயின் அரந்துயர்க் குற்ற்,0.9361,0.0556,0.5,False,25.53,pipeline_c_illum_clahe,data/synthetic/degraded/SYNTH_TEST_00200_degraded.png
EXP-D,Fine-Tuned TamilCRNN + Pipeline C (Illum+CLAHE),Synthetic Test (N=35),SAMPLE_0015,LINE_015,பிறந்தாராம் என்னா விழுமம்,பிறந்தாராம் என்னா விழுமும்,0.9364,0.04,0.3333,False,23.69,pipeline_c_illum_clahe,data/synthetic/degraded/SYNTH_TEST_00201_degraded.png
EXP-D,Fine-Tuned TamilCRNN + Pipeline C (Illum+CLAHE),Synthetic Test (N=35),SAMPLE_0016,LINE_016,தனக்குவமை இல்லாதான் தாள்சேர்ந்தார்க் கல்லால்,தனக்குவமை இல்லாதான் தாள்சேர்ந்தார்க் கல்லால்,0.9533,0.0,0.0,True,34.68,pipeline_c_illum_clahe,data/synthetic/degraded/SYNTH_TEST_00202_degraded.png
EXP-D,Fine-Tuned TamilCRNN + Pipeline C (Illum+CLAHE),Synthetic Test (N=35),SAMPLE_0017,LINE_017,குரைவிடை நின்றார் கொளீஇய – விரைவினோடு,கரைவிடை நீின்றார் கொளஇுய விரைவினேோடு,0.9113,0.1892,1.0,False,33.35,pipeline_c_illum_clahe,data/synthetic/degraded/SYNTH_TEST_00203_degraded.png
EXP-D,Fine-Tuned TamilCRNN + Pipeline C (Illum+CLAHE),Synthetic Test (N=35),SAMPLE_0018,LINE_018,நரைவருமென் றெண்ணி நல்லறி வாளர்,நரைவருமென் றெண்ணிநை்லறி வளர்,0.901,0.1,0.75,False,27.73,pipeline_c_illum_clahe,data/synthetic/degraded/SYNTH_TEST_00204_degraded.png
EXP-D,Fine-Tuned TamilCRNN + Pipeline C (Illum+CLAHE),Synthetic Test (N=35),SAMPLE_0019,LINE_019,பிறந்தாராம் என்னா விழுமம்,பிறந்தாராம் என்னா விழுமம்,0.9618,0.0,0.0,True,21.22,pipeline_c_illum_clahe,data/synthetic/degraded/SYNTH_TEST_00205_degraded.png
EXP-D,Fine-Tuned TamilCRNN + Pipeline C (Illum+CLAHE),Synthetic Test (N=35),SAMPLE_0020,LINE_020,அறஞ்செய்யா ராயின் அருந்துயர்க் குற்ற,அறே்செய்யா ராயின் அருற்தய்ர்கு தகறற்,0.9131,0.2222,0.75,False,29.37,pipeline_c_illum_clahe,data/synthetic/degraded/SYNTH_TEST_00206_degraded.png
EXP-D,Fine-Tuned TamilCRNN + Pipeline C (Illum+CLAHE),Synthetic Test (N=35),SAMPLE_0021,LINE_021,வேண்டுதல் வேண்டாமை இலானடி சேர்ந்தார்க்கு,வேண்டுதல் வேண்டாமை இலானடி சேர்ந்தார்க்கு,0.9179,0.0,0.0,True,37.15,pipeline_c_illum_clahe,data/synthetic/degraded/SYNTH_TEST_00207_degraded.png
EXP-D,Fine-Tuned TamilCRNN + Pipeline C (Illum+CLAHE),Synthetic Test (N=35),SAMPLE_0022,LINE_022,அறஞ்செய்யா ராயின் அருந்துயர்க் குற்ற,அறஞ்தெயா ராயின் அரந்தார்க குற்ற்,0.8896,0.2222,0.75,False,25.57,pipeline_c_illum_clahe,data/synthetic/degraded/SYNTH_TEST_00208_degraded.png
EXP-D,Fine-Tuned TamilCRNN + Pipeline C (Illum+CLAHE),Synthetic Test (N=35),SAMPLE_0023,LINE_023,யாண்டும் இடும்பை இல,பாண்டும் இடும்பை் இல்,0.8979,0.1579,1.0,False,18.89,pipeline_c_illum_clahe,data/synthetic/degraded/SYNTH_TEST_00209_degraded.png
EXP-D,Fine-Tuned TamilCRNN + Pipeline C (Illum+CLAHE),Synthetic Test (N=35),SAMPLE_0024,LINE_024,மனக்கவலை மாற்றல் அரிது,மனக்கவலல மாற்றல் அரிது,0.957,0.0455,0.3333,False,29.04,pipeline_c_illum_clahe,data/synthetic/degraded/SYNTH_TEST_00210_degraded.png
EXP-D,Fine-Tuned TamilCRNN + Pipeline C (Illum+CLAHE),Synthetic Test (N=35),SAMPLE_0025,LINE_025,மனக்கவலை மாற்றல் அரிது,மனக்கவலை மாற்றல் அரிது,0.906,0.0,0.0,True,22.77,pipeline_c_illum_clahe,data/synthetic/degraded/SYNTH_TEST_00211_degraded.png
EXP-D,Fine-Tuned TamilCRNN + Pipeline C (Illum+CLAHE),Synthetic Test (N=35),SAMPLE_0026,LINE_026,அறஞ்செய்யா ராயின் அருந்துயர்க் குற்ற,அறஞ்செய்யா ராயின் அருந்துயர்க் குற்ற,0.9521,0.0,0.0,True,28.13,pipeline_c_illum_clahe,data/synthetic/degraded/SYNTH_TEST_00212_degraded.png
EXP-D,Fine-Tuned TamilCRNN + Pipeline C (Illum+CLAHE),Synthetic Test (N=35),SAMPLE_0027,LINE_027,மனக்கவலை மாற்றல் அரிது,மனக்கவலை மாற்றல் அரிது,0.9597,0.0,0.0,True,21.23,pipeline_c_illum_clahe,data/synthetic/degraded/SYNTH_TEST_00213_degraded.png
EXP-D,Fine-Tuned TamilCRNN + Pipeline C (Illum+CLAHE),Synthetic Test (N=35),SAMPLE_0028,LINE_028,வேண்டுதல் வேண்டாமை இலானடி சேர்ந்தார்க்கு,வேண்டுதல வேண்டாமை இலான்டி சேர்ந்தார்க்கு,0.9351,0.05,0.5,False,32.98,pipeline_c_illum_clahe,data/synthetic/degraded/SYNTH_TEST_00214_degraded.png
EXP-D,Fine-Tuned TamilCRNN + Pipeline C (Illum+CLAHE),Synthetic Test (N=35),SAMPLE_0029,LINE_029,அறஞ்செய்யா ராயின் அருந்துயர்க் குற்ற,அறஞ்செய்யா ராயின் அருந்துயர்க் குற்ற,0.9393,0.0,0.0,True,31.28,pipeline_c_illum_clahe,data/synthetic/degraded/SYNTH_TEST_00215_degraded.png
EXP-D,Fine-Tuned TamilCRNN + Pipeline C (Illum+CLAHE),Synthetic Test (N=35),SAMPLE_0030,LINE_030,பிறந்தாராம் என்னா விழுமம்,பிறந்தாராம் என்னா விழுமம்,0.9769,0.0,0.0,True,28.52,pipeline_c_illum_clahe,data/synthetic/degraded/SYNTH_TEST_00216_degraded.png
EXP-D,Fine-Tuned TamilCRNN + Pipeline C (Illum+CLAHE),Synthetic Test (N=35),SAMPLE_0031,LINE_031,வேண்டுதல் வேண்டாமை இலானடி சேர்ந்தார்க்கு,வண்டுதல வேணடாமை இலானடி் சேர்ந்தாரக்கு்,0.8848,0.15,1.0,False,28.58,pipeline_c_illum_clahe,data/synthetic/degraded/SYNTH_TEST_00217_degraded.png
EXP-D,Fine-Tuned TamilCRNN + Pipeline C (Illum+CLAHE),Synthetic Test (N=35),SAMPLE_0032,LINE_032,தனக்குவமை இல்லாதான் தாள்சேர்ந்தார்க் கல்லால்,தனக்குவமை இல்லாதான் தாள்சேர்ந்தார்க் கல்லால்,0.9627,0.0,0.0,True,35.57,pipeline_c_illum_clahe,data/synthetic/degraded/SYNTH_TEST_00218_degraded.png
EXP-D,Fine-Tuned TamilCRNN + Pipeline C (Illum+CLAHE),Synthetic Test (N=35),SAMPLE_0033,LINE_033,வேண்டுதல் வேண்டாமை இலானடி சேர்ந்தார்க்கு,எடணடதல வேண்டாமை இலான்டி்சேர்ந்தார்கத,0.8342,0.25,0.75,False,35.75,pipeline_c_illum_clahe,data/synthetic/degraded/SYNTH_TEST_00219_degraded.png
EXP-D,Fine-Tuned TamilCRNN + Pipeline C (Illum+CLAHE),Synthetic Test (N=35),SAMPLE_0034,LINE_034,குரைவிடை நின்றார் கொளீஇய – விரைவினோடு,கரைவிடை நின்றார் கொளஇுய த விரைவினேோடு,0.9162,0.1351,0.8,False,33.44,pipeline_c_illum_clahe,data/synthetic/degraded/SYNTH_TEST_00220_degraded.png
EXP-E,Fine-Tuned + Confidence Second Pass,Synthetic Test (N=35),SAMPLE_0000,LINE_000,குரைவிடை நின்றார் கொளீஇய – விரைவினோடு,கரைவிடை நீின்றார் கொளஇய் த விரைவினேோடு,0.8268,0.1622,1.0,False,126.23,dynamic_second_pass,data/synthetic/degraded/SYNTH_TEST_00186_degraded.png
EXP-E,Fine-Tuned + Confidence Second Pass,Synthetic Test (N=35),SAMPLE_0001,LINE_001,யாண்டும் இடும்பை இல,ஐணடு ர மடய ணஇல,0.3514,0.6316,1.3333,False,96.35,dynamic_second_pass,data/synthetic/degraded/SYNTH_TEST_00187_degraded.png
EXP-E,Fine-Tuned + Confidence Second Pass,Synthetic Test (N=35),SAMPLE_0002,LINE_002,வேண்டுதல் வேண்டாமை இலானடி சேர்ந்தார்க்கு,வேண்டுதல் வேண்டாமை இலானடி் சேர்ந்தார்க்கு,0.8612,0.025,0.25,False,33.6,dynamic_second_pass,data/synthetic/degraded/SYNTH_TEST_00188_degraded.png
EXP-E,Fine-Tuned + Confidence Second Pass,Synthetic Test (N=35),SAMPLE_0003,LINE_003,பிறந்தாராம் என்னா விழுமம்,பிறந்தாராம் என்னா விழுமும்,0.8956,0.04,0.3333,False,22.75,dynamic_second_pass,data/synthetic/degraded/SYNTH_TEST_00189_degraded.png
EXP-E,Fine-Tuned + Confidence Second Pass,Synthetic Test (N=35),SAMPLE_0004,LINE_004,பிறந்தாராம் என்னா விழுமம்,பிறந்தராம் என்னா விழுமும்,0.8394,0.08,0.6667,False,89.69,dynamic_second_pass,data/synthetic/degraded/SYNTH_TEST_00190_degraded.png
EXP-E,Fine-Tuned + Confidence Second Pass,Synthetic Test (N=35),SAMPLE_0005,LINE_005,பிறந்தாராம் என்னா விழுமம்,பிறந்தாராம் என்னா விழுமம்,0.8199,0.0,0.0,True,83.59,dynamic_second_pass,data/synthetic/degraded/SYNTH_TEST_00191_degraded.png
EXP-E,Fine-Tuned + Confidence Second Pass,Synthetic Test (N=35),SAMPLE_0006,LINE_006,வேண்டுதல் வேண்டாமை இலானடி சேர்ந்தார்க்கு,வண்டுதல் வேண்டாமை இலானடி சேர்ந்தார்க்கு,0.797,0.025,0.25,False,120.17,dynamic_second_pass,data/synthetic/degraded/SYNTH_TEST_00192_degraded.png
EXP-E,Fine-Tuned + Confidence Second Pass,Synthetic Test (N=35),SAMPLE_0007,LINE_007,வேண்டுதல் வேண்டாமை இலானடி சேர்ந்தார்க்கு,உேண் தச் வேணட ழமல ெலானடி் சேர்ந்தால்தச,0.5606,0.375,1.5,False,128.02,dynamic_second_pass,data/synthetic/degraded/SYNTH_TEST_00193_degraded.png
EXP-E,Fine-Tuned + Confidence Second Pass,Synthetic Test (N=35),SAMPLE_0008,LINE_008,யாண்டும் இடும்பை இல,மாண்டும் இடும்பன ெல,0.6205,0.1579,1.0,False,77.13,dynamic_second_pass,data/synthetic/degraded/SYNTH_TEST_00194_degraded.png
EXP-E,Fine-Tuned + Confidence Second Pass,Synthetic Test (N=35),SAMPLE_0009,LINE_009,பிறந்தாராம் என்னா விழுமம்,பிறந்தாராம் என்னா விழுமும்,0.9441,0.04,0.3333,False,21.47,dynamic_second_pass,data/synthetic/degraded/SYNTH_TEST_00195_degraded.png
EXP-E,Fine-Tuned + Confidence Second Pass,Synthetic Test (N=35),SAMPLE_0010,LINE_010,மனக்கவலை மாற்றல் அரிது,மனக்கவலை மாற்றல் அரிது,0.8792,0.0,0.0,True,20.13,dynamic_second_pass,data/synthetic/degraded/SYNTH_TEST_00196_degraded.png
EXP-E,Fine-Tuned + Confidence Second Pass,Synthetic Test (N=35),SAMPLE_0011,LINE_011,வேண்டுதல் வேண்டாமை இலானடி சேர்ந்தார்க்கு,வேண்டுதல் வேண்டாமை இலானடி சேர்ந்தார்க்கு,0.8248,0.0,0.0,True,139.5,dynamic_second_pass,data/synthetic/degraded/SYNTH_TEST_00197_degraded.png
EXP-E,Fine-Tuned + Confidence Second Pass,Synthetic Test (N=35),SAMPLE_0012,LINE_012,பிறந்தாராம் என்னா விழுமம்,பிறற்ார்ாம் என்னாவிமமம்,0.6264,0.24,1.0,False,81.62,dynamic_second_pass,data/synthetic/degraded/SYNTH_TEST_00198_degraded.png
EXP-E,Fine-Tuned + Confidence Second Pass,Synthetic Test (N=35),SAMPLE_0013,LINE_013,நரைவருமென் றெண்ணி நல்லறி வாளர்,தினவடு மைா் வெ கி ழவ ைமி வழவர்,0.4453,0.6,1.75,False,105.46,dynamic_second_pass,data/synthetic/degraded/SYNTH_TEST_00199_degraded.png
EXP-E,Fine-Tuned + Confidence Second Pass,Synthetic Test (N=35),SAMPLE_0014,LINE_014,அறஞ்செய்யா ராயின் அருந்துயர்க் குற்ற,அறஞ்செய்யா ராயின் அரந்துயர்க் குற்ற்,0.8232,0.0556,0.5,False,108.03,dynamic_second_pass,data/synthetic/degraded/SYNTH_TEST_00200_degraded.png
EXP-E,Fine-Tuned + Confidence Second Pass,Synthetic Test (N=35),SAMPLE_0015,LINE_015,பிறந்தாராம் என்னா விழுமம்,பிறந்தாராம் என்னா விழுமும்,0.7662,0.04,0.3333,False,91.02,dynamic_second_pass,data/synthetic/degraded/SYNTH_TEST_00201_degraded.png
EXP-E,Fine-Tuned + Confidence Second Pass,Synthetic Test (N=35),SAMPLE_0016,LINE_016,தனக்குவமை இல்லாதான் தாள்சேர்ந்தார்க் கல்லால்,தனக்குவமை இல்லாதான் தாள்சேர்ந்தார்க் கல்லால்,0.8289,0.0,0.0,True,130.16,dynamic_second_pass,data/synthetic/degraded/SYNTH_TEST_00202_degraded.png
EXP-E,Fine-Tuned + Confidence Second Pass,Synthetic Test (N=35),SAMPLE_0017,LINE_017,குரைவிடை நின்றார் கொளீஇய – விரைவினோடு,எரைவிடை நீினறார கொளஇய்  விரைவினோட,0.7723,0.2432,1.0,False,127.45,dynamic_second_pass,data/synthetic/degraded/SYNTH_TEST_00203_degraded.png
EXP-E,Fine-Tuned + Confidence Second Pass,Synthetic Test (N=35),SAMPLE_0018,LINE_018,நரைவருமென் றெண்ணி நல்லறி வாளர்,நரைவருமென் றெண்ணிநல்லறி வளர்,0.8821,0.0667,0.75,False,26.77,dynamic_second_pass,data/synthetic/degraded/SYNTH_TEST_00204_degraded.png
EXP-E,Fine-Tuned + Confidence Second Pass,Synthetic Test (N=35),SAMPLE_0019,LINE_019,பிறந்தாராம் என்னா விழுமம்,பிறந்தாராம் என்னா விழுமம்,0.813,0.0,0.0,True,82.08,dynamic_second_pass,data/synthetic/degraded/SYNTH_TEST_00205_degraded.png
EXP-E,Fine-Tuned + Confidence Second Pass,Synthetic Test (N=35),SAMPLE_0020,LINE_020,அறஞ்செய்யா ராயின் அருந்துயர்க் குற்ற,அறே்செய்யா ராயின் அருற்தார்கு தகறற்,0.7793,0.2222,0.75,False,135.31,dynamic_second_pass,data/synthetic/degraded/SYNTH_TEST_00206_degraded.png
EXP-E,Fine-Tuned + Confidence Second Pass,Synthetic Test (N=35),SAMPLE_0021,LINE_021,வேண்டுதல் வேண்டாமை இலானடி சேர்ந்தார்க்கு,வேண்டுதல் வேண்டாமை இலானடி சேர்ந்தார்க்கு,0.8594,0.0,0.0,True,29.58,dynamic_second_pass,data/synthetic/degraded/SYNTH_TEST_00207_degraded.png
EXP-E,Fine-Tuned + Confidence Second Pass,Synthetic Test (N=35),SAMPLE_0022,LINE_022,அறஞ்செய்யா ராயின் அருந்துயர்க் குற்ற,அறஞ்தொா ராமின் அரந்தார்க குற்ற்,0.6974,0.3056,1.0,False,98.43,dynamic_second_pass,data/synthetic/degraded/SYNTH_TEST_00208_degraded.png
EXP-E,Fine-Tuned + Confidence Second Pass,Synthetic Test (N=35),SAMPLE_0023,LINE_023,யாண்டும் இடும்பை இல,மாண்டும் இடும்பை் இல்,0.8376,0.1579,1.0,False,74.98,dynamic_second_pass,data/synthetic/degraded/SYNTH_TEST_00209_degraded.png
EXP-E,Fine-Tuned + Confidence Second Pass,Synthetic Test (N=35),SAMPLE_0024,LINE_024,மனக்கவலை மாற்றல் அரிது,மனக்கவலல மாற்றல் அரிது,0.8871,0.0455,0.3333,False,23.16,dynamic_second_pass,data/synthetic/degraded/SYNTH_TEST_00210_degraded.png
EXP-E,Fine-Tuned + Confidence Second Pass,Synthetic Test (N=35),SAMPLE_0025,LINE_025,மனக்கவலை மாற்றல் அரிது,மனக்கவலை மாற்றல் அரிது,0.8566,0.0,0.0,True,21.26,dynamic_second_pass,data/synthetic/degraded/SYNTH_TEST_00211_degraded.png
EXP-E,Fine-Tuned + Confidence Second Pass,Synthetic Test (N=35),SAMPLE_0026,LINE_026,அறஞ்செய்யா ராயின் அருந்துயர்க் குற்ற,அறஞ்செய்யா ராயின் அருந்துயர்க் குற்ற,0.8109,0.0,0.0,True,111.27,dynamic_second_pass,data/synthetic/degraded/SYNTH_TEST_00212_degraded.png
EXP-E,Fine-Tuned + Confidence Second Pass,Synthetic Test (N=35),SAMPLE_0027,LINE_027,மனக்கவலை மாற்றல் அரிது,மனக்கவலை மாற்றல் அரிது,0.9493,0.0,0.0,True,19.73,dynamic_second_pass,data/synthetic/degraded/SYNTH_TEST_00213_degraded.png
EXP-E,Fine-Tuned + Confidence Second Pass,Synthetic Test (N=35),SAMPLE_0028,LINE_028,வேண்டுதல் வேண்டாமை இலானடி சேர்ந்தார்க்கு,எேண்டுதல வேண்டாமை இலான்டி சேர்ந்தார்க்கு,0.8279,0.075,0.5,False,136.83,dynamic_second_pass,data/synthetic/degraded/SYNTH_TEST_00214_degraded.png
EXP-E,Fine-Tuned + Confidence Second Pass,Synthetic Test (N=35),SAMPLE_0029,LINE_029,அறஞ்செய்யா ராயின் அருந்துயர்க் குற்ற,அறஞ்செய்யா ராயின் அருந்துயர்க் குற்ற,0.8707,0.0,0.0,True,25.98,dynamic_second_pass,data/synthetic/degraded/SYNTH_TEST_00215_degraded.png
EXP-E,Fine-Tuned + Confidence Second Pass,Synthetic Test (N=35),SAMPLE_0030,LINE_030,பிறந்தாராம் என்னா விழுமம்,பிறந்தாராம் என்னா விழுமம்,0.8982,0.0,0.0,True,22.52,dynamic_second_pass,data/synthetic/degraded/SYNTH_TEST_00216_degraded.png
EXP-E,Fine-Tuned + Confidence Second Pass,Synthetic Test (N=35),SAMPLE_0031,LINE_031,வேண்டுதல் வேண்டாமை இலானடி சேர்ந்தார்க்கு,வண்டுதல வேணடாமை இலானடி் சேர்ந்தாரக்கு்,0.7495,0.15,1.0,False,123.01,dynamic_second_pass,data/synthetic/degraded/SYNTH_TEST_00217_degraded.png
EXP-E,Fine-Tuned + Confidence Second Pass,Synthetic Test (N=35),SAMPLE_0032,LINE_032,தனக்குவமை இல்லாதான் தாள்சேர்ந்தார்க் கல்லால்,தனக்குவமை இல்லாதான் தாள்சேர்ந்தார்க் கல்லால்,0.9313,0.0,0.0,True,33.97,dynamic_second_pass,data/synthetic/degraded/SYNTH_TEST_00218_degraded.png
EXP-E,Fine-Tuned + Confidence Second Pass,Synthetic Test (N=35),SAMPLE_0033,LINE_033,வேண்டுதல் வேண்டாமை இலானடி சேர்ந்தார்க்கு,எேணடுதல வேண்டாமை இலான்டிசர்ந்தாரக்க,0.765,0.2,0.75,False,120.37,dynamic_second_pass,data/synthetic/degraded/SYNTH_TEST_00219_degraded.png
EXP-E,Fine-Tuned + Confidence Second Pass,Synthetic Test (N=35),SAMPLE_0034,LINE_034,குரைவிடை நின்றார் கொளீஇய – விரைவினோடு,கரைவிடை நின்றார் கொளஇய த விரைவினேோடு,0.7946,0.1081,0.8,False,134.61,dynamic_second_pass,data/synthetic/degraded/SYNTH_TEST_00220_degraded.png
EXP-F,Fine-Tuned + Second Pass + Tamil Correction,Synthetic Test (N=35),SAMPLE_0000,LINE_000,குரைவிடை நின்றார் கொளீஇய – விரைவினோடு,கரைவிடை நீின்றார் கொளஇய் த விரைவினேோடு,0.8268,0.1622,1.0,False,145.17,dynamic_second_pass_plus_correction,data/synthetic/degraded/SYNTH_TEST_00186_degraded.png
EXP-F,Fine-Tuned + Second Pass + Tamil Correction,Synthetic Test (N=35),SAMPLE_0001,LINE_001,யாண்டும் இடும்பை இல,ஐணடு ர மடய ணஇல,0.3514,0.6316,1.3333,False,91.15,dynamic_second_pass_plus_correction,data/synthetic/degraded/SYNTH_TEST_00187_degraded.png
EXP-F,Fine-Tuned + Second Pass + Tamil Correction,Synthetic Test (N=35),SAMPLE_0002,LINE_002,வேண்டுதல் வேண்டாமை இலானடி சேர்ந்தார்க்கு,வேண்டுதல் வேண்டாமை இலானடி் சேர்ந்தார்க்கு,0.8612,0.025,0.25,False,32.71,dynamic_second_pass_plus_correction,data/synthetic/degraded/SYNTH_TEST_00188_degraded.png
EXP-F,Fine-Tuned + Second Pass + Tamil Correction,Synthetic Test (N=35),SAMPLE_0003,LINE_003,பிறந்தாராம் என்னா விழுமம்,பிறந்தாராம் என்னா விழுமும்,0.8956,0.04,0.3333,False,24.64,dynamic_second_pass_plus_correction,data/synthetic/degraded/SYNTH_TEST_00189_degraded.png
EXP-F,Fine-Tuned + Second Pass + Tamil Correction,Synthetic Test (N=35),SAMPLE_0004,LINE_004,பிறந்தாராம் என்னா விழுமம்,பிறந்தராம் என்னா விழுமும்,0.8394,0.08,0.6667,False,108.02,dynamic_second_pass_plus_correction,data/synthetic/degraded/SYNTH_TEST_00190_degraded.png
EXP-F,Fine-Tuned + Second Pass + Tamil Correction,Synthetic Test (N=35),SAMPLE_0005,LINE_005,பிறந்தாராம் என்னா விழுமம்,பிறந்தாராம் என்னா விழுமம்,0.8199,0.0,0.0,True,91.5,dynamic_second_pass_plus_correction,data/synthetic/degraded/SYNTH_TEST_00191_degraded.png
EXP-F,Fine-Tuned + Second Pass + Tamil Correction,Synthetic Test (N=35),SAMPLE_0006,LINE_006,வேண்டுதல் வேண்டாமை இலானடி சேர்ந்தார்க்கு,வண்டுதல் வேண்டாமை இலானடி சேர்ந்தார்க்கு,0.797,0.025,0.25,False,127.35,dynamic_second_pass_plus_correction,data/synthetic/degraded/SYNTH_TEST_00192_degraded.png
EXP-F,Fine-Tuned + Second Pass + Tamil Correction,Synthetic Test (N=35),SAMPLE_0007,LINE_007,வேண்டுதல் வேண்டாமை இலானடி சேர்ந்தார்க்கு,உேண் தச் வேணட ழமலெலானடி் சேர்ந்தால்தச,0.5606,0.4,1.25,False,124.96,dynamic_second_pass_plus_correction,data/synthetic/degraded/SYNTH_TEST_00193_degraded.png
EXP-F,Fine-Tuned + Second Pass + Tamil Correction,Synthetic Test (N=35),SAMPLE_0008,LINE_008,யாண்டும் இடும்பை இல,மாண்டும் இடும்பனெல,0.6205,0.2105,1.0,False,77.78,dynamic_second_pass_plus_correction,data/synthetic/degraded/SYNTH_TEST_00194_degraded.png
EXP-F,Fine-Tuned + Second Pass + Tamil Correction,Synthetic Test (N=35),SAMPLE_0009,LINE_009,பிறந்தாராம் என்னா விழுமம்,பிறந்தாராம் என்னா விழுமும்,0.9441,0.04,0.3333,False,23.24,dynamic_second_pass_plus_correction,data/synthetic/degraded/SYNTH_TEST_00195_degraded.png
EXP-F,Fine-Tuned + Second Pass + Tamil Correction,Synthetic Test (N=35),SAMPLE_0010,LINE_010,மனக்கவலை மாற்றல் அரிது,மனக்கவலை மாற்றல் அரிது,0.8792,0.0,0.0,True,21.33,dynamic_second_pass_plus_correction,data/synthetic/degraded/SYNTH_TEST_00196_degraded.png
EXP-F,Fine-Tuned + Second Pass + Tamil Correction,Synthetic Test (N=35),SAMPLE_0011,LINE_011,வேண்டுதல் வேண்டாமை இலானடி சேர்ந்தார்க்கு,வேண்டுதல் வேண்டாமை இலானடி சேர்ந்தார்க்கு,0.8248,0.0,0.0,True,133.25,dynamic_second_pass_plus_correction,data/synthetic/degraded/SYNTH_TEST_00197_degraded.png
EXP-F,Fine-Tuned + Second Pass + Tamil Correction,Synthetic Test (N=35),SAMPLE_0012,LINE_012,பிறந்தாராம் என்னா விழுமம்,பிறறாராம் என்னாவிமமம்,0.6264,0.24,1.0,False,94.99,dynamic_second_pass_plus_correction,data/synthetic/degraded/SYNTH_TEST_00198_degraded.png
EXP-F,Fine-Tuned + Second Pass + Tamil Correction,Synthetic Test (N=35),SAMPLE_0013,LINE_013,நரைவருமென் றெண்ணி நல்லறி வாளர்,தினவடு மைா் வெ கி ழவைமி வழவர்,0.4453,0.6,1.5,False,106.66,dynamic_second_pass_plus_correction,data/synthetic/degraded/SYNTH_TEST_00199_degraded.png
EXP-F,Fine-Tuned + Second Pass + Tamil Correction,Synthetic Test (N=35),SAMPLE_0014,LINE_014,அறஞ்செய்யா ராயின் அருந்துயர்க் குற்ற,அறஞ்செய்யா ராயின் அரந்துயர்க் குற்ற்,0.8232,0.0556,0.5,False,107.82,dynamic_second_pass_plus_correction,data/synthetic/degraded/SYNTH_TEST_00200_degraded.png
EXP-F,Fine-Tuned + Second Pass + Tamil Correction,Synthetic Test (N=35),SAMPLE_0015,LINE_015,பிறந்தாராம் என்னா விழுமம்,பிறந்தாராம் என்னா விழுமும்,0.7662,0.04,0.3333,False,85.96,dynamic_second_pass_plus_correction,data/synthetic/degraded/SYNTH_TEST_00201_degraded.png
EXP-F,Fine-Tuned + Second Pass + Tamil Correction,Synthetic Test (N=35),SAMPLE_0016,LINE_016,தனக்குவமை இல்லாதான் தாள்சேர்ந்தார்க் கல்லால்,தனக்குவமை இல்லாதான் தாள்சேர்ந்தார்க் கல்லால்,0.8289,0.0,0.0,True,115.46,dynamic_second_pass_plus_correction,data/synthetic/degraded/SYNTH_TEST_00202_degraded.png
EXP-F,Fine-Tuned + Second Pass + Tamil Correction,Synthetic Test (N=35),SAMPLE_0017,LINE_017,குரைவிடை நின்றார் கொளீஇய – விரைவினோடு,எரைவிடை நீினறார கொளஇய் விரைவினோட,0.7723,0.2432,1.0,False,129.43,dynamic_second_pass_plus_correction,data/synthetic/degraded/SYNTH_TEST_00203_degraded.png
EXP-F,Fine-Tuned + Second Pass + Tamil Correction,Synthetic Test (N=35),SAMPLE_0018,LINE_018,நரைவருமென் றெண்ணி நல்லறி வாளர்,நரைவருமென் றெண்ணிநல்லறி வளர்,0.8821,0.0667,0.75,False,27.86,dynamic_second_pass_plus_correction,data/synthetic/degraded/SYNTH_TEST_00204_degraded.png
EXP-F,Fine-Tuned + Second Pass + Tamil Correction,Synthetic Test (N=35),SAMPLE_0019,LINE_019,பிறந்தாராம் என்னா விழுமம்,பிறந்தாராம் என்னா விழுமம்,0.813,0.0,0.0,True,82.97,dynamic_second_pass_plus_correction,data/synthetic/degraded/SYNTH_TEST_00205_degraded.png
EXP-F,Fine-Tuned + Second Pass + Tamil Correction,Synthetic Test (N=35),SAMPLE_0020,LINE_020,அறஞ்செய்யா ராயின் அருந்துயர்க் குற்ற,அறே்செய்யா ராயின் அருற்தார்கு தகறற்,0.7793,0.2222,0.75,False,125.45,dynamic_second_pass_plus_correction,data/synthetic/degraded/SYNTH_TEST_00206_degraded.png
EXP-F,Fine-Tuned + Second Pass + Tamil Correction,Synthetic Test (N=35),SAMPLE_0021,LINE_021,வேண்டுதல் வேண்டாமை இலானடி சேர்ந்தார்க்கு,வேண்டுதல் வேண்டாமை இலானடி சேர்ந்தார்க்கு,0.8594,0.0,0.0,True,33.39,dynamic_second_pass_plus_correction,data/synthetic/degraded/SYNTH_TEST_00207_degraded.png
EXP-F,Fine-Tuned + Second Pass + Tamil Correction,Synthetic Test (N=35),SAMPLE_0022,LINE_022,அறஞ்செய்யா ராயின் அருந்துயர்க் குற்ற,அறஞ்தொா ராமின் அரந்தார்க குற்ற்,0.6974,0.3056,1.0,False,116.21,dynamic_second_pass_plus_correction,data/synthetic/degraded/SYNTH_TEST_00208_degraded.png
EXP-F,Fine-Tuned + Second Pass + Tamil Correction,Synthetic Test (N=35),SAMPLE_0023,LINE_023,யாண்டும் இடும்பை இல,மாண்டும் இடும்பை் இல்,0.8376,0.1579,1.0,False,78.71,dynamic_second_pass_plus_correction,data/synthetic/degraded/SYNTH_TEST_00209_degraded.png
EXP-F,Fine-Tuned + Second Pass + Tamil Correction,Synthetic Test (N=35),SAMPLE_0024,LINE_024,மனக்கவலை மாற்றல் அரிது,மனக்கவலல மாற்றல் அரிது,0.8871,0.0455,0.3333,False,19.8,dynamic_second_pass_plus_correction,data/synthetic/degraded/SYNTH_TEST_00210_degraded.png
EXP-F,Fine-Tuned + Second Pass + Tamil Correction,Synthetic Test (N=35),SAMPLE_0025,LINE_025,மனக்கவலை மாற்றல் அரிது,மனக்கவலை மாற்றல் அரிது,0.8566,0.0,0.0,True,19.98,dynamic_second_pass_plus_correction,data/synthetic/degraded/SYNTH_TEST_00211_degraded.png
EXP-F,Fine-Tuned + Second Pass + Tamil Correction,Synthetic Test (N=35),SAMPLE_0026,LINE_026,அறஞ்செய்யா ராயின் அருந்துயர்க் குற்ற,அறஞ்செய்யா ராயின் அருந்துயர்க் குற்ற,0.8109,0.0,0.0,True,118.1,dynamic_second_pass_plus_correction,data/synthetic/degraded/SYNTH_TEST_00212_degraded.png
EXP-F,Fine-Tuned + Second Pass + Tamil Correction,Synthetic Test (N=35),SAMPLE_0027,LINE_027,மனக்கவலை மாற்றல் அரிது,மனக்கவலை மாற்றல் அரிது,0.9493,0.0,0.0,True,29.45,dynamic_second_pass_plus_correction,data/synthetic/degraded/SYNTH_TEST_00213_degraded.png
EXP-F,Fine-Tuned + Second Pass + Tamil Correction,Synthetic Test (N=35),SAMPLE_0028,LINE_028,வேண்டுதல் வேண்டாமை இலானடி சேர்ந்தார்க்கு,எேண்டுதல வேண்டாமை இலான்டி சேர்ந்தார்க்கு,0.8279,0.075,0.5,False,130.1,dynamic_second_pass_plus_correction,data/synthetic/degraded/SYNTH_TEST_00214_degraded.png
EXP-F,Fine-Tuned + Second Pass + Tamil Correction,Synthetic Test (N=35),SAMPLE_0029,LINE_029,அறஞ்செய்யா ராயின் அருந்துயர்க் குற்ற,அறஞ்செய்யா ராயின் அருந்துயர்க் குற்ற,0.8707,0.0,0.0,True,25.74,dynamic_second_pass_plus_correction,data/synthetic/degraded/SYNTH_TEST_00215_degraded.png
EXP-F,Fine-Tuned + Second Pass + Tamil Correction,Synthetic Test (N=35),SAMPLE_0030,LINE_030,பிறந்தாராம் என்னா விழுமம்,பிறந்தாராம் என்னா விழுமம்,0.8982,0.0,0.0,True,21.8,dynamic_second_pass_plus_correction,data/synthetic/degraded/SYNTH_TEST_00216_degraded.png
EXP-F,Fine-Tuned + Second Pass + Tamil Correction,Synthetic Test (N=35),SAMPLE_0031,LINE_031,வேண்டுதல் வேண்டாமை இலானடி சேர்ந்தார்க்கு,வண்டுதல வேணடாமை இலானடி் சேர்ந்தாரக்கு்,0.7495,0.15,1.0,False,132.75,dynamic_second_pass_plus_correction,data/synthetic/degraded/SYNTH_TEST_00217_degraded.png
EXP-F,Fine-Tuned + Second Pass + Tamil Correction,Synthetic Test (N=35),SAMPLE_0032,LINE_032,தனக்குவமை இல்லாதான் தாள்சேர்ந்தார்க் கல்லால்,தனக்குவமை இல்லாதான் தாள்சேர்ந்தார்க் கல்லால்,0.9313,0.0,0.0,True,36.46,dynamic_second_pass_plus_correction,data/synthetic/degraded/SYNTH_TEST_00218_degraded.png
EXP-F,Fine-Tuned + Second Pass + Tamil Correction,Synthetic Test (N=35),SAMPLE_0033,LINE_033,வேண்டுதல் வேண்டாமை இலானடி சேர்ந்தார்க்கு,எேணடுதல வேண்டாமை இலான்டிசர்ந்தாரக்க,0.765,0.2,0.75,False,124.42,dynamic_second_pass_plus_correction,data/synthetic/degraded/SYNTH_TEST_00219_degraded.png
EXP-F,Fine-Tuned + Second Pass + Tamil Correction,Synthetic Test (N=35),SAMPLE_0034,LINE_034,குரைவிடை நின்றார் கொளீஇய – விரைவினோடு,கரைவிடை நின்றார் கொளஇய த விரைவினேோடு,0.7946,0.1081,0.8,False,125.72,dynamic_second_pass_plus_correction,data/synthetic/degraded/SYNTH_TEST_00220_degraded.png
EXP-A,Pretrained TamilCRNN + Raw,CICT GT-133 Real External Test (N=23),SAMPLE_0000,line_left_L4,ஊட,௰9%,0.4353,1.5,1.0,False,28.65,raw,data/processed/cict_gt133_lines/line_001_line_left_L4.png
EXP-A,Pretrained TamilCRNN + Raw,CICT GT-133 Real External Test (N=23),SAMPLE_0001,line_left_L5,லுவகை,@@[9&@,0.8141,1.2,1.0,False,18.8,raw,data/processed/cict_gt133_lines/line_002_line_left_L5.png
EXP-A,Pretrained TamilCRNN + Raw,CICT GT-133 Real External Test (N=23),SAMPLE_0002,line_left_L7,௮௰௭,௰) )*3,0.4202,2.0,2.0,False,18.4,raw,data/processed/cict_gt133_lines/line_003_line_left_L7.png
EXP-A,Pretrained TamilCRNN + Raw,CICT GT-133 Real External Test (N=23),SAMPLE_0003,line_body_L1,இல்லைத் தவற் வாக்காயினு மூடுதல் வல்லது வாளிக்கு மா று,"ஔ9௩ஓ9௩ஓ9௩ஸ9௪9ஒங9௩ஓ9""ஈ![!௪",0.6434,1.0,1.0,False,64.39,raw,data/processed/cict_gt133_lines/line_004_line_body_L1.png
EXP-A,Pretrained TamilCRNN + Raw,CICT GT-133 Real External Test (N=23),SAMPLE_0004,line_body_L2,ஊடலிற் றோன்று ஞ்சிறுதுனி நல்லளி வாடினும் பாடு பெறு ம,௮9ஏ}9&9;9௱ஓ999&99299999ஒ9&9௮94,0.7878,1.0,1.0,False,87.62,raw,data/processed/cict_gt133_lines/line_005_line_body_L2.png
EXP-A,Pretrained TamilCRNN + Raw,CICT GT-133 Real External Test (N=23),SAMPLE_0005,line_body_L3,புலத்தலிற் பத்தேணுடுண்டோ நிலத்தொடு நீரியைந் தன்னூர்க த் து,௹.9ஔி999; }9௮999௮9கஉ99999899௮9_9௮,0.7795,0.9655,1.0,False,64.74,raw,data/processed/cict_gt133_lines/line_006_line_body_L3.png
EXP-A,Pretrained TamilCRNN + Raw,CICT GT-133 Real External Test (N=23),SAMPLE_0006,line_body_L4,புல்லிவிடாப் புல்வி யுடடோன்றுமெனனுள்ளமுடைக்கும் படை,"99$,9/9""9$$9&இ99;9^98999௮99ஞ99ஞ௮99ஞ+949்+2ோ",0.7159,0.9804,1.0,False,44.51,raw,data/processed/cict_gt133_lines/line_007_line_body_L4.png
EXP-A,Pretrained TamilCRNN + Raw,CICT GT-133 Real External Test (N=23),SAMPLE_0007,line_body_L5,தவரிலநாயினுந்தா  மவீழவரா மென்றேள் கறலி னுங் கொன்றுடைத் து,"`9$2}98ஹ99$@$3&83)93.98@)39,!9௮9299>",0.6371,1.0,1.0,False,46.42,raw,data/processed/cict_gt133_lines/line_008_line_body_L5.png
EXP-A,Pretrained TamilCRNN + Raw,CICT GT-133 Real External Test (N=23),SAMPLE_0008,line_body_L6,உணலிசநுமுண்டதற்லினிது காமம் புணாதலினூட லிநி து,ெ 39௮9999.989இ[9௹9999/9௫29&994,0.7531,1.0,1.0,False,90.28,raw,data/processed/cict_gt133_lines/line_009_line_body_L6.png
EXP-A,Pretrained TamilCRNN + Raw,CICT GT-133 Real External Test (N=23),SAMPLE_0009,line_body_L7,உளடலிற் றேற்றுவ ரவென்றார்  துமநநுங் கூடலிற் காணப்படு ம்,+9/&949௮ஙஔஇ99-௹999இ@899(,0.789,0.9815,1.0,False,60.31,raw,data/processed/cict_gt133_lines/line_010_line_body_L7.png
EXP-A,Pretrained TamilCRNN + Raw,CICT GT-133 Real External Test (N=23),SAMPLE_0010,line_body_L8,உளடிப் பெருகுவுங் தொல்லொநு துல்வியாப்பக்  கடலிற றேனறிய      ஷப் பு,@@8+௪@ ூ.9[)9௴999 9%'98989+99௮9௹92'4,0.6934,0.9667,1.0,False,47.34,raw,data/processed/cict_gt133_lines/line_011_line_body_L8.png
EXP-A,Pretrained TamilCRNN + Raw,CICT GT-133 Real External Test (N=23),SAMPLE_0011,line_body_L9,உளடுக மந்நொ வொளியிழை யாமிரப்ப நீடுகு மன்னோ விர ர்,99ிஔ௹9௹9௷9@9௹௷9௷49;ஓ9_99999பஒ99\,0.7076,0.9796,1.0,False,87.67,raw,data/processed/cict_gt133_lines/line_012_line_body_L9.png
EXP-A,Pretrained TamilCRNN + Raw,CICT GT-133 Real External Test (N=23),SAMPLE_0012,line_body_L10,உளடுதுல காமத்திற் கின் பமதற் கின்பங் கூடிமுயங்கப்  பெறி ன்,8,0.5077,1.0,1.0,False,54.71,raw,data/processed/cict_gt133_lines/line_013_line_body_L10.png
EXP-A,Pretrained TamilCRNN + Raw,CICT GT-133 Real External Test (N=23),SAMPLE_0013,line_right_L1,௧,3,0.3004,1.0,1.0,False,70.3,raw,data/processed/cict_gt133_lines/line_014_line_right_L1.png
EXP-A,Pretrained TamilCRNN + Raw,CICT GT-133 Real External Test (N=23),SAMPLE_0014,line_right_L2,௨,@88>`$,0.4748,6.0,1.0,False,14.35,raw,data/processed/cict_gt133_lines/line_015_line_right_L2.png
EXP-A,Pretrained TamilCRNN + Raw,CICT GT-133 Real External Test (N=23),SAMPLE_0015,line_right_L3,௩,=>>8,0.4101,4.0,1.0,False,21.04,raw,data/processed/cict_gt133_lines/line_016_line_right_L3.png
EXP-A,Pretrained TamilCRNN + Raw,CICT GT-133 Real External Test (N=23),SAMPLE_0016,line_right_L4,௪,"=""$[",0.5537,4.0,1.0,False,19.2,raw,data/processed/cict_gt133_lines/line_017_line_right_L4.png
EXP-A,Pretrained TamilCRNN + Raw,CICT GT-133 Real External Test (N=23),SAMPLE_0017,line_right_L5,௫,@4'``,0.6224,5.0,1.0,False,15.07,raw,data/processed/cict_gt133_lines/line_018_line_right_L5.png
EXP-A,Pretrained TamilCRNN + Raw,CICT GT-133 Real External Test (N=23),SAMPLE_0018,line_right_L6,௬,`,0.6629,1.0,1.0,False,14.04,raw,data/processed/cict_gt133_lines/line_019_line_right_L6.png
EXP-A,Pretrained TamilCRNN + Raw,CICT GT-133 Real External Test (N=23),SAMPLE_0019,line_right_L7,௭,3{,0.251,2.0,1.0,False,13.86,raw,data/processed/cict_gt133_lines/line_020_line_right_L7.png
EXP-A,Pretrained TamilCRNN + Raw,CICT GT-133 Real External Test (N=23),SAMPLE_0020,line_right_L8,௮,\',0.3372,2.0,1.0,False,16.75,raw,data/processed/cict_gt133_lines/line_021_line_right_L8.png
EXP-A,Pretrained TamilCRNN + Raw,CICT GT-133 Real External Test (N=23),SAMPLE_0021,line_right_L9,௯,"9[,>",0.6338,4.0,1.0,False,14.33,raw,data/processed/cict_gt133_lines/line_022_line_right_L9.png
EXP-A,Pretrained TamilCRNN + Raw,CICT GT-133 Real External Test (N=23),SAMPLE_0022,line_right_L10,௰,@,0.3043,1.0,1.0,False,14.55,raw,data/processed/cict_gt133_lines/line_023_line_right_L10.png
EXP-B,Pretrained TamilCRNN + Pipeline C (Illum+CLAHE),CICT GT-133 Real External Test (N=23),SAMPLE_0000,line_left_L4,ஊட,௱89@9 ),0.3653,3.5,2.0,False,16.1,pipeline_c_illum_clahe,data/processed/cict_gt133_lines/line_001_line_left_L4.png
EXP-B,Pretrained TamilCRNN + Pipeline C (Illum+CLAHE),CICT GT-133 Real External Test (N=23),SAMPLE_0001,line_left_L5,லுவகை,2/@,0.7426,1.0,1.0,False,16.22,pipeline_c_illum_clahe,data/processed/cict_gt133_lines/line_002_line_left_L5.png
EXP-B,Pretrained TamilCRNN + Pipeline C (Illum+CLAHE),CICT GT-133 Real External Test (N=23),SAMPLE_0002,line_left_L7,௮௰௭,8{`[)# !3,0.4037,3.0,2.0,False,16.97,pipeline_c_illum_clahe,data/processed/cict_gt133_lines/line_003_line_left_L7.png
EXP-B,Pretrained TamilCRNN + Pipeline C (Illum+CLAHE),CICT GT-133 Real External Test (N=23),SAMPLE_0003,line_body_L1,இல்லைத் தவற் வாக்காயினு மூடுதல் வல்லது வாளிக்கு மா று,ஔ9லஓ9௩ஓஒ9௩ஸ9௪9ஒ9ஓஓ9(!௶!௪ 333,0.6329,0.9623,1.0,False,45.89,pipeline_c_illum_clahe,data/processed/cict_gt133_lines/line_004_line_body_L1.png
EXP-B,Pretrained TamilCRNN + Pipeline C (Illum+CLAHE),CICT GT-133 Real External Test (N=23),SAMPLE_0004,line_body_L2,ஊடலிற் றோன்று ஞ்சிறுதுனி நல்லளி வாடினும் பாடு பெறு ம,வ99லத௹ஃ9&9;த49௱999=9929=99இஒ92994,0.7227,0.9808,1.0,False,45.46,pipeline_c_illum_clahe,data/processed/cict_gt133_lines/line_005_line_body_L2.png
EXP-B,Pretrained TamilCRNN + Pipeline C (Illum+CLAHE),CICT GT-133 Real External Test (N=23),SAMPLE_0005,line_body_L3,புலத்தலிற் பத்தேணுடுண்டோ நிலத்தொடு நீரியைந் தன்னூர்க த் து,௯93ி9 9;9 }9௮9௲99௮9ஔஉஏ9டி9ஓ9ப99999+9ி9299?,0.7331,0.931,1.0,False,48.31,pipeline_c_illum_clahe,data/processed/cict_gt133_lines/line_006_line_body_L3.png
EXP-B,Pretrained TamilCRNN + Pipeline C (Illum+CLAHE),CICT GT-133 Real External Test (N=23),SAMPLE_0006,line_body_L4,புல்லிவிடாப் புல்வி யுடடோன்றுமெனனுள்ளமுடைக்கும் படை,"99$,/99$$9&&9ஈ9;9௮^89க9௮9ஞ9?9ஞ!)99ஞ49!:வோ",0.7068,1.0,1.0,False,47.76,pipeline_c_illum_clahe,data/processed/cict_gt133_lines/line_007_line_body_L4.png
EXP-B,Pretrained TamilCRNN + Pipeline C (Illum+CLAHE),CICT GT-133 Real External Test (N=23),SAMPLE_0007,line_body_L5,தவரிலநாயினுந்தா  மவீழவரா மென்றேள் கறலி னுங் கொன்றுடைத் து,"`9$2}98ஹ@9ஈ9!@$3&83)93)!. @)39,ய9க929>",0.6598,0.9643,1.0,False,53.34,pipeline_c_illum_clahe,data/processed/cict_gt133_lines/line_008_line_body_L5.png
EXP-B,Pretrained TamilCRNN + Pipeline C (Illum+CLAHE),CICT GT-133 Real External Test (N=23),SAMPLE_0008,line_body_L6,உணலிசநுமுண்டதற்லினிது காமம் புணாதலினூட லிநி து,`9 39௮998999999இ&ி[9௹9999/9௹29&9],0.7469,0.9783,1.0,False,47.15,pipeline_c_illum_clahe,data/processed/cict_gt133_lines/line_009_line_body_L6.png
EXP-B,Pretrained TamilCRNN + Pipeline C (Illum+CLAHE),CICT GT-133 Real External Test (N=23),SAMPLE_0009,line_body_L7,உளடலிற் றேற்றுவ ரவென்றார்  துமநநுங் கூடலிற் காணப்படு ம்,த9@/௮&989௮ஈ99௹999இ@99,0.7642,0.9815,1.0,False,50.69,pipeline_c_illum_clahe,data/processed/cict_gt133_lines/line_010_line_body_L7.png
EXP-B,Pretrained TamilCRNN + Pipeline C (Illum+CLAHE),CICT GT-133 Real External Test (N=23),SAMPLE_0010,line_body_L8,உளடிப் பெருகுவுங் தொல்லொநு துல்வியாப்பக்  கடலிற றேனறிய      ஷப் பு,+@38௪@ .9[)௪9௴999 9%'989௴89+9௮9௮=929@4,0.7008,0.9667,1.0,False,47.46,pipeline_c_illum_clahe,data/processed/cict_gt133_lines/line_011_line_body_L8.png
EXP-B,Pretrained TamilCRNN + Pipeline C (Illum+CLAHE),CICT GT-133 Real External Test (N=23),SAMPLE_0011,line_body_L9,உளடுக மந்நொ வொளியிழை யாமிரப்ப நீடுகு மன்னோ விர ர்,99௹௹99௹௷9௷ 89 9_]999ஒ99\,0.7068,0.9592,1.0,False,52.95,pipeline_c_illum_clahe,data/processed/cict_gt133_lines/line_012_line_body_L9.png
EXP-B,Pretrained TamilCRNN + Pipeline C (Illum+CLAHE),CICT GT-133 Real External Test (N=23),SAMPLE_0012,line_body_L10,உளடுதுல காமத்திற் கின் பமதற் கின்பங் கூடிமுயங்கப்  பெறி ன்,9933+3,0.6313,1.0,1.0,False,46.56,pipeline_c_illum_clahe,data/processed/cict_gt133_lines/line_013_line_body_L10.png
EXP-B,Pretrained TamilCRNN + Pipeline C (Illum+CLAHE),CICT GT-133 Real External Test (N=23),SAMPLE_0013,line_right_L1,௧,3,0.9987,1.0,1.0,False,14.38,pipeline_c_illum_clahe,data/processed/cict_gt133_lines/line_014_line_right_L1.png
EXP-B,Pretrained TamilCRNN + Pipeline C (Illum+CLAHE),CICT GT-133 Real External Test (N=23),SAMPLE_0014,line_right_L2,௨,`@,0.6134,2.0,1.0,False,12.7,pipeline_c_illum_clahe,data/processed/cict_gt133_lines/line_015_line_right_L2.png
EXP-B,Pretrained TamilCRNN + Pipeline C (Illum+CLAHE),CICT GT-133 Real External Test (N=23),SAMPLE_0015,line_right_L3,௩,^9`]>9>`]!(,0.5172,11.0,1.0,False,13.48,pipeline_c_illum_clahe,data/processed/cict_gt133_lines/line_016_line_right_L3.png
EXP-B,Pretrained TamilCRNN + Pipeline C (Illum+CLAHE),CICT GT-133 Real External Test (N=23),SAMPLE_0016,line_right_L4,௪,98%,0.6191,3.0,1.0,False,13.74,pipeline_c_illum_clahe,data/processed/cict_gt133_lines/line_017_line_right_L4.png
EXP-B,Pretrained TamilCRNN + Pipeline C (Illum+CLAHE),CICT GT-133 Real External Test (N=23),SAMPLE_0017,line_right_L5,௫,`'`'6,0.7673,5.0,1.0,False,12.79,pipeline_c_illum_clahe,data/processed/cict_gt133_lines/line_018_line_right_L5.png
EXP-B,Pretrained TamilCRNN + Pipeline C (Illum+CLAHE),CICT GT-133 Real External Test (N=23),SAMPLE_0018,line_right_L6,௬,௰``,0.455,3.0,1.0,False,14.0,pipeline_c_illum_clahe,data/processed/cict_gt133_lines/line_019_line_right_L6.png
EXP-B,Pretrained TamilCRNN + Pipeline C (Illum+CLAHE),CICT GT-133 Real External Test (N=23),SAMPLE_0019,line_right_L7,௭,?'%@,0.4052,4.0,1.0,False,14.22,pipeline_c_illum_clahe,data/processed/cict_gt133_lines/line_020_line_right_L7.png
EXP-B,Pretrained TamilCRNN + Pipeline C (Illum+CLAHE),CICT GT-133 Real External Test (N=23),SAMPLE_0020,line_right_L8,௮,*=$,0.3364,3.0,1.0,False,13.73,pipeline_c_illum_clahe,data/processed/cict_gt133_lines/line_021_line_right_L8.png
EXP-B,Pretrained TamilCRNN + Pipeline C (Illum+CLAHE),CICT GT-133 Real External Test (N=23),SAMPLE_0021,line_right_L9,௯,[=89>{,0.6709,6.0,1.0,False,12.37,pipeline_c_illum_clahe,data/processed/cict_gt133_lines/line_022_line_right_L9.png
EXP-B,Pretrained TamilCRNN + Pipeline C (Illum+CLAHE),CICT GT-133 Real External Test (N=23),SAMPLE_0022,line_right_L10,௰,@,0.4128,1.0,1.0,False,12.86,pipeline_c_illum_clahe,data/processed/cict_gt133_lines/line_023_line_right_L10.png
EXP-C,Fine-Tuned TamilCRNN + Raw,CICT GT-133 Real External Test (N=23),SAMPLE_0000,line_left_L4,ஊட,ஐபலவப்ஆல வ்்,0.3736,6.0,2.0,False,14.81,raw,data/processed/cict_gt133_lines/line_001_line_left_L4.png
EXP-C,Fine-Tuned TamilCRNN + Raw,CICT GT-133 Real External Test (N=23),SAMPLE_0001,line_left_L5,லுவகை,ஐதவ,0.3549,0.8,1.0,False,16.53,raw,data/processed/cict_gt133_lines/line_002_line_left_L5.png
EXP-C,Fine-Tuned TamilCRNN + Raw,CICT GT-133 Real External Test (N=23),SAMPLE_0002,line_left_L7,௮௰௭,ஐைலல,0.3323,1.3333,1.0,False,20.59,raw,data/processed/cict_gt133_lines/line_003_line_left_L7.png
EXP-C,Fine-Tuned TamilCRNN + Raw,CICT GT-133 Real External Test (N=23),SAMPLE_0003,line_body_L1,இல்லைத் தவற் வாக்காயினு மூடுதல் வல்லது வாளிக்கு மா று,விவுவீிவுலிில்ிவுிண்ிமுிலி,0.6382,0.7925,1.0,False,49.93,raw,data/processed/cict_gt133_lines/line_004_line_body_L1.png
EXP-C,Fine-Tuned TamilCRNN + Raw,CICT GT-133 Real External Test (N=23),SAMPLE_0004,line_body_L2,ஊடலிற் றோன்று ஞ்சிறுதுனி நல்லளி வாடினும் பாடு பெறு ம,ஏவ்ல ுதவ சலண்ல் ல வாளிகதசிணத்ா றாு ்்,0.5686,0.7692,1.0,False,44.06,raw,data/processed/cict_gt133_lines/line_005_line_body_L2.png
EXP-C,Fine-Tuned TamilCRNN + Raw,CICT GT-133 Real External Test (N=23),SAMPLE_0005,line_body_L3,புலத்தலிற் பத்தேணுடுண்டோ நிலத்தொடு நீரியைந் தன்னூர்க த் து,ஏடடற ேைுார எெர அவிொலலாி் அாட ழம பாெ்ச ் மோடொப்,0.7095,0.8621,1.2857,False,67.44,raw,data/processed/cict_gt133_lines/line_006_line_body_L3.png
EXP-C,Fine-Tuned TamilCRNN + Raw,CICT GT-133 Real External Test (N=23),SAMPLE_0006,line_body_L4,புல்லிவிடாப் புல்வி யுடடோன்றுமெனனுள்ளமுடைக்கும் படை,ஆுல் வுுல் ப ொுெப ளைோாச லவழமாா ோுளமா ெோ்ாேமலடவைு்,0.5659,0.7647,2.0,False,50.73,raw,data/processed/cict_gt133_lines/line_007_line_body_L4.png
EXP-C,Fine-Tuned TamilCRNN + Raw,CICT GT-133 Real External Test (N=23),SAMPLE_0007,line_body_L5,தவரிலநாயினுந்தா  மவீழவரா மென்றேள் கறலி னுங் கொன்றுடைத் து,ஆலலவடெிப பல்லிட டத ழஎ பஉுிம்்வல்,0.5449,0.8393,1.0,False,52.4,raw,data/processed/cict_gt133_lines/line_008_line_body_L5.png
EXP-C,Fine-Tuned TamilCRNN + Raw,CICT GT-133 Real External Test (N=23),SAMPLE_0008,line_body_L6,உணலிசநுமுண்டதற்லினிது காமம் புணாதலினூட லிநி து,ஓடமினமவ்பி ி மனாமும பளாஎவி வமிச் சாஎா்,0.6263,0.7826,1.2,False,50.3,raw,data/processed/cict_gt133_lines/line_009_line_body_L6.png
EXP-C,Fine-Tuned TamilCRNN + Raw,CICT GT-133 Real External Test (N=23),SAMPLE_0009,line_body_L7,உளடலிற் றேற்றுவ ரவென்றார்  துமநநுங் கூடலிற் காணப்படு ம்,ப்ாுடவிட ேரச்றல்டோெவனோ்மாறுஉடடவிமசாவு பட ்பல்,0.6846,0.7778,1.0,False,41.84,raw,data/processed/cict_gt133_lines/line_010_line_body_L7.png
EXP-C,Fine-Tuned TamilCRNN + Raw,CICT GT-133 Real External Test (N=23),SAMPLE_0010,line_body_L8,உளடிப் பெருகுவுங் தொல்லொநு துல்வியாப்பக்  கடலிற றேனறிய      ஷப் பு,ஐதட்பறறமப லண மில்வணபண ுுவுல்ப ோலோா ன்ா்வ்,0.5938,0.7333,1.0,False,42.98,raw,data/processed/cict_gt133_lines/line_011_line_body_L8.png
EXP-C,Fine-Tuned TamilCRNN + Raw,CICT GT-133 Real External Test (N=23),SAMPLE_0011,line_body_L9,உளடுக மந்நொ வொளியிழை யாமிரப்ப நீடுகு மன்னோ விர ர்,ஏதிகஃ தா்மததமினபமுத ழதிசமட் ே பமம்ு் னாம ொு்,0.6161,0.8163,1.0,False,46.17,raw,data/processed/cict_gt133_lines/line_012_line_body_L9.png
EXP-C,Fine-Tuned TamilCRNN + Raw,CICT GT-133 Real External Test (N=23),SAMPLE_0012,line_body_L10,உளடுதுல காமத்திற் கின் பமதற் கின்பங் கூடிமுயங்கப்  பெறி ன்,எழதட்ழலுசவிிணணலிழ்தணிணிலசல,0.3285,0.8772,1.0,False,42.33,raw,data/processed/cict_gt133_lines/line_013_line_body_L10.png
EXP-C,Fine-Tuned TamilCRNN + Raw,CICT GT-133 Real External Test (N=23),SAMPLE_0013,line_right_L1,௧,ஐ,0.3987,1.0,1.0,False,11.81,raw,data/processed/cict_gt133_lines/line_014_line_right_L1.png
EXP-C,Fine-Tuned TamilCRNN + Raw,CICT GT-133 Real External Test (N=23),SAMPLE_0014,line_right_L2,௨,ஐ ்தர,0.2836,5.0,2.0,False,13.44,raw,data/processed/cict_gt133_lines/line_015_line_right_L2.png
EXP-C,Fine-Tuned TamilCRNN + Raw,CICT GT-133 Real External Test (N=23),SAMPLE_0015,line_right_L3,௩,பட ்க்ழ,0.3731,7.0,2.0,False,13.54,raw,data/processed/cict_gt133_lines/line_016_line_right_L3.png
EXP-C,Fine-Tuned TamilCRNN + Raw,CICT GT-133 Real External Test (N=23),SAMPLE_0016,line_right_L4,௪,ஏ்ி் வுண,0.4743,8.0,2.0,False,19.03,raw,data/processed/cict_gt133_lines/line_017_line_right_L4.png
EXP-C,Fine-Tuned TamilCRNN + Raw,CICT GT-133 Real External Test (N=23),SAMPLE_0017,line_right_L5,௫,எ்க்லழலச,0.2366,8.0,1.0,False,13.31,raw,data/processed/cict_gt133_lines/line_018_line_right_L5.png
EXP-C,Fine-Tuned TamilCRNN + Raw,CICT GT-133 Real External Test (N=23),SAMPLE_0018,line_right_L6,௬,ஐ்,0.2709,2.0,1.0,False,13.16,raw,data/processed/cict_gt133_lines/line_019_line_right_L6.png
EXP-C,Fine-Tuned TamilCRNN + Raw,CICT GT-133 Real External Test (N=23),SAMPLE_0019,line_right_L7,௭,ஐ ழாகல,0.3298,6.0,2.0,False,12.51,raw,data/processed/cict_gt133_lines/line_020_line_right_L7.png
EXP-C,Fine-Tuned TamilCRNN + Raw,CICT GT-133 Real External Test (N=23),SAMPLE_0020,line_right_L8,௮,ஐ்வ் த்ர,0.2979,8.0,2.0,False,12.73,raw,data/processed/cict_gt133_lines/line_021_line_right_L8.png
EXP-C,Fine-Tuned TamilCRNN + Raw,CICT GT-133 Real External Test (N=23),SAMPLE_0021,line_right_L9,௯,ஐசடழ ை,0.274,6.0,2.0,False,12.92,raw,data/processed/cict_gt133_lines/line_022_line_right_L9.png
EXP-C,Fine-Tuned TamilCRNN + Raw,CICT GT-133 Real External Test (N=23),SAMPLE_0022,line_right_L10,௰,ஐ,0.3889,1.0,1.0,False,12.67,raw,data/processed/cict_gt133_lines/line_023_line_right_L10.png
EXP-D,Fine-Tuned TamilCRNN + Pipeline C (Illum+CLAHE),CICT GT-133 Real External Test (N=23),SAMPLE_0000,line_left_L4,ஊட,ஐளி்ு்,0.399,3.0,1.0,False,18.18,pipeline_c_illum_clahe,data/processed/cict_gt133_lines/line_001_line_left_L4.png
EXP-D,Fine-Tuned TamilCRNN + Pipeline C (Illum+CLAHE),CICT GT-133 Real External Test (N=23),SAMPLE_0001,line_left_L5,லுவகை,ஐதொர,0.3547,1.0,1.0,False,17.77,pipeline_c_illum_clahe,data/processed/cict_gt133_lines/line_002_line_left_L5.png
EXP-D,Fine-Tuned TamilCRNN + Pipeline C (Illum+CLAHE),CICT GT-133 Real External Test (N=23),SAMPLE_0002,line_left_L7,௮௰௭,ஐ,0.2136,1.0,1.0,False,18.34,pipeline_c_illum_clahe,data/processed/cict_gt133_lines/line_003_line_left_L7.png
EXP-D,Fine-Tuned TamilCRNN + Pipeline C (Illum+CLAHE),CICT GT-133 Real External Test (N=23),SAMPLE_0003,line_body_L1,இல்லைத் தவற் வாக்காயினு மூடுதல் வல்லது வாளிக்கு மா று,விவுவுுவுமுிில்ிவுிண்ிவுிலி,0.6386,0.8113,1.0,False,50.92,pipeline_c_illum_clahe,data/processed/cict_gt133_lines/line_004_line_body_L1.png
EXP-D,Fine-Tuned TamilCRNN + Pipeline C (Illum+CLAHE),CICT GT-133 Real External Test (N=23),SAMPLE_0004,line_body_L2,ஊடலிற் றோன்று ஞ்சிறுதுனி நல்லளி வாடினும் பாடு பெறு ம,ஐகலணில்ல கணலல் தவாளிகததிட்ட ுவண்்்,0.4717,0.8077,1.0,False,47.61,pipeline_c_illum_clahe,data/processed/cict_gt133_lines/line_005_line_body_L2.png
EXP-D,Fine-Tuned TamilCRNN + Pipeline C (Illum+CLAHE),CICT GT-133 Real External Test (N=23),SAMPLE_0005,line_body_L3,புலத்தலிற் பத்தேணுடுண்டோ நிலத்தொடு நீரியைந் தன்னூர்க த் து,ஏடற ேெுனரஎெ ர அவிொலலாி் அாட ழம பாெல் மோ ட மிப்,0.6651,0.8621,1.4286,False,47.46,pipeline_c_illum_clahe,data/processed/cict_gt133_lines/line_006_line_body_L3.png
EXP-D,Fine-Tuned TamilCRNN + Pipeline C (Illum+CLAHE),CICT GT-133 Real External Test (N=23),SAMPLE_0006,line_body_L4,புல்லிவிடாப் புல்வி யுடடோன்றுமெனனுள்ளமுடைக்கும் படை,ஐல வதல ப ொுமப ளைடோுலழழமாாழளயா ெோ்ாே்ுலு,0.5332,0.7647,1.5,False,54.51,pipeline_c_illum_clahe,data/processed/cict_gt133_lines/line_007_line_body_L4.png
EXP-D,Fine-Tuned TamilCRNN + Pipeline C (Illum+CLAHE),CICT GT-133 Real External Test (N=23),SAMPLE_0007,line_body_L5,தவரிலநாயினுந்தா  மவீழவரா மென்றேள் கறலி னுங் கொன்றுடைத் து,அலலவடிப பல்சசிட கதவ பத ழு ிாவ்ா,0.4811,0.8393,1.0,False,45.06,pipeline_c_illum_clahe,data/processed/cict_gt133_lines/line_008_line_body_L5.png
EXP-D,Fine-Tuned TamilCRNN + Pipeline C (Illum+CLAHE),CICT GT-133 Real External Test (N=23),SAMPLE_0008,line_body_L6,உணலிசநுமுண்டதற்லினிது காமம் புணாதலினூட லிநி து,ஐடபின மத்ி சாமிக பனானவி வி சாளி,0.6118,0.6957,1.2,False,48.67,pipeline_c_illum_clahe,data/processed/cict_gt133_lines/line_009_line_body_L6.png
EXP-D,Fine-Tuned TamilCRNN + Pipeline C (Illum+CLAHE),CICT GT-133 Real External Test (N=23),SAMPLE_0009,line_body_L7,உளடலிற் றேற்றுவ ரவென்றார்  துமநநுங் கூடலிற் காணப்படு ம்,போுடவிம ுும்றல்டோெவனோஅமாவுுடவிமனாவு படபிய,0.6083,0.7778,1.0,False,48.53,pipeline_c_illum_clahe,data/processed/cict_gt133_lines/line_010_line_body_L7.png
EXP-D,Fine-Tuned TamilCRNN + Pipeline C (Illum+CLAHE),CICT GT-133 Real External Test (N=23),SAMPLE_0010,line_body_L8,உளடிப் பெருகுவுங் தொல்லொநு துல்வியாப்பக்  கடலிற றேனறிய      ஷப் பு,ஐகா்றஅவபலண மில்வணுண கலய ோலுய்ல்,0.5609,0.7833,1.0,False,48.31,pipeline_c_illum_clahe,data/processed/cict_gt133_lines/line_011_line_body_L8.png
EXP-D,Fine-Tuned TamilCRNN + Pipeline C (Illum+CLAHE),CICT GT-133 Real External Test (N=23),SAMPLE_0011,line_body_L9,உளடுக மந்நொ வொளியிழை யாமிரப்ப நீடுகு மன்னோ விர ர்,உ மகுஃதடு றின்பம்த ழதிசம்டலமம ுனாபாு்,0.5588,0.7959,1.0,False,48.51,pipeline_c_illum_clahe,data/processed/cict_gt133_lines/line_012_line_body_L9.png
EXP-D,Fine-Tuned TamilCRNN + Pipeline C (Illum+CLAHE),CICT GT-133 Real External Test (N=23),SAMPLE_0012,line_body_L10,உளடுதுல காமத்திற் கின் பமதற் கின்பங் கூடிமுயங்கப்  பெறி ன்,எரண்ுமடலவிுுணணணைம்ணணிணு்லல,0.3048,0.8596,1.0,False,47.28,pipeline_c_illum_clahe,data/processed/cict_gt133_lines/line_013_line_body_L10.png
EXP-D,Fine-Tuned TamilCRNN + Pipeline C (Illum+CLAHE),CICT GT-133 Real External Test (N=23),SAMPLE_0013,line_right_L1,௧,ஐ,0.3861,1.0,1.0,False,14.05,pipeline_c_illum_clahe,data/processed/cict_gt133_lines/line_014_line_right_L1.png
EXP-D,Fine-Tuned TamilCRNN + Pipeline C (Illum+CLAHE),CICT GT-133 Real External Test (N=23),SAMPLE_0014,line_right_L2,௨,ஐண்,0.4328,3.0,1.0,False,13.88,pipeline_c_illum_clahe,data/processed/cict_gt133_lines/line_015_line_right_L2.png
EXP-D,Fine-Tuned TamilCRNN + Pipeline C (Illum+CLAHE),CICT GT-133 Real External Test (N=23),SAMPLE_0015,line_right_L3,௩,ஐ சசம்,0.3829,6.0,2.0,False,16.5,pipeline_c_illum_clahe,data/processed/cict_gt133_lines/line_016_line_right_L3.png
EXP-D,Fine-Tuned TamilCRNN + Pipeline C (Illum+CLAHE),CICT GT-133 Real External Test (N=23),SAMPLE_0016,line_right_L4,௪,ஐ்ிலண்,0.3885,6.0,1.0,False,21.14,pipeline_c_illum_clahe,data/processed/cict_gt133_lines/line_017_line_right_L4.png
EXP-D,Fine-Tuned TamilCRNN + Pipeline C (Illum+CLAHE),CICT GT-133 Real External Test (N=23),SAMPLE_0017,line_right_L5,௫,எம்,0.2119,3.0,1.0,False,23.43,pipeline_c_illum_clahe,data/processed/cict_gt133_lines/line_018_line_right_L5.png
EXP-D,Fine-Tuned TamilCRNN + Pipeline C (Illum+CLAHE),CICT GT-133 Real External Test (N=23),SAMPLE_0018,line_right_L6,௬,ஐண,0.2435,2.0,1.0,False,22.14,pipeline_c_illum_clahe,data/processed/cict_gt133_lines/line_019_line_right_L6.png
EXP-D,Fine-Tuned TamilCRNN + Pipeline C (Illum+CLAHE),CICT GT-133 Real External Test (N=23),SAMPLE_0019,line_right_L7,௭,ஐதரம,0.1969,4.0,1.0,False,20.36,pipeline_c_illum_clahe,data/processed/cict_gt133_lines/line_020_line_right_L7.png
EXP-D,Fine-Tuned TamilCRNN + Pipeline C (Illum+CLAHE),CICT GT-133 Real External Test (N=23),SAMPLE_0020,line_right_L8,௮,ஐத்த,0.1935,4.0,1.0,False,13.67,pipeline_c_illum_clahe,data/processed/cict_gt133_lines/line_021_line_right_L8.png
EXP-D,Fine-Tuned TamilCRNN + Pipeline C (Illum+CLAHE),CICT GT-133 Real External Test (N=23),SAMPLE_0021,line_right_L9,௯,ஐ ம்,0.3207,4.0,2.0,False,14.12,pipeline_c_illum_clahe,data/processed/cict_gt133_lines/line_022_line_right_L9.png
EXP-D,Fine-Tuned TamilCRNN + Pipeline C (Illum+CLAHE),CICT GT-133 Real External Test (N=23),SAMPLE_0022,line_right_L10,௰,ஐ,0.3527,1.0,1.0,False,12.79,pipeline_c_illum_clahe,data/processed/cict_gt133_lines/line_023_line_right_L10.png
EXP-E,Fine-Tuned + Confidence Second Pass,CICT GT-133 Real External Test (N=23),SAMPLE_0000,line_left_L4,ஊட,ஐ,0.3076,1.0,1.0,False,68.14,dynamic_second_pass,data/processed/cict_gt133_lines/line_001_line_left_L4.png
EXP-E,Fine-Tuned + Confidence Second Pass,CICT GT-133 Real External Test (N=23),SAMPLE_0001,line_left_L5,லுவகை,ஐதர,0.3363,1.0,1.0,False,65.67,dynamic_second_pass,data/processed/cict_gt133_lines/line_002_line_left_L5.png
EXP-E,Fine-Tuned + Confidence Second Pass,CICT GT-133 Real External Test (N=23),SAMPLE_0002,line_left_L7,௮௰௭,ஐைலல,0.3,1.3333,1.0,False,77.34,dynamic_second_pass,data/processed/cict_gt133_lines/line_003_line_left_L7.png
EXP-E,Fine-Tuned + Confidence Second Pass,CICT GT-133 Real External Test (N=23),SAMPLE_0003,line_body_L1,இல்லைத் தவற் வாக்காயினு மூடுதல் வல்லது வாளிக்கு மா று,விவுவுுவுமுிில்ிவுிண்ிவுிலி,0.5273,0.8113,1.0,False,174.1,dynamic_second_pass,data/processed/cict_gt133_lines/line_004_line_body_L1.png
EXP-E,Fine-Tuned + Confidence Second Pass,CICT GT-133 Real External Test (N=23),SAMPLE_0004,line_body_L2,ஊடலிற் றோன்று ஞ்சிறுதுனி நல்லளி வாடினும் பாடு பெறு ம,ஏவ்ல ுதவ சலண்ல் ல  வாளிகதசிணத்ா  றாு  ்்,0.4403,0.7692,1.0,False,183.46,dynamic_second_pass,data/processed/cict_gt133_lines/line_005_line_body_L2.png
EXP-E,Fine-Tuned + Confidence Second Pass,CICT GT-133 Real External Test (N=23),SAMPLE_0005,line_body_L3,புலத்தலிற் பத்தேணுடுண்டோ நிலத்தொடு நீரியைந் தன்னூர்க த் து,ஏடடற ேைுார எெர அவிொலலாி் அாட ழம பாெ்ச ் மோடொப்,0.5196,0.8621,1.2857,False,182.91,dynamic_second_pass,data/processed/cict_gt133_lines/line_006_line_body_L3.png
EXP-E,Fine-Tuned + Confidence Second Pass,CICT GT-133 Real External Test (N=23),SAMPLE_0006,line_body_L4,புல்லிவிடாப் புல்வி யுடடோன்றுமெனனுள்ளமுடைக்கும் படை,அல வுமப வழுப  ோரோலுமாாோஎமு் ெோி,0.4308,0.7451,1.25,False,186.9,dynamic_second_pass,data/processed/cict_gt133_lines/line_007_line_body_L4.png
EXP-E,Fine-Tuned + Confidence Second Pass,CICT GT-133 Real External Test (N=23),SAMPLE_0007,line_body_L5,தவரிலநாயினுந்தா  மவீழவரா மென்றேள் கறலி னுங் கொன்றுடைத் து,தவிில்ப  ,0.3967,0.8929,1.0,False,178.41,dynamic_second_pass,data/processed/cict_gt133_lines/line_008_line_body_L5.png
EXP-E,Fine-Tuned + Confidence Second Pass,CICT GT-133 Real External Test (N=23),SAMPLE_0008,line_body_L6,உணலிசநுமுண்டதற்லினிது காமம் புணாதலினூட லிநி து,ஐடபின மத்ி  சனாமிக பனானவி விச ராள,0.4645,0.7174,1.2,False,179.39,dynamic_second_pass,data/processed/cict_gt133_lines/line_009_line_body_L6.png
EXP-E,Fine-Tuned + Confidence Second Pass,CICT GT-133 Real External Test (N=23),SAMPLE_0009,line_body_L7,உளடலிற் றேற்றுவ ரவென்றார்  துமநநுங் கூடலிற் காணப்படு ம்,ப்ாுடவிட ேரச்றல்டோெவனோ்மாறுஉடடவிமசாவு பட ்பல்,0.5074,0.7778,1.0,False,176.43,dynamic_second_pass,data/processed/cict_gt133_lines/line_010_line_body_L7.png
EXP-E,Fine-Tuned + Confidence Second Pass,CICT GT-133 Real External Test (N=23),SAMPLE_0010,line_body_L8,உளடிப் பெருகுவுங் தொல்லொநு துல்வியாப்பக்  கடலிற றேனறிய      ஷப் பு,ஐதட்பறறமப லண மில்வணபண ுுவுல்ப ோலோா ன்ா்வ்,0.4459,0.7333,1.0,False,197.97,dynamic_second_pass,data/processed/cict_gt133_lines/line_011_line_body_L8.png
EXP-E,Fine-Tuned + Confidence Second Pass,CICT GT-133 Real External Test (N=23),SAMPLE_0011,line_body_L9,உளடுக மந்நொ வொளியிழை யாமிரப்ப நீடுகு மன்னோ விர ர்,ஏதிகஃ தா்மததமினபமுத ழதிசமட் ே பமம்ு் னாம ொு்,0.4433,0.8163,1.0,False,187.14,dynamic_second_pass,data/processed/cict_gt133_lines/line_012_line_body_L9.png
EXP-E,Fine-Tuned + Confidence Second Pass,CICT GT-133 Real External Test (N=23),SAMPLE_0012,line_body_L10,உளடுதுல காமத்திற் கின் பமதற் கின்பங் கூடிமுயங்கப்  பெறி ன்,ஐ,0.2462,1.0,1.0,False,187.08,dynamic_second_pass,data/processed/cict_gt133_lines/line_013_line_body_L10.png
EXP-E,Fine-Tuned + Confidence Second Pass,CICT GT-133 Real External Test (N=23),SAMPLE_0013,line_right_L1,௧,ஐ,0.3987,1.0,1.0,False,56.54,dynamic_second_pass,data/processed/cict_gt133_lines/line_014_line_right_L1.png
EXP-E,Fine-Tuned + Confidence Second Pass,CICT GT-133 Real External Test (N=23),SAMPLE_0014,line_right_L2,௨,ஐ்ர ண,0.2511,5.0,2.0,False,55.52,dynamic_second_pass,data/processed/cict_gt133_lines/line_015_line_right_L2.png
EXP-E,Fine-Tuned + Confidence Second Pass,CICT GT-133 Real External Test (N=23),SAMPLE_0015,line_right_L3,௩,ஐ,0.3015,1.0,1.0,False,61.0,dynamic_second_pass,data/processed/cict_gt133_lines/line_016_line_right_L3.png
EXP-E,Fine-Tuned + Confidence Second Pass,CICT GT-133 Real External Test (N=23),SAMPLE_0016,line_right_L4,௪,ஏ்ி் வுண,0.3307,8.0,2.0,False,64.89,dynamic_second_pass,data/processed/cict_gt133_lines/line_017_line_right_L4.png
EXP-E,Fine-Tuned + Confidence Second Pass,CICT GT-133 Real External Test (N=23),SAMPLE_0017,line_right_L5,௫,ஐ,0.198,1.0,1.0,False,53.05,dynamic_second_pass,data/processed/cict_gt133_lines/line_018_line_right_L5.png
EXP-E,Fine-Tuned + Confidence Second Pass,CICT GT-133 Real External Test (N=23),SAMPLE_0018,line_right_L6,௬,ஐ,0.2559,1.0,1.0,False,58.37,dynamic_second_pass,data/processed/cict_gt133_lines/line_019_line_right_L6.png
EXP-E,Fine-Tuned + Confidence Second Pass,CICT GT-133 Real External Test (N=23),SAMPLE_0019,line_right_L7,௭,ஐ,0.266,1.0,1.0,False,55.25,dynamic_second_pass,data/processed/cict_gt133_lines/line_020_line_right_L7.png
EXP-E,Fine-Tuned + Confidence Second Pass,CICT GT-133 Real External Test (N=23),SAMPLE_0020,line_right_L8,௮,ஐ,0.2497,1.0,1.0,False,54.36,dynamic_second_pass,data/processed/cict_gt133_lines/line_021_line_right_L8.png
EXP-E,Fine-Tuned + Confidence Second Pass,CICT GT-133 Real External Test (N=23),SAMPLE_0021,line_right_L9,௯,ஐ,0.2187,1.0,1.0,False,55.99,dynamic_second_pass,data/processed/cict_gt133_lines/line_022_line_right_L9.png
EXP-E,Fine-Tuned + Confidence Second Pass,CICT GT-133 Real External Test (N=23),SAMPLE_0022,line_right_L10,௰,ஐ,0.3889,1.0,1.0,False,53.69,dynamic_second_pass,data/processed/cict_gt133_lines/line_023_line_right_L10.png
EXP-F,Fine-Tuned + Second Pass + Tamil Correction,CICT GT-133 Real External Test (N=23),SAMPLE_0000,line_left_L4,ஊட,ஐ,0.3076,1.0,1.0,False,66.86,dynamic_second_pass_plus_correction,data/processed/cict_gt133_lines/line_001_line_left_L4.png
EXP-F,Fine-Tuned + Second Pass + Tamil Correction,CICT GT-133 Real External Test (N=23),SAMPLE_0001,line_left_L5,லுவகை,ஐதர,0.3363,1.0,1.0,False,70.47,dynamic_second_pass_plus_correction,data/processed/cict_gt133_lines/line_002_line_left_L5.png
EXP-F,Fine-Tuned + Second Pass + Tamil Correction,CICT GT-133 Real External Test (N=23),SAMPLE_0002,line_left_L7,௮௰௭,ஐைலல,0.3,1.3333,1.0,False,68.95,dynamic_second_pass_plus_correction,data/processed/cict_gt133_lines/line_003_line_left_L7.png
EXP-F,Fine-Tuned + Second Pass + Tamil Correction,CICT GT-133 Real External Test (N=23),SAMPLE_0003,line_body_L1,இல்லைத் தவற் வாக்காயினு மூடுதல் வல்லது வாளிக்கு மா று,விவுவுவுமுிலிவுிணிவுிலி,0.5273,0.8113,1.0,False,196.07,dynamic_second_pass_plus_correction,data/processed/cict_gt133_lines/line_004_line_body_L1.png
EXP-F,Fine-Tuned + Second Pass + Tamil Correction,CICT GT-133 Real External Test (N=23),SAMPLE_0004,line_body_L2,ஊடலிற் றோன்று ஞ்சிறுதுனி நல்லளி வாடினும் பாடு பெறு ம,ஏவ்லுதவ சலண்ல் ல வாளிகதசிணதா றாு ்,0.4403,0.75,1.0,False,185.9,dynamic_second_pass_plus_correction,data/processed/cict_gt133_lines/line_005_line_body_L2.png
EXP-F,Fine-Tuned + Second Pass + Tamil Correction,CICT GT-133 Real External Test (N=23),SAMPLE_0005,line_body_L3,புலத்தலிற் பத்தேணுடுண்டோ நிலத்தொடு நீரியைந் தன்னூர்க த் து,ஏடடறேைுார எெர அவிொலலாி் அாட ழம பாெ்ச் மோடொப்,0.5196,0.8793,1.0,False,176.44,dynamic_second_pass_plus_correction,data/processed/cict_gt133_lines/line_006_line_body_L3.png
EXP-F,Fine-Tuned + Second Pass + Tamil Correction,CICT GT-133 Real External Test (N=23),SAMPLE_0006,line_body_L4,புல்லிவிடாப் புல்வி யுடடோன்றுமெனனுள்ளமுடைக்கும் படை,அல வுமப வழுபோரோலுமாோஎமு் ெோி,0.4308,0.7451,1.0,False,185.24,dynamic_second_pass_plus_correction,data/processed/cict_gt133_lines/line_007_line_body_L4.png
EXP-F,Fine-Tuned + Second Pass + Tamil Correction,CICT GT-133 Real External Test (N=23),SAMPLE_0007,line_body_L5,தவரிலநாயினுந்தா  மவீழவரா மென்றேள் கறலி னுங் கொன்றுடைத் து,தவில்ப,0.3967,0.9107,1.0,False,178.5,dynamic_second_pass_plus_correction,data/processed/cict_gt133_lines/line_008_line_body_L5.png
EXP-F,Fine-Tuned + Second Pass + Tamil Correction,CICT GT-133 Real External Test (N=23),SAMPLE_0008,line_body_L6,உணலிசநுமுண்டதற்லினிது காமம் புணாதலினூட லிநி து,ஐடபின மதி சனாமிக பனானவி விச ராள,0.4645,0.7391,1.2,False,182.98,dynamic_second_pass_plus_correction,data/processed/cict_gt133_lines/line_009_line_body_L6.png
EXP-F,Fine-Tuned + Second Pass + Tamil Correction,CICT GT-133 Real External Test (N=23),SAMPLE_0009,line_body_L7,உளடலிற் றேற்றுவ ரவென்றார்  துமநநுங் கூடலிற் காணப்படு ம்,பாுடவிடேரச்றல்டோெவனோ்மாறுஉடடவிமசாவு பட்பல்,0.5074,0.7593,1.0,False,188.04,dynamic_second_pass_plus_correction,data/processed/cict_gt133_lines/line_010_line_body_L7.png
EXP-F,Fine-Tuned + Second Pass + Tamil Correction,CICT GT-133 Real External Test (N=23),SAMPLE_0010,line_body_L8,உளடிப் பெருகுவுங் தொல்லொநு துல்வியாப்பக்  கடலிற றேனறிய      ஷப் பு,ஐதட்பறறமப லண மில்வணபணுவுல்போலோா னா்வ்,0.4459,0.7667,1.0,False,176.45,dynamic_second_pass_plus_correction,data/processed/cict_gt133_lines/line_011_line_body_L8.png
EXP-F,Fine-Tuned + Second Pass + Tamil Correction,CICT GT-133 Real External Test (N=23),SAMPLE_0011,line_body_L9,உளடுக மந்நொ வொளியிழை யாமிரப்ப நீடுகு மன்னோ விர ர்,ஏதிகஃ தா்மததமினபமுத ழதிசமட் ே பமமு் னாமொு்,0.4433,0.8163,1.0,False,184.58,dynamic_second_pass_plus_correction,data/processed/cict_gt133_lines/line_012_line_body_L9.png
EXP-F,Fine-Tuned + Second Pass + Tamil Correction,CICT GT-133 Real External Test (N=23),SAMPLE_0012,line_body_L10,உளடுதுல காமத்திற் கின் பமதற் கின்பங் கூடிமுயங்கப்  பெறி ன்,ஐ,0.2462,1.0,1.0,False,174.89,dynamic_second_pass_plus_correction,data/processed/cict_gt133_lines/line_013_line_body_L10.png
EXP-F,Fine-Tuned + Second Pass + Tamil Correction,CICT GT-133 Real External Test (N=23),SAMPLE_0013,line_right_L1,௧,ஐ,0.3987,1.0,1.0,False,54.86,dynamic_second_pass_plus_correction,data/processed/cict_gt133_lines/line_014_line_right_L1.png
EXP-F,Fine-Tuned + Second Pass + Tamil Correction,CICT GT-133 Real External Test (N=23),SAMPLE_0014,line_right_L2,௨,ஐ்ர ண,0.2511,5.0,2.0,False,58.87,dynamic_second_pass_plus_correction,data/processed/cict_gt133_lines/line_015_line_right_L2.png
EXP-F,Fine-Tuned + Second Pass + Tamil Correction,CICT GT-133 Real External Test (N=23),SAMPLE_0015,line_right_L3,௩,ஐ,0.3015,1.0,1.0,False,53.12,dynamic_second_pass_plus_correction,data/processed/cict_gt133_lines/line_016_line_right_L3.png
EXP-F,Fine-Tuned + Second Pass + Tamil Correction,CICT GT-133 Real External Test (N=23),SAMPLE_0016,line_right_L4,௪,ஏி் வுண,0.3307,7.0,2.0,False,52.64,dynamic_second_pass_plus_correction,data/processed/cict_gt133_lines/line_017_line_right_L4.png
EXP-F,Fine-Tuned + Second Pass + Tamil Correction,CICT GT-133 Real External Test (N=23),SAMPLE_0017,line_right_L5,௫,ஐ,0.198,1.0,1.0,False,57.23,dynamic_second_pass_plus_correction,data/processed/cict_gt133_lines/line_018_line_right_L5.png
EXP-F,Fine-Tuned + Second Pass + Tamil Correction,CICT GT-133 Real External Test (N=23),SAMPLE_0018,line_right_L6,௬,ஐ,0.2559,1.0,1.0,False,56.64,dynamic_second_pass_plus_correction,data/processed/cict_gt133_lines/line_019_line_right_L6.png
EXP-F,Fine-Tuned + Second Pass + Tamil Correction,CICT GT-133 Real External Test (N=23),SAMPLE_0019,line_right_L7,௭,ஐ,0.266,1.0,1.0,False,57.2,dynamic_second_pass_plus_correction,data/processed/cict_gt133_lines/line_020_line_right_L7.png
EXP-F,Fine-Tuned + Second Pass + Tamil Correction,CICT GT-133 Real External Test (N=23),SAMPLE_0020,line_right_L8,௮,ஐ,0.2497,1.0,1.0,False,57.51,dynamic_second_pass_plus_correction,data/processed/cict_gt133_lines/line_021_line_right_L8.png
EXP-F,Fine-Tuned + Second Pass + Tamil Correction,CICT GT-133 Real External Test (N=23),SAMPLE_0021,line_right_L9,௯,ஐ,0.2187,1.0,1.0,False,59.12,dynamic_second_pass_plus_correction,data/processed/cict_gt133_lines/line_022_line_right_L9.png
EXP-F,Fine-Tuned + Second Pass + Tamil Correction,CICT GT-133 Real External Test (N=23),SAMPLE_0022,line_right_L10,௰,ஐ,0.3889,1.0,1.0,False,69.49,dynamic_second_pass_plus_correction,data/processed/cict_gt133_lines/line_023_line_right_L10.png
