sample_id,dataset,source_group_id,source_work,split,clean_image_path,image_path,transcription,normalized_transcription,font_name,font_size,degradation_preset,seed,data_level,label_status,quality_status,mean_luminance,contrast_std,synthetic,preset,texture_strength,illumination_strength,contrast_factor,brightness_factor,gaussian_blur_sigma,noise_std,scratch_count,speckle_count,rotation_deg,stroke_fading_applied
SYNTH_TRAIN_00001,SYNTHETIC_PALMLEAF_TAMIL,TIRUKKURAL_CH01_K003,Tirukkural,train,data/synthetic/clean/SYNTH_TRAIN_00001_clean.png,data/synthetic/degraded/SYNTH_TRAIN_00001_degraded.png,மலர்மிசை ஏகினான் மாணடி சேர்ந்தார்,மலர்மிசை ஏகினான் மாணடி சேர்ந்தார்,Nirmala,25,MEDIUM,43,LINE_LEVEL,SYNTHETIC,ACCEPTED,129.4,22.32,True,MEDIUM,0.273,0.2835,0.7333,0.9222,0.6963,11.014,3,9,0.2655,False
SYNTH_TRAIN_00002,SYNTHETIC_PALMLEAF_TAMIL,ATHICHUDI_SEC01,Athichudi,train,data/synthetic/clean/SYNTH_TRAIN_00002_clean.png,data/synthetic/degraded/SYNTH_TRAIN_00002_degraded.png,இயல்வது கரவேல்,இயல்வது கரவேல்,Nirmala,29,MEDIUM,44,LINE_LEVEL,SYNTHETIC,ACCEPTED,139.13,33.81,True,MEDIUM,0.417,0.1978,0.8862,0.9582,0.7156,9.2647,4,9,1.1672,False
SYNTH_TRAIN_00003,SYNTHETIC_PALMLEAF_TAMIL,TIRUKKURAL_CH01_K009,Tirukkural,train,data/synthetic/clean/SYNTH_TRAIN_00003_clean.png,data/synthetic/degraded/SYNTH_TRAIN_00003_degraded.png,தாளை வணங்காத் தலை,தாளை வணங்காத் தலை,Nirmala,28,MEDIUM,45,LINE_LEVEL,SYNTHETIC,ACCEPTED,142.2,23.54,True,MEDIUM,0.4478,0.2734,0.7704,0.8732,0.7667,8.3097,4,11,-1.0753,True
SYNTH_TRAIN_00004,SYNTHETIC_PALMLEAF_TAMIL,TIRUKKURAL_CH01_K003,Tirukkural,train,data/synthetic/clean/SYNTH_TRAIN_00004_clean.png,data/synthetic/degraded/SYNTH_TRAIN_00004_degraded.png,நிலமிசை நீடுவாழ் வார்,நிலமிசை நீடுவாழ் வார்,Nirmala,26,MEDIUM,46,LINE_LEVEL,SYNTHETIC,ACCEPTED,171.19,27.23,True,MEDIUM,0.4068,0.2879,0.7623,1.0774,0.6878,11.5607,6,8,-0.1656,True
SYNTH_TRAIN_00005,SYNTHETIC_PALMLEAF_TAMIL,TIRUKKURAL_CH01_K005,Tirukkural,train,data/synthetic/clean/SYNTH_TRAIN_00005_clean.png,data/synthetic/degraded/SYNTH_TRAIN_00005_degraded.png,பொருள்சேர் புகழ்புரிந்தார் மாட்டு,பொருள்சேர் புகழ்புரிந்தார் மாட்டு,Nirmala,24,HEAVY,47,LINE_LEVEL,SYNTHETIC,ACCEPTED,180.82,20.58,True,HEAVY,0.4284,0.5436,0.7822,0.9257,1.3661,17.996,7,23,0.5376,True
SYNTH_TRAIN_00006,SYNTHETIC_PALMLEAF_TAMIL,TIRUKKURAL_CH01_K001,Tirukkural,train,data/synthetic/clean/SYNTH_TRAIN_00006_clean.png,data/synthetic/degraded/SYNTH_TRAIN_00006_degraded.png,அகர முதல எழுத்தெல்லாம் ஆதி,அகர முதல எழுத்தெல்லாம் ஆதி,Nirmala,28,MEDIUM,48,LINE_LEVEL,SYNTHETIC,ACCEPTED,124.38,22.81,True,MEDIUM,0.2535,0.3316,0.7712,0.9397,0.9752,7.2713,7,12,0.6917,False
SYNTH_TRAIN_00007,SYNTHETIC_PALMLEAF_TAMIL,TIRUKKURAL_CH01_K010,Tirukkural,train,data/synthetic/clean/SYNTH_TRAIN_00007_clean.png,data/synthetic/degraded/SYNTH_TRAIN_00007_degraded.png,பிறவிப் பெருங்கடல் நீந்துவர் நீந்தார்,பிறவிப் பெருங்கடல் நீந்துவர் நீந்தார்,Nirmala,28,HEAVY,49,LINE_LEVEL,SYNTHETIC,ACCEPTED,183.49,36.76,True,HEAVY,0.4752,0.3618,0.8316,1.1958,1.3466,15.6688,7,16,-1.2672,True
SYNTH_TRAIN_00008,SYNTHETIC_PALMLEAF_TAMIL,THOLKAPPIYAM_ELUTHU_01,Tholkappiyam,train,data/synthetic/clean/SYNTH_TRAIN_00008_clean.png,data/synthetic/degraded/SYNTH_TRAIN_00008_degraded.png,மூன்றலங் கடையே,மூன்றலங் கடையே,Nirmala,25,LIGHT,50,LINE_LEVEL,SYNTHETIC,ACCEPTED,172.48,34.21,True,LIGHT,0.1995,0.1028,0.9011,0.9834,0.4509,4.9897,2,4,0.435,False
SYNTH_TRAIN_00009,SYNTHETIC_PALMLEAF_TAMIL,THOLKAPPIYAM_ELUTHU_01,Tholkappiyam,train,data/synthetic/clean/SYNTH_TRAIN_00009_clean.png,data/synthetic/degraded/SYNTH_TRAIN_00009_degraded.png,மூன்றலங் கடையே,மூன்றலங் கடையே,Nirmala,24,MEDIUM,51,LINE_LEVEL,SYNTHETIC,ACCEPTED,191.33,23.58,True,MEDIUM,0.3851,0.1876,0.7858,1.0432,0.6705,11.6454,5,11,0.1171,True
SYNTH_TRAIN_00010,SYNTHETIC_PALMLEAF_TAMIL,ATHICHUDI_SEC01,Athichudi,train,data/synthetic/clean/SYNTH_TRAIN_00010_clean.png,data/synthetic/degraded/SYNTH_TRAIN_00010_degraded.png,ஓதுவ தொழியேல்,ஓதுவ தொழியேல்,Nirmala,28,LIGHT,52,LINE_LEVEL,SYNTHETIC,ACCEPTED,176.92,45.01,True,LIGHT,0.2323,0.0826,0.8922,1.0189,0.3393,3.8604,3,5,-0.7481,False
SYNTH_TRAIN_00011,SYNTHETIC_PALMLEAF_TAMIL,ATHICHUDI_SEC01,Athichudi,train,data/synthetic/clean/SYNTH_TRAIN_00011_clean.png,data/synthetic/degraded/SYNTH_TRAIN_00011_degraded.png,ஏற்ப திகழ்ச்சி,ஏற்ப திகழ்ச்சி,Nirmala,29,HEAVY,53,LINE_LEVEL,SYNTHETIC,ACCEPTED,150.36,34.96,True,HEAVY,0.6117,0.4403,0.7137,0.9261,1.2687,15.3575,11,23,1.5422,True
SYNTH_TRAIN_00012,SYNTHETIC_PALMLEAF_TAMIL,TIRUKKURAL_CH01_K003,Tirukkural,train,data/synthetic/clean/SYNTH_TRAIN_00012_clean.png,data/synthetic/degraded/SYNTH_TRAIN_00012_degraded.png,நிலமிசை நீடுவாழ் வார்,நிலமிசை நீடுவாழ் வார்,Nirmala,25,MEDIUM,54,LINE_LEVEL,SYNTHETIC,ACCEPTED,176.82,31.01,True,MEDIUM,0.334,0.2418,0.7462,1.0055,0.5052,11.7826,4,13,0.7205,True
SYNTH_TRAIN_00013,SYNTHETIC_PALMLEAF_TAMIL,TIRUKKURAL_CH01_K010,Tirukkural,train,data/synthetic/clean/SYNTH_TRAIN_00013_clean.png,data/synthetic/degraded/SYNTH_TRAIN_00013_degraded.png,இறைவன் அடிசேரா தார்,இறைவன் அடிசேரா தார்,Nirmala,24,HEAVY,55,LINE_LEVEL,SYNTHETIC,ACCEPTED,162.34,20.81,True,HEAVY,0.4233,0.5429,0.721,0.8713,1.2249,12.8554,12,28,-1.8356,True
SYNTH_TRAIN_00014,SYNTHETIC_PALMLEAF_TAMIL,ATHICHUDI_SEC01,Athichudi,train,data/synthetic/clean/SYNTH_TRAIN_00014_clean.png,data/synthetic/degraded/SYNTH_TRAIN_00014_degraded.png,ஈவது விலக்கேல்,ஈவது விலக்கேல்,Nirmala,24,LIGHT,56,LINE_LEVEL,SYNTHETIC,ACCEPTED,163.12,35.01,True,LIGHT,0.2484,0.1133,0.9847,0.9514,0.4418,4.4401,1,3,-0.0662,False
SYNTH_TRAIN_00015,SYNTHETIC_PALMLEAF_TAMIL,NALADIYAR_V02,Naladiyar,train,data/synthetic/clean/SYNTH_TRAIN_00015_clean.png,data/synthetic/degraded/SYNTH_TRAIN_00015_degraded.png,அகிலோடு நாறும் அணிபூண் மார்பர்,அகிலோடு நாறும் அணிபூண் மார்பர்,Nirmala,24,MEDIUM,57,LINE_LEVEL,SYNTHETIC,ACCEPTED,142.34,30.74,True,MEDIUM,0.2675,0.2192,0.8028,0.9432,0.8396,8.8154,3,14,0.0619,False
SYNTH_TRAIN_00016,SYNTHETIC_PALMLEAF_TAMIL,THOLKAPPIYAM_ELUTHU_02,Tholkappiyam,train,data/synthetic/clean/SYNTH_TRAIN_00016_clean.png,data/synthetic/degraded/SYNTH_TRAIN_00016_degraded.png,எழுத்தோ ரன்ன என்மனார் புலவர்,எழுத்தோ ரன்ன என்மனார் புலவர்,Nirmala,25,HEAVY,58,LINE_LEVEL,SYNTHETIC,ACCEPTED,122.64,19.85,True,HEAVY,0.4913,0.4128,0.724,0.7878,1.2574,12.8963,6,18,-0.5005,True
SYNTH_TRAIN_00017,SYNTHETIC_PALMLEAF_TAMIL,TIRUKKURAL_CH01_K010,Tirukkural,train,data/synthetic/clean/SYNTH_TRAIN_00017_clean.png,data/synthetic/degraded/SYNTH_TRAIN_00017_degraded.png,இறைவன் அடிசேரா தார்,இறைவன் அடிசேரா தார்,Nirmala,29,MEDIUM,59,LINE_LEVEL,SYNTHETIC,ACCEPTED,139.45,33.52,True,MEDIUM,0.4348,0.2068,0.9167,0.8752,0.8441,6.9736,6,13,0.1791,False
SYNTH_TRAIN_00018,SYNTHETIC_PALMLEAF_TAMIL,TIRUKKURAL_CH01_K010,Tirukkural,train,data/synthetic/clean/SYNTH_TRAIN_00018_clean.png,data/synthetic/degraded/SYNTH_TRAIN_00018_degraded.png,இறைவன் அடிசேரா தார்,இறைவன் அடிசேரா தார்,Nirmala,26,HEAVY,60,LINE_LEVEL,SYNTHETIC,ACCEPTED,186.29,28.83,True,HEAVY,0.4752,0.3467,0.6808,1.0829,1.2536,13.9825,14,24,-1.3185,True
SYNTH_TRAIN_00019,SYNTHETIC_PALMLEAF_TAMIL,THOLKAPPIYAM_ELUTHU_02,Tholkappiyam,train,data/synthetic/clean/SYNTH_TRAIN_00019_clean.png,data/synthetic/degraded/SYNTH_TRAIN_00019_degraded.png,எழுத்தோ ரன்ன என்மனார் புலவர்,எழுத்தோ ரன்ன என்மனார் புலவர்,Nirmala,24,HEAVY,61,LINE_LEVEL,SYNTHETIC,ACCEPTED,146.11,27.28,True,HEAVY,0.6061,0.3453,0.8193,0.9998,1.5719,10.0355,9,28,-0.6363,True
SYNTH_TRAIN_00020,SYNTHETIC_PALMLEAF_TAMIL,ATHICHUDI_SEC01,Athichudi,train,data/synthetic/clean/SYNTH_TRAIN_00020_clean.png,data/synthetic/degraded/SYNTH_TRAIN_00020_degraded.png,அறஞ்செய விரும்பு,அறஞ்செய விரும்பு,Nirmala,25,MEDIUM,62,LINE_LEVEL,SYNTHETIC,ACCEPTED,152.07,24.82,True,MEDIUM,0.2568,0.2631,0.9115,0.9734,0.8788,7.0366,4,15,-0.7272,True
SYNTH_TRAIN_00021,SYNTHETIC_PALMLEAF_TAMIL,TIRUKKURAL_CH01_K009,Tirukkural,train,data/synthetic/clean/SYNTH_TRAIN_00021_clean.png,data/synthetic/degraded/SYNTH_TRAIN_00021_degraded.png,தாளை வணங்காத் தலை,தாளை வணங்காத் தலை,Nirmala,24,LIGHT,63,LINE_LEVEL,SYNTHETIC,ACCEPTED,159.21,34.27,True,LIGHT,0.2054,0.1196,0.8596,1.0041,0.3612,3.5,2,2,0.0689,False
SYNTH_TRAIN_00022,SYNTHETIC_PALMLEAF_TAMIL,TIRUKKURAL_CH01_K003,Tirukkural,train,data/synthetic/clean/SYNTH_TRAIN_00022_clean.png,data/synthetic/degraded/SYNTH_TRAIN_00022_degraded.png,மலர்மிசை ஏகினான் மாணடி சேர்ந்தார்,மலர்மிசை ஏகினான் மாணடி சேர்ந்தார்,Nirmala,25,HEAVY,64,LINE_LEVEL,SYNTHETIC,ACCEPTED,148.16,39.84,True,HEAVY,0.4948,0.4418,0.7489,0.9749,1.1656,13.1165,12,20,0.1231,True
SYNTH_TRAIN_00023,SYNTHETIC_PALMLEAF_TAMIL,ATHICHUDI_SEC01,Athichudi,train,data/synthetic/clean/SYNTH_TRAIN_00023_clean.png,data/synthetic/degraded/SYNTH_TRAIN_00023_degraded.png,ஈவது விலக்கேல்,ஈவது விலக்கேல்,Nirmala,29,MEDIUM,65,LINE_LEVEL,SYNTHETIC,ACCEPTED,129.05,26.32,True,MEDIUM,0.2937,0.1853,0.7718,0.9018,0.682,6.1407,4,14,0.0407,False
SYNTH_TRAIN_00024,SYNTHETIC_PALMLEAF_TAMIL,ATHICHUDI_SEC01,Athichudi,train,data/synthetic/clean/SYNTH_TRAIN_00024_clean.png,data/synthetic/degraded/SYNTH_TRAIN_00024_degraded.png,இயல்வது கரவேல்,இயல்வது கரவேல்,Nirmala,27,LIGHT,66,LINE_LEVEL,SYNTHETIC,ACCEPTED,176.03,47.48,True,LIGHT,0.1654,0.0934,0.9225,1.0287,0.3778,2.7536,1,5,0.0922,False
SYNTH_TRAIN_00025,SYNTHETIC_PALMLEAF_TAMIL,TIRUKKURAL_CH01_K002,Tirukkural,train,data/synthetic/clean/SYNTH_TRAIN_00025_clean.png,data/synthetic/degraded/SYNTH_TRAIN_00025_degraded.png,நற்றாள் தொழாஅர் எனின்,நற்றாள் தொழாஅர் எனின்,Nirmala,29,HEAVY,67,LINE_LEVEL,SYNTHETIC,ACCEPTED,113.3,15.64,True,HEAVY,0.5365,0.5147,0.7715,0.9158,0.848,13.8628,9,20,1.6752,True
SYNTH_TRAIN_00026,SYNTHETIC_PALMLEAF_TAMIL,TIRUKKURAL_CH01_K009,Tirukkural,train,data/synthetic/clean/SYNTH_TRAIN_00026_clean.png,data/synthetic/degraded/SYNTH_TRAIN_00026_degraded.png,கோளிலாப் பொறியின் குணமிலவே எண்குணத்தான்,கோளிலாப் பொறியின் குணமிலவே எண்குணத்தான்,Nirmala,28,LIGHT,68,LINE_LEVEL,SYNTHETIC,ACCEPTED,163.53,38.98,True,LIGHT,0.1759,0.0843,0.9664,0.938,0.5443,2.8892,3,2,-0.6483,False
SYNTH_TRAIN_00027,SYNTHETIC_PALMLEAF_TAMIL,TIRUKKURAL_CH01_K009,Tirukkural,train,data/synthetic/clean/SYNTH_TRAIN_00027_clean.png,data/synthetic/degraded/SYNTH_TRAIN_00027_degraded.png,தாளை வணங்காத் தலை,தாளை வணங்காத் தலை,Nirmala,26,HEAVY,69,LINE_LEVEL,SYNTHETIC,ACCEPTED,215.56,22.56,True,HEAVY,0.4741,0.5023,0.6876,1.1447,1.2491,12.5359,12,12,-1.7662,True
SYNTH_TRAIN_00028,SYNTHETIC_PALMLEAF_TAMIL,NALADIYAR_V02,Naladiyar,train,data/synthetic/clean/SYNTH_TRAIN_00028_clean.png,data/synthetic/degraded/SYNTH_TRAIN_00028_degraded.png,துகிலோடு பொன்னும் துலங்குமணிக் பூணும்,துகிலோடு பொன்னும் துலங்குமணிக் பூணும்,Nirmala,24,HEAVY,70,LINE_LEVEL,SYNTHETIC,ACCEPTED,209.59,45.07,True,HEAVY,0.6319,0.5181,0.7462,1.2026,1.0535,11.4801,10,19,-0.2652,True
SYNTH_TRAIN_00029,SYNTHETIC_PALMLEAF_TAMIL,TIRUKKURAL_CH01_K009,Tirukkural,train,data/synthetic/clean/SYNTH_TRAIN_00029_clean.png,data/synthetic/degraded/SYNTH_TRAIN_00029_degraded.png,தாளை வணங்காத் தலை,தாளை வணங்காத் தலை,Nirmala,24,LIGHT,71,LINE_LEVEL,SYNTHETIC,ACCEPTED,172.12,35.96,True,LIGHT,0.1686,0.1187,1.0164,0.9518,0.6666,4.3649,2,4,0.7931,False
SYNTH_TRAIN_00030,SYNTHETIC_PALMLEAF_TAMIL,ATHICHUDI_SEC01,Athichudi,train,data/synthetic/clean/SYNTH_TRAIN_00030_clean.png,data/synthetic/degraded/SYNTH_TRAIN_00030_degraded.png,எண்எழுத் திகழேல்,எண்எழுத் திகழேல்,Nirmala,26,EXTREME,72,LINE_LEVEL,SYNTHETIC,ACCEPTED,152.44,19.51,True,EXTREME,0.6267,0.6553,0.5837,0.9084,1.5301,23.0542,17,38,-1.8293,True
SYNTH_TRAIN_00031,SYNTHETIC_PALMLEAF_TAMIL,ATHICHUDI_SEC01,Athichudi,train,data/synthetic/clean/SYNTH_TRAIN_00031_clean.png,data/synthetic/degraded/SYNTH_TRAIN_00031_degraded.png,உடையது விளம்பேல்,உடையது விளம்பேல்,Nirmala,26,MEDIUM,73,LINE_LEVEL,SYNTHETIC,ACCEPTED,166.89,30.46,True,MEDIUM,0.3785,0.2716,0.828,1.0331,0.7958,6.5012,7,11,0.2019,True
SYNTH_TRAIN_00032,SYNTHETIC_PALMLEAF_TAMIL,THOLKAPPIYAM_ELUTHU_01,Tholkappiyam,train,data/synthetic/clean/SYNTH_TRAIN_00032_clean.png,data/synthetic/degraded/SYNTH_TRAIN_00032_degraded.png,எழுத்தெனப் படுப அகரமுதல் னகர இறுவாய்,எழுத்தெனப் படுப அகரமுதல் னகர இறுவாய்,Nirmala,25,MEDIUM,74,LINE_LEVEL,SYNTHETIC,ACCEPTED,181.77,30.22,True,MEDIUM,0.2904,0.3134,0.9151,0.9481,0.6493,10.6725,4,9,0.4517,True
SYNTH_TRAIN_00033,SYNTHETIC_PALMLEAF_TAMIL,ATHICHUDI_SEC01,Athichudi,train,data/synthetic/clean/SYNTH_TRAIN_00033_clean.png,data/synthetic/degraded/SYNTH_TRAIN_00033_degraded.png,ஆறுவது சினம்,ஆறுவது சினம்,Nirmala,24,HEAVY,75,LINE_LEVEL,SYNTHETIC,ACCEPTED,217.33,35.99,True,HEAVY,0.5422,0.3165,0.822,1.2148,1.3438,15.4428,13,18,-0.5035,True
SYNTH_TRAIN_00034,SYNTHETIC_PALMLEAF_TAMIL,THOLKAPPIYAM_ELUTHU_02,Tholkappiyam,train,data/synthetic/clean/SYNTH_TRAIN_00034_clean.png,data/synthetic/degraded/SYNTH_TRAIN_00034_degraded.png,அவைதாம் குற்றியலிகரம் குற்றியலுகரம்,அவைதாம் குற்றியலிகரம் குற்றியலுகரம்,Nirmala,24,MEDIUM,76,LINE_LEVEL,SYNTHETIC,ACCEPTED,128.77,23.27,True,MEDIUM,0.3122,0.3192,0.7837,0.9081,0.5662,11.7362,5,14,-1.1769,False
SYNTH_TRAIN_00035,SYNTHETIC_PALMLEAF_TAMIL,ATHICHUDI_SEC01,Athichudi,train,data/synthetic/clean/SYNTH_TRAIN_00035_clean.png,data/synthetic/degraded/SYNTH_TRAIN_00035_degraded.png,ஊக்கமது கைவிடேல்,ஊக்கமது கைவிடேல்,Nirmala,28,LIGHT,77,LINE_LEVEL,SYNTHETIC,ACCEPTED,159.93,50.72,True,LIGHT,0.2419,0.1442,1.0007,0.9423,0.3349,4.364,1,5,0.0657,False
SYNTH_TRAIN_00036,SYNTHETIC_PALMLEAF_TAMIL,TIRUKKURAL_CH01_K003,Tirukkural,train,data/synthetic/clean/SYNTH_TRAIN_00036_clean.png,data/synthetic/degraded/SYNTH_TRAIN_00036_degraded.png,நிலமிசை நீடுவாழ் வார்,நிலமிசை நீடுவாழ் வார்,Nirmala,24,HEAVY,78,LINE_LEVEL,SYNTHETIC,ACCEPTED,171.98,43.42,True,HEAVY,0.412,0.4702,0.7997,1.1501,1.5722,14.4402,9,24,-1.0137,True
SYNTH_TRAIN_00037,SYNTHETIC_PALMLEAF_TAMIL,ATHICHUDI_SEC01,Athichudi,train,data/synthetic/clean/SYNTH_TRAIN_00037_clean.png,data/synthetic/degraded/SYNTH_TRAIN_00037_degraded.png,ஊக்கமது கைவிடேல்,ஊக்கமது கைவிடேல்,Nirmala,27,MEDIUM,79,LINE_LEVEL,SYNTHETIC,ACCEPTED,127.46,20.46,True,MEDIUM,0.3501,0.2596,0.8252,0.8948,0.9922,7.2495,5,8,-0.7628,True
SYNTH_TRAIN_00038,SYNTHETIC_PALMLEAF_TAMIL,ATHICHUDI_SEC01,Athichudi,train,data/synthetic/clean/SYNTH_TRAIN_00038_clean.png,data/synthetic/degraded/SYNTH_TRAIN_00038_degraded.png,ஆறுவது சினம்,ஆறுவது சினம்,Nirmala,27,MEDIUM,80,LINE_LEVEL,SYNTHETIC,ACCEPTED,139.57,26.92,True,MEDIUM,0.3544,0.2989,0.7675,1.0523,1.0448,9.7961,4,11,-0.5117,False
SYNTH_TRAIN_00039,SYNTHETIC_PALMLEAF_TAMIL,TIRUKKURAL_CH01_K002,Tirukkural,train,data/synthetic/clean/SYNTH_TRAIN_00039_clean.png,data/synthetic/degraded/SYNTH_TRAIN_00039_degraded.png,நற்றாள் தொழாஅர் எனின்,நற்றாள் தொழாஅர் எனின்,Nirmala,27,MEDIUM,81,LINE_LEVEL,SYNTHETIC,ACCEPTED,211.86,44.57,True,MEDIUM,0.3211,0.2379,0.9333,1.1241,1.0025,5.4164,6,15,0.0255,False
SYNTH_TRAIN_00040,SYNTHETIC_PALMLEAF_TAMIL,TIRUKKURAL_CH01_K002,Tirukkural,train,data/synthetic/clean/SYNTH_TRAIN_00040_clean.png,data/synthetic/degraded/SYNTH_TRAIN_00040_degraded.png,நற்றாள் தொழாஅர் எனின்,நற்றாள் தொழாஅர் எனின்,Nirmala,27,LIGHT,82,LINE_LEVEL,SYNTHETIC,ACCEPTED,173.82,43.16,True,LIGHT,0.1775,0.1439,0.9748,1.0445,0.4912,4.8774,3,3,0.532,False
SYNTH_TRAIN_00041,SYNTHETIC_PALMLEAF_TAMIL,ATHICHUDI_SEC01,Athichudi,train,data/synthetic/clean/SYNTH_TRAIN_00041_clean.png,data/synthetic/degraded/SYNTH_TRAIN_00041_degraded.png,அறஞ்செய விரும்பு,அறஞ்செய விரும்பு,Nirmala,24,MEDIUM,83,LINE_LEVEL,SYNTHETIC,ACCEPTED,188.48,37.78,True,MEDIUM,0.3014,0.2962,0.8659,1.0831,0.9964,7.4968,3,10,0.6815,False
SYNTH_TRAIN_00042,SYNTHETIC_PALMLEAF_TAMIL,ATHICHUDI_SEC01,Athichudi,train,data/synthetic/clean/SYNTH_TRAIN_00042_clean.png,data/synthetic/degraded/SYNTH_TRAIN_00042_degraded.png,ஏற்ப திகழ்ச்சி,ஏற்ப திகழ்ச்சி,Nirmala,28,MEDIUM,84,LINE_LEVEL,SYNTHETIC,ACCEPTED,160.95,31.19,True,MEDIUM,0.2592,0.2429,0.7606,1.0385,1.0941,5.9141,5,10,-0.6767,False
SYNTH_TRAIN_00043,SYNTHETIC_PALMLEAF_TAMIL,THOLKAPPIYAM_ELUTHU_01,Tholkappiyam,train,data/synthetic/clean/SYNTH_TRAIN_00043_clean.png,data/synthetic/degraded/SYNTH_TRAIN_00043_degraded.png,மூன்றலங் கடையே,மூன்றலங் கடையே,Nirmala,27,MEDIUM,85,LINE_LEVEL,SYNTHETIC,ACCEPTED,154.81,22.47,True,MEDIUM,0.3741,0.2665,0.7746,1.0461,0.6641,8.6619,3,9,0.6571,True
SYNTH_TRAIN_00044,SYNTHETIC_PALMLEAF_TAMIL,ATHICHUDI_SEC01,Athichudi,train,data/synthetic/clean/SYNTH_TRAIN_00044_clean.png,data/synthetic/degraded/SYNTH_TRAIN_00044_degraded.png,இயல்வது கரவேல்,இயல்வது கரவேல்,Nirmala,28,EXTREME,86,LINE_LEVEL,SYNTHETIC,ACCEPTED,170.41,31.79,True,EXTREME,0.6507,0.5121,0.4882,1.1782,1.3819,23.969,13,38,1.9937,True
SYNTH_TRAIN_00045,SYNTHETIC_PALMLEAF_TAMIL,TIRUKKURAL_CH01_K010,Tirukkural,train,data/synthetic/clean/SYNTH_TRAIN_00045_clean.png,data/synthetic/degraded/SYNTH_TRAIN_00045_degraded.png,இறைவன் அடிசேரா தார்,இறைவன் அடிசேரா தார்,Nirmala,27,EXTREME,87,LINE_LEVEL,SYNTHETIC,ACCEPTED,114.58,30.46,True,EXTREME,0.7641,0.7365,0.6927,0.7185,1.3926,26.4237,22,33,2.3838,True
SYNTH_TRAIN_00046,SYNTHETIC_PALMLEAF_TAMIL,ATHICHUDI_SEC01,Athichudi,train,data/synthetic/clean/SYNTH_TRAIN_00046_clean.png,data/synthetic/degraded/SYNTH_TRAIN_00046_degraded.png,எண்எழுத் திகழேல்,எண்எழுத் திகழேல்,Nirmala,25,MEDIUM,88,LINE_LEVEL,SYNTHETIC,ACCEPTED,193.32,34.89,True,MEDIUM,0.3795,0.2662,0.8321,1.1189,0.92,10.0001,5,6,-0.7761,False
SYNTH_TRAIN_00047,SYNTHETIC_PALMLEAF_TAMIL,ATHICHUDI_SEC01,Athichudi,train,data/synthetic/clean/SYNTH_TRAIN_00047_clean.png,data/synthetic/degraded/SYNTH_TRAIN_00047_degraded.png,ஆறுவது சினம்,ஆறுவது சினம்,Nirmala,29,MEDIUM,89,LINE_LEVEL,SYNTHETIC,ACCEPTED,134.29,19.39,True,MEDIUM,0.3499,0.2235,0.7645,0.8791,0.8385,5.1119,5,13,-0.6351,True
SYNTH_TRAIN_00048,SYNTHETIC_PALMLEAF_TAMIL,ATHICHUDI_SEC01,Athichudi,train,data/synthetic/clean/SYNTH_TRAIN_00048_clean.png,data/synthetic/degraded/SYNTH_TRAIN_00048_degraded.png,ஒப்புர வொழுகு,ஒப்புர வொழுகு,Nirmala,27,HEAVY,90,LINE_LEVEL,SYNTHETIC,ACCEPTED,212.23,46.75,True,HEAVY,0.4383,0.3394,0.8464,1.2022,0.9489,12.6771,9,28,-0.9944,True
SYNTH_TRAIN_00049,SYNTHETIC_PALMLEAF_TAMIL,ATHICHUDI_SEC01,Athichudi,train,data/synthetic/clean/SYNTH_TRAIN_00049_clean.png,data/synthetic/degraded/SYNTH_TRAIN_00049_degraded.png,அறஞ்செய விரும்பு,அறஞ்செய விரும்பு,Nirmala,29,MEDIUM,91,LINE_LEVEL,SYNTHETIC,ACCEPTED,174.4,21.35,True,MEDIUM,0.2902,0.2359,0.7741,0.878,0.6998,10.0766,5,11,0.0136,True
SYNTH_TRAIN_00050,SYNTHETIC_PALMLEAF_TAMIL,TIRUKKURAL_CH01_K002,Tirukkural,train,data/synthetic/clean/SYNTH_TRAIN_00050_clean.png,data/synthetic/degraded/SYNTH_TRAIN_00050_degraded.png,நற்றாள் தொழாஅர் எனின்,நற்றாள் தொழாஅர் எனின்,Nirmala,28,LIGHT,92,LINE_LEVEL,SYNTHETIC,ACCEPTED,180.55,50.32,True,LIGHT,0.2386,0.1589,0.9349,0.9966,0.3001,4.5691,3,4,-0.0212,False
SYNTH_TRAIN_00051,SYNTHETIC_PALMLEAF_TAMIL,ATHICHUDI_SEC01,Athichudi,train,data/synthetic/clean/SYNTH_TRAIN_00051_clean.png,data/synthetic/degraded/SYNTH_TRAIN_00051_degraded.png,ஒப்புர வொழுகு,ஒப்புர வொழுகு,Nirmala,25,HEAVY,93,LINE_LEVEL,SYNTHETIC,ACCEPTED,177.58,38.67,True,HEAVY,0.5516,0.4644,0.6768,1.231,1.2287,16.5963,9,29,0.1541,True
SYNTH_TRAIN_00052,SYNTHETIC_PALMLEAF_TAMIL,ATHICHUDI_SEC01,Athichudi,train,data/synthetic/clean/SYNTH_TRAIN_00052_clean.png,data/synthetic/degraded/SYNTH_TRAIN_00052_degraded.png,அறஞ்செய விரும்பு,அறஞ்செய விரும்பு,Nirmala,27,MEDIUM,94,LINE_LEVEL,SYNTHETIC,ACCEPTED,163.39,38.6,True,MEDIUM,0.3939,0.2832,0.8725,0.977,0.7705,7.7473,3,14,-1.0843,True
SYNTH_TRAIN_00053,SYNTHETIC_PALMLEAF_TAMIL,ATHICHUDI_SEC01,Athichudi,train,data/synthetic/clean/SYNTH_TRAIN_00053_clean.png,data/synthetic/degraded/SYNTH_TRAIN_00053_degraded.png,உடையது விளம்பேல்,உடையது விளம்பேல்,Nirmala,29,MEDIUM,95,LINE_LEVEL,SYNTHETIC,ACCEPTED,213.09,35.52,True,MEDIUM,0.2958,0.2124,0.9216,1.0657,0.8198,11.0862,7,13,0.4174,True
SYNTH_TRAIN_00054,SYNTHETIC_PALMLEAF_TAMIL,ATHICHUDI_SEC01,Athichudi,train,data/synthetic/clean/SYNTH_TRAIN_00054_clean.png,data/synthetic/degraded/SYNTH_TRAIN_00054_degraded.png,இயல்வது கரவேல்,இயல்வது கரவேல்,Nirmala,28,MEDIUM,96,LINE_LEVEL,SYNTHETIC,ACCEPTED,164.14,36.72,True,MEDIUM,0.2929,0.3346,0.9043,1.1212,0.9241,5.8265,4,8,0.2,False
SYNTH_TRAIN_00055,SYNTHETIC_PALMLEAF_TAMIL,ATHICHUDI_SEC01,Athichudi,train,data/synthetic/clean/SYNTH_TRAIN_00055_clean.png,data/synthetic/degraded/SYNTH_TRAIN_00055_degraded.png,ஐய மிட்டுண்,ஐய மிட்டுண்,Nirmala,27,HEAVY,97,LINE_LEVEL,SYNTHETIC,ACCEPTED,135.59,40.66,True,HEAVY,0.6092,0.5426,0.7118,0.8923,1.417,12.9894,9,24,-0.6194,True
SYNTH_TRAIN_00056,SYNTHETIC_PALMLEAF_TAMIL,ATHICHUDI_SEC01,Athichudi,train,data/synthetic/clean/SYNTH_TRAIN_00056_clean.png,data/synthetic/degraded/SYNTH_TRAIN_00056_degraded.png,ஐய மிட்டுண்,ஐய மிட்டுண்,Nirmala,27,MEDIUM,98,LINE_LEVEL,SYNTHETIC,ACCEPTED,205.15,39.92,True,MEDIUM,0.3965,0.2764,0.7753,1.0842,0.7987,5.8324,5,15,0.6098,False
SYNTH_TRAIN_00057,SYNTHETIC_PALMLEAF_TAMIL,TIRUKKURAL_CH01_K001,Tirukkural,train,data/synthetic/clean/SYNTH_TRAIN_00057_clean.png,data/synthetic/degraded/SYNTH_TRAIN_00057_degraded.png,பகவன் முதற்றே உலகு,பகவன் முதற்றே உலகு,Nirmala,24,HEAVY,99,LINE_LEVEL,SYNTHETIC,ACCEPTED,151.69,21.26,True,HEAVY,0.5681,0.422,0.8064,0.7657,1.4464,15.6562,9,29,1.9625,True
SYNTH_TRAIN_00058,SYNTHETIC_PALMLEAF_TAMIL,TIRUKKURAL_CH01_K006,Tirukkural,train,data/synthetic/clean/SYNTH_TRAIN_00058_clean.png,data/synthetic/degraded/SYNTH_TRAIN_00058_degraded.png,பொறிவாயில் ஐந்தவித்தான் பொய்தீர் ஒழுக்க,பொறிவாயில் ஐந்தவித்தான் பொய்தீர் ஒழுக்க,Nirmala,24,HEAVY,100,LINE_LEVEL,SYNTHETIC,ACCEPTED,190.47,35.03,True,HEAVY,0.5359,0.3696,0.7061,1.1724,0.8038,11.2157,8,14,1.3034,True
SYNTH_TRAIN_00059,SYNTHETIC_PALMLEAF_TAMIL,THOLKAPPIYAM_ELUTHU_01,Tholkappiyam,train,data/synthetic/clean/SYNTH_TRAIN_00059_clean.png,data/synthetic/degraded/SYNTH_TRAIN_00059_degraded.png,முப்பஃ தென்ப சார்ந்துவரன் மரபின்,முப்பஃ தென்ப சார்ந்துவரன் மரபின்,Nirmala,29,MEDIUM,101,LINE_LEVEL,SYNTHETIC,ACCEPTED,161.11,19.13,True,MEDIUM,0.3533,0.277,0.7071,0.9015,0.9112,10.8373,7,14,-0.6547,True
SYNTH_TRAIN_00060,SYNTHETIC_PALMLEAF_TAMIL,TIRUKKURAL_CH01_K001,Tirukkural,train,data/synthetic/clean/SYNTH_TRAIN_00060_clean.png,data/synthetic/degraded/SYNTH_TRAIN_00060_degraded.png,அகர முதல எழுத்தெல்லாம் ஆதி,அகர முதல எழுத்தெல்லாம் ஆதி,Nirmala,26,MEDIUM,102,LINE_LEVEL,SYNTHETIC,ACCEPTED,173.45,20.35,True,MEDIUM,0.3695,0.2949,0.7748,1.0692,0.8472,10.6631,4,13,-0.0307,True
SYNTH_TRAIN_00061,SYNTHETIC_PALMLEAF_TAMIL,TIRUKKURAL_CH01_K005,Tirukkural,train,data/synthetic/clean/SYNTH_TRAIN_00061_clean.png,data/synthetic/degraded/SYNTH_TRAIN_00061_degraded.png,பொருள்சேர் புகழ்புரிந்தார் மாட்டு,பொருள்சேர் புகழ்புரிந்தார் மாட்டு,Nirmala,27,MEDIUM,103,LINE_LEVEL,SYNTHETIC,ACCEPTED,181.06,32.94,True,MEDIUM,0.3364,0.2096,0.7427,1.0983,0.8523,8.2155,6,13,0.9003,False
SYNTH_TRAIN_00062,SYNTHETIC_PALMLEAF_TAMIL,TIRUKKURAL_CH01_K003,Tirukkural,train,data/synthetic/clean/SYNTH_TRAIN_00062_clean.png,data/synthetic/degraded/SYNTH_TRAIN_00062_degraded.png,நிலமிசை நீடுவாழ் வார்,நிலமிசை நீடுவாழ் வார்,Nirmala,27,LIGHT,104,LINE_LEVEL,SYNTHETIC,ACCEPTED,164.87,46.36,True,LIGHT,0.1648,0.1028,1.0115,0.9678,0.3743,4.3164,2,3,-0.1669,False
SYNTH_TRAIN_00063,SYNTHETIC_PALMLEAF_TAMIL,TIRUKKURAL_CH01_K001,Tirukkural,train,data/synthetic/clean/SYNTH_TRAIN_00063_clean.png,data/synthetic/degraded/SYNTH_TRAIN_00063_degraded.png,அகர முதல எழுத்தெல்லாம் ஆதி,அகர முதல எழுத்தெல்லாம் ஆதி,Nirmala,25,MEDIUM,105,LINE_LEVEL,SYNTHETIC,ACCEPTED,131.12,23.65,True,MEDIUM,0.2667,0.2367,0.9148,0.8817,0.8214,5.4458,4,15,1.3376,False
SYNTH_TRAIN_00064,SYNTHETIC_PALMLEAF_TAMIL,ATHICHUDI_SEC01,Athichudi,train,data/synthetic/clean/SYNTH_TRAIN_00064_clean.png,data/synthetic/degraded/SYNTH_TRAIN_00064_degraded.png,ஐய மிட்டுண்,ஐய மிட்டுண்,Nirmala,28,EXTREME,106,LINE_LEVEL,SYNTHETIC,ACCEPTED,173.83,29.95,True,EXTREME,0.6021,0.7363,0.5624,1.0772,1.8816,24.8657,14,38,2.0018,True
SYNTH_TRAIN_00065,SYNTHETIC_PALMLEAF_TAMIL,ATHICHUDI_SEC01,Athichudi,train,data/synthetic/clean/SYNTH_TRAIN_00065_clean.png,data/synthetic/degraded/SYNTH_TRAIN_00065_degraded.png,ஏற்ப திகழ்ச்சி,ஏற்ப திகழ்ச்சி,Nirmala,27,MEDIUM,107,LINE_LEVEL,SYNTHETIC,ACCEPTED,169.3,37.07,True,MEDIUM,0.2825,0.3083,0.8409,0.9176,0.7048,6.0674,5,8,-1.2833,False
SYNTH_TRAIN_00066,SYNTHETIC_PALMLEAF_TAMIL,THOLKAPPIYAM_ELUTHU_02,Tholkappiyam,train,data/synthetic/clean/SYNTH_TRAIN_00066_clean.png,data/synthetic/degraded/SYNTH_TRAIN_00066_degraded.png,எழுத்தோ ரன்ன என்மனார் புலவர்,எழுத்தோ ரன்ன என்மனார் புலவர்,Nirmala,27,EXTREME,108,LINE_LEVEL,SYNTHETIC,ACCEPTED,118.22,21.93,True,EXTREME,0.6584,0.4603,0.595,0.7404,1.749,24.2041,18,34,1.746,True
SYNTH_TRAIN_00067,SYNTHETIC_PALMLEAF_TAMIL,TIRUKKURAL_CH01_K005,Tirukkural,train,data/synthetic/clean/SYNTH_TRAIN_00067_clean.png,data/synthetic/degraded/SYNTH_TRAIN_00067_degraded.png,இருள்சேர் இருவினையும் சேரா இறைவன்,இருள்சேர் இருவினையும் சேரா இறைவன்,Nirmala,29,MEDIUM,109,LINE_LEVEL,SYNTHETIC,ACCEPTED,131.67,26.87,True,MEDIUM,0.3723,0.2635,0.8748,0.9084,0.965,9.9553,6,6,1.3219,False
SYNTH_TRAIN_00068,SYNTHETIC_PALMLEAF_TAMIL,TIRUKKURAL_CH01_K001,Tirukkural,train,data/synthetic/clean/SYNTH_TRAIN_00068_clean.png,data/synthetic/degraded/SYNTH_TRAIN_00068_degraded.png,அகர முதல எழுத்தெல்லாம் ஆதி,அகர முதல எழுத்தெல்லாம் ஆதி,Nirmala,29,HEAVY,110,LINE_LEVEL,SYNTHETIC,ACCEPTED,202.9,22.07,True,HEAVY,0.429,0.4646,0.6939,1.0564,1.3436,16.8246,14,21,-1.3815,True
SYNTH_TRAIN_00069,SYNTHETIC_PALMLEAF_TAMIL,ATHICHUDI_SEC01,Athichudi,train,data/synthetic/clean/SYNTH_TRAIN_00069_clean.png,data/synthetic/degraded/SYNTH_TRAIN_00069_degraded.png,இயல்வது கரவேல்,இயல்வது கரவேல்,Nirmala,28,LIGHT,111,LINE_LEVEL,SYNTHETIC,ACCEPTED,179.78,47.18,True,LIGHT,0.2112,0.0969,0.9372,1.0431,0.4181,2.4475,2,5,-0.1276,False
SYNTH_TRAIN_00070,SYNTHETIC_PALMLEAF_TAMIL,ATHICHUDI_SEC01,Athichudi,train,data/synthetic/clean/SYNTH_TRAIN_00070_clean.png,data/synthetic/degraded/SYNTH_TRAIN_00070_degraded.png,ஐய மிட்டுண்,ஐய மிட்டுண்,Nirmala,29,EXTREME,112,LINE_LEVEL,SYNTHETIC,ACCEPTED,98.71,23.13,True,EXTREME,0.6938,0.6421,0.6875,0.703,1.8215,25.9929,22,41,1.779,True
SYNTH_TRAIN_00071,SYNTHETIC_PALMLEAF_TAMIL,ATHICHUDI_SEC01,Athichudi,train,data/synthetic/clean/SYNTH_TRAIN_00071_clean.png,data/synthetic/degraded/SYNTH_TRAIN_00071_degraded.png,ஓதுவ தொழியேல்,ஓதுவ தொழியேல்,Nirmala,28,LIGHT,113,LINE_LEVEL,SYNTHETIC,ACCEPTED,177.44,47.68,True,LIGHT,0.2352,0.0874,1.029,0.9898,0.3511,3.7276,3,2,0.4514,False
SYNTH_TRAIN_00072,SYNTHETIC_PALMLEAF_TAMIL,TIRUKKURAL_CH01_K009,Tirukkural,train,data/synthetic/clean/SYNTH_TRAIN_00072_clean.png,data/synthetic/degraded/SYNTH_TRAIN_00072_degraded.png,கோளிலாப் பொறியின் குணமிலவே எண்குணத்தான்,கோளிலாப் பொறியின் குணமிலவே எண்குணத்தான்,Nirmala,26,LIGHT,114,LINE_LEVEL,SYNTHETIC,ACCEPTED,167.03,42.83,True,LIGHT,0.1652,0.1669,1.0352,0.9981,0.6062,3.0855,2,4,0.0347,False
SYNTH_TRAIN_00073,SYNTHETIC_PALMLEAF_TAMIL,ATHICHUDI_SEC01,Athichudi,train,data/synthetic/clean/SYNTH_TRAIN_00073_clean.png,data/synthetic/degraded/SYNTH_TRAIN_00073_degraded.png,அறஞ்செய விரும்பு,அறஞ்செய விரும்பு,Nirmala,26,MEDIUM,115,LINE_LEVEL,SYNTHETIC,ACCEPTED,153.69,21.55,True,MEDIUM,0.2892,0.2995,0.8034,1.023,0.9367,6.3338,7,7,0.1232,True
SYNTH_TRAIN_00074,SYNTHETIC_PALMLEAF_TAMIL,TIRUKKURAL_CH01_K002,Tirukkural,train,data/synthetic/clean/SYNTH_TRAIN_00074_clean.png,data/synthetic/degraded/SYNTH_TRAIN_00074_degraded.png,கற்றதனால் ஆய பயனென்கொல் வாலறிவன்,கற்றதனால் ஆய பயனென்கொல் வாலறிவன்,Nirmala,25,MEDIUM,116,LINE_LEVEL,SYNTHETIC,ACCEPTED,142.13,32.25,True,MEDIUM,0.325,0.2393,0.9322,0.8587,0.5015,10.4874,6,14,-0.0616,False
SYNTH_TRAIN_00075,SYNTHETIC_PALMLEAF_TAMIL,NALADIYAR_V02,Naladiyar,train,data/synthetic/clean/SYNTH_TRAIN_00075_clean.png,data/synthetic/degraded/SYNTH_TRAIN_00075_degraded.png,பகலில் பலரும் பரவப் பலர்க்கும்,பகலில் பலரும் பரவப் பலர்க்கும்,Nirmala,27,LIGHT,117,LINE_LEVEL,SYNTHETIC,ACCEPTED,183.28,41.49,True,LIGHT,0.1951,0.1099,0.8962,1.0616,0.3746,4.7947,2,5,0.4155,False
SYNTH_TRAIN_00076,SYNTHETIC_PALMLEAF_TAMIL,TIRUKKURAL_CH01_K001,Tirukkural,train,data/synthetic/clean/SYNTH_TRAIN_00076_clean.png,data/synthetic/degraded/SYNTH_TRAIN_00076_degraded.png,அகர முதல எழுத்தெல்லாம் ஆதி,அகர முதல எழுத்தெல்லாம் ஆதி,Nirmala,29,LIGHT,118,LINE_LEVEL,SYNTHETIC,ACCEPTED,163.83,37.34,True,LIGHT,0.2443,0.1379,0.8617,1.0654,0.5566,4.8132,1,3,0.1151,False
SYNTH_TRAIN_00077,SYNTHETIC_PALMLEAF_TAMIL,TIRUKKURAL_CH01_K002,Tirukkural,train,data/synthetic/clean/SYNTH_TRAIN_00077_clean.png,data/synthetic/degraded/SYNTH_TRAIN_00077_degraded.png,கற்றதனால் ஆய பயனென்கொல் வாலறிவன்,கற்றதனால் ஆய பயனென்கொல் வாலறிவன்,Nirmala,26,LIGHT,119,LINE_LEVEL,SYNTHETIC,ACCEPTED,166.56,37.03,True,LIGHT,0.2348,0.1298,0.8908,1.0404,0.5523,2.1708,3,2,-0.128,False
SYNTH_TRAIN_00078,SYNTHETIC_PALMLEAF_TAMIL,TIRUKKURAL_CH01_K001,Tirukkural,train,data/synthetic/clean/SYNTH_TRAIN_00078_clean.png,data/synthetic/degraded/SYNTH_TRAIN_00078_degraded.png,அகர முதல எழுத்தெல்லாம் ஆதி,அகர முதல எழுத்தெல்லாம் ஆதி,Nirmala,26,MEDIUM,120,LINE_LEVEL,SYNTHETIC,ACCEPTED,152.12,30.45,True,MEDIUM,0.3856,0.2672,0.8559,0.9931,0.7762,11.6561,4,9,1.0127,False
SYNTH_TRAIN_00079,SYNTHETIC_PALMLEAF_TAMIL,TIRUKKURAL_CH01_K002,Tirukkural,train,data/synthetic/clean/SYNTH_TRAIN_00079_clean.png,data/synthetic/degraded/SYNTH_TRAIN_00079_degraded.png,கற்றதனால் ஆய பயனென்கொல் வாலறிவன்,கற்றதனால் ஆய பயனென்கொல் வாலறிவன்,Nirmala,28,HEAVY,121,LINE_LEVEL,SYNTHETIC,ACCEPTED,144.49,15.69,True,HEAVY,0.4278,0.3527,0.6582,0.826,1.4641,14.0792,10,15,0.4087,True
SYNTH_TRAIN_00080,SYNTHETIC_PALMLEAF_TAMIL,ATHICHUDI_SEC01,Athichudi,train,data/synthetic/clean/SYNTH_TRAIN_00080_clean.png,data/synthetic/degraded/SYNTH_TRAIN_00080_degraded.png,ஐய மிட்டுண்,ஐய மிட்டுண்,Nirmala,28,HEAVY,122,LINE_LEVEL,SYNTHETIC,ACCEPTED,160.21,24.89,True,HEAVY,0.4392,0.4756,0.6654,0.9759,1.1265,16.1154,12,22,-1.0001,True
SYNTH_TRAIN_00081,SYNTHETIC_PALMLEAF_TAMIL,TIRUKKURAL_CH01_K002,Tirukkural,train,data/synthetic/clean/SYNTH_TRAIN_00081_clean.png,data/synthetic/degraded/SYNTH_TRAIN_00081_degraded.png,கற்றதனால் ஆய பயனென்கொல் வாலறிவன்,கற்றதனால் ஆய பயனென்கொல் வாலறிவன்,Nirmala,25,LIGHT,123,LINE_LEVEL,SYNTHETIC,ACCEPTED,163.24,30.12,True,LIGHT,0.2196,0.1086,0.8954,1.0082,0.5878,3.2693,3,3,0.2957,False
SYNTH_TRAIN_00082,SYNTHETIC_PALMLEAF_TAMIL,NALADIYAR_V02,Naladiyar,train,data/synthetic/clean/SYNTH_TRAIN_00082_clean.png,data/synthetic/degraded/SYNTH_TRAIN_00082_degraded.png,துகிலோடு பொன்னும் துலங்குமணிக் பூணும்,துகிலோடு பொன்னும் துலங்குமணிக் பூணும்,Nirmala,26,HEAVY,124,LINE_LEVEL,SYNTHETIC,ACCEPTED,156.47,18.36,True,HEAVY,0.4265,0.4864,0.7431,0.9791,1.1078,12.7399,11,21,-1.6015,True
SYNTH_TRAIN_00083,SYNTHETIC_PALMLEAF_TAMIL,ATHICHUDI_SEC01,Athichudi,train,data/synthetic/clean/SYNTH_TRAIN_00083_clean.png,data/synthetic/degraded/SYNTH_TRAIN_00083_degraded.png,ஔவியம் பேசேல்,ஔவியம் பேசேல்,Nirmala,27,LIGHT,125,LINE_LEVEL,SYNTHETIC,ACCEPTED,170.66,42.59,True,LIGHT,0.2007,0.0858,0.9755,0.9412,0.3524,4.3656,1,3,-0.1395,False
SYNTH_TRAIN_00084,SYNTHETIC_PALMLEAF_TAMIL,TIRUKKURAL_CH01_K009,Tirukkural,train,data/synthetic/clean/SYNTH_TRAIN_00084_clean.png,data/synthetic/degraded/SYNTH_TRAIN_00084_degraded.png,கோளிலாப் பொறியின் குணமிலவே எண்குணத்தான்,கோளிலாப் பொறியின் குணமிலவே எண்குணத்தான்,Nirmala,24,LIGHT,126,LINE_LEVEL,SYNTHETIC,ACCEPTED,166.89,29.64,True,LIGHT,0.1605,0.0928,0.8675,0.9385,0.5991,3.1491,3,4,-0.72,False
SYNTH_TRAIN_00085,SYNTHETIC_PALMLEAF_TAMIL,TIRUKKURAL_CH01_K006,Tirukkural,train,data/synthetic/clean/SYNTH_TRAIN_00085_clean.png,data/synthetic/degraded/SYNTH_TRAIN_00085_degraded.png,நெறிநின்றார் நீடுவாழ் வார்,நெறிநின்றார் நீடுவாழ் வார்,Nirmala,28,LIGHT,127,LINE_LEVEL,SYNTHETIC,ACCEPTED,169.94,38.63,True,LIGHT,0.2024,0.084,0.8872,1.0436,0.5209,2.2588,2,3,-0.1876,False
SYNTH_TRAIN_00086,SYNTHETIC_PALMLEAF_TAMIL,ATHICHUDI_SEC01,Athichudi,train,data/synthetic/clean/SYNTH_TRAIN_00086_clean.png,data/synthetic/degraded/SYNTH_TRAIN_00086_degraded.png,அறஞ்செய விரும்பு,அறஞ்செய விரும்பு,Nirmala,26,HEAVY,128,LINE_LEVEL,SYNTHETIC,ACCEPTED,135.96,18.77,True,HEAVY,0.6167,0.3658,0.6329,0.7708,0.9911,16.4547,6,28,0.4058,True
SYNTH_TRAIN_00087,SYNTHETIC_PALMLEAF_TAMIL,THOLKAPPIYAM_ELUTHU_01,Tholkappiyam,train,data/synthetic/clean/SYNTH_TRAIN_00087_clean.png,data/synthetic/degraded/SYNTH_TRAIN_00087_degraded.png,முப்பஃ தென்ப சார்ந்துவரன் மரபின்,முப்பஃ தென்ப சார்ந்துவரன் மரபின்,Nirmala,24,MEDIUM,129,LINE_LEVEL,SYNTHETIC,ACCEPTED,126.31,18.35,True,MEDIUM,0.3641,0.2256,0.8513,0.8755,1.0842,8.6144,4,7,-1.1505,False
SYNTH_TRAIN_00088,SYNTHETIC_PALMLEAF_TAMIL,ATHICHUDI_SEC01,Athichudi,train,data/synthetic/clean/SYNTH_TRAIN_00088_clean.png,data/synthetic/degraded/SYNTH_TRAIN_00088_degraded.png,ஏற்ப திகழ்ச்சி,ஏற்ப திகழ்ச்சி,Nirmala,27,EXTREME,130,LINE_LEVEL,SYNTHETIC,ACCEPTED,102.28,15.28,True,EXTREME,0.6354,0.5435,0.5887,0.7381,1.5951,27.0535,18,36,-2.0919,True
SYNTH_TRAIN_00089,SYNTHETIC_PALMLEAF_TAMIL,THOLKAPPIYAM_ELUTHU_01,Tholkappiyam,train,data/synthetic/clean/SYNTH_TRAIN_00089_clean.png,data/synthetic/degraded/SYNTH_TRAIN_00089_degraded.png,எழுத்தெனப் படுப அகரமுதல் னகர இறுவாய்,எழுத்தெனப் படுப அகரமுதல் னகர இறுவாய்,Nirmala,25,EXTREME,131,LINE_LEVEL,SYNTHETIC,ACCEPTED,195.17,16.07,True,EXTREME,0.7625,0.7344,0.547,1.0989,1.7524,17.5193,14,49,-1.3767,True
SYNTH_TRAIN_00090,SYNTHETIC_PALMLEAF_TAMIL,THOLKAPPIYAM_ELUTHU_02,Tholkappiyam,train,data/synthetic/clean/SYNTH_TRAIN_00090_clean.png,data/synthetic/degraded/SYNTH_TRAIN_00090_degraded.png,அவைதாம் குற்றியலிகரம் குற்றியலுகரம்,அவைதாம் குற்றியலிகரம் குற்றியலுகரம்,Nirmala,26,LIGHT,132,LINE_LEVEL,SYNTHETIC,ACCEPTED,167.73,37.85,True,LIGHT,0.2281,0.1181,1.0157,1.0451,0.6206,3.0707,3,2,-0.23,False
SYNTH_TRAIN_00091,SYNTHETIC_PALMLEAF_TAMIL,THOLKAPPIYAM_ELUTHU_02,Tholkappiyam,train,data/synthetic/clean/SYNTH_TRAIN_00091_clean.png,data/synthetic/degraded/SYNTH_TRAIN_00091_degraded.png,அவைதாம் குற்றியலிகரம் குற்றியலுகரம்,அவைதாம் குற்றியலிகரம் குற்றியலுகரம்,Nirmala,25,MEDIUM,133,LINE_LEVEL,SYNTHETIC,ACCEPTED,159.82,21.02,True,MEDIUM,0.3339,0.202,0.7274,0.8927,0.7636,10.1653,4,11,0.1628,True
SYNTH_TRAIN_00092,SYNTHETIC_PALMLEAF_TAMIL,THOLKAPPIYAM_ELUTHU_02,Tholkappiyam,train,data/synthetic/clean/SYNTH_TRAIN_00092_clean.png,data/synthetic/degraded/SYNTH_TRAIN_00092_degraded.png,எழுத்தோ ரன்ன என்மனார் புலவர்,எழுத்தோ ரன்ன என்மனார் புலவர்,Nirmala,26,LIGHT,134,LINE_LEVEL,SYNTHETIC,ACCEPTED,199.5,45.75,True,LIGHT,0.2311,0.1248,0.9755,1.0611,0.566,4.6501,2,2,0.2644,False
SYNTH_TRAIN_00093,SYNTHETIC_PALMLEAF_TAMIL,THOLKAPPIYAM_ELUTHU_01,Tholkappiyam,train,data/synthetic/clean/SYNTH_TRAIN_00093_clean.png,data/synthetic/degraded/SYNTH_TRAIN_00093_degraded.png,முப்பஃ தென்ப சார்ந்துவரன் மரபின்,முப்பஃ தென்ப சார்ந்துவரன் மரபின்,Nirmala,27,LIGHT,135,LINE_LEVEL,SYNTHETIC,ACCEPTED,166.21,36.16,True,LIGHT,0.2161,0.1128,0.8891,1.0581,0.6129,2.4726,3,3,0.7423,False
SYNTH_TRAIN_00094,SYNTHETIC_PALMLEAF_TAMIL,THOLKAPPIYAM_ELUTHU_01,Tholkappiyam,train,data/synthetic/clean/SYNTH_TRAIN_00094_clean.png,data/synthetic/degraded/SYNTH_TRAIN_00094_degraded.png,முப்பஃ தென்ப சார்ந்துவரன் மரபின்,முப்பஃ தென்ப சார்ந்துவரன் மரபின்,Nirmala,29,EXTREME,136,LINE_LEVEL,SYNTHETIC,ACCEPTED,127.41,12.49,True,EXTREME,0.6383,0.4945,0.5034,0.7567,1.3937,20.2563,17,35,-0.114,True
SYNTH_TRAIN_00095,SYNTHETIC_PALMLEAF_TAMIL,THOLKAPPIYAM_ELUTHU_01,Tholkappiyam,train,data/synthetic/clean/SYNTH_TRAIN_00095_clean.png,data/synthetic/degraded/SYNTH_TRAIN_00095_degraded.png,எழுத்தெனப் படுப அகரமுதல் னகர இறுவாய்,எழுத்தெனப் படுப அகரமுதல் னகர இறுவாய்,Nirmala,27,MEDIUM,137,LINE_LEVEL,SYNTHETIC,ACCEPTED,202.06,32.42,True,MEDIUM,0.4388,0.1951,0.8738,1.06,0.7998,8.5189,4,13,-1.1509,True
SYNTH_TRAIN_00096,SYNTHETIC_PALMLEAF_TAMIL,TIRUKKURAL_CH01_K003,Tirukkural,train,data/synthetic/clean/SYNTH_TRAIN_00096_clean.png,data/synthetic/degraded/SYNTH_TRAIN_00096_degraded.png,நிலமிசை நீடுவாழ் வார்,நிலமிசை நீடுவாழ் வார்,Nirmala,28,MEDIUM,138,LINE_LEVEL,SYNTHETIC,ACCEPTED,165.66,21.38,True,MEDIUM,0.3999,0.2999,0.781,1.1357,1.0041,5.5431,4,15,-0.8537,True
SYNTH_TRAIN_00097,SYNTHETIC_PALMLEAF_TAMIL,TIRUKKURAL_CH01_K003,Tirukkural,train,data/synthetic/clean/SYNTH_TRAIN_00097_clean.png,data/synthetic/degraded/SYNTH_TRAIN_00097_degraded.png,மலர்மிசை ஏகினான் மாணடி சேர்ந்தார்,மலர்மிசை ஏகினான் மாணடி சேர்ந்தார்,Nirmala,28,LIGHT,139,LINE_LEVEL,SYNTHETIC,ACCEPTED,173.51,45.73,True,LIGHT,0.1991,0.1553,1.0368,1.0734,0.3633,2.4979,1,2,-0.3611,False
SYNTH_TRAIN_00098,SYNTHETIC_PALMLEAF_TAMIL,ATHICHUDI_SEC01,Athichudi,train,data/synthetic/clean/SYNTH_TRAIN_00098_clean.png,data/synthetic/degraded/SYNTH_TRAIN_00098_degraded.png,ஊக்கமது கைவிடேல்,ஊக்கமது கைவிடேல்,Nirmala,24,EXTREME,140,LINE_LEVEL,SYNTHETIC,ACCEPTED,122.56,21.18,True,EXTREME,0.787,0.4826,0.4502,0.8576,1.2016,19.8477,17,46,0.5112,True
SYNTH_TRAIN_00099,SYNTHETIC_PALMLEAF_TAMIL,ATHICHUDI_SEC01,Athichudi,train,data/synthetic/clean/SYNTH_TRAIN_00099_clean.png,data/synthetic/degraded/SYNTH_TRAIN_00099_degraded.png,ஏற்ப திகழ்ச்சி,ஏற்ப திகழ்ச்சி,Nirmala,26,MEDIUM,141,LINE_LEVEL,SYNTHETIC,ACCEPTED,169.9,19.05,True,MEDIUM,0.4335,0.2688,0.7108,0.9764,0.9285,6.0811,3,6,0.5495,True
SYNTH_TRAIN_00100,SYNTHETIC_PALMLEAF_TAMIL,ATHICHUDI_SEC01,Athichudi,train,data/synthetic/clean/SYNTH_TRAIN_00100_clean.png,data/synthetic/degraded/SYNTH_TRAIN_00100_degraded.png,ஈவது விலக்கேல்,ஈவது விலக்கேல்,Nirmala,28,MEDIUM,142,LINE_LEVEL,SYNTHETIC,ACCEPTED,183.78,42.62,True,MEDIUM,0.4304,0.2748,0.864,1.0997,0.6199,5.8908,6,13,-0.1896,False
SYNTH_TRAIN_00101,SYNTHETIC_PALMLEAF_TAMIL,NALADIYAR_V02,Naladiyar,train,data/synthetic/clean/SYNTH_TRAIN_00101_clean.png,data/synthetic/degraded/SYNTH_TRAIN_00101_degraded.png,துகிலோடு பொன்னும் துலங்குமணிக் பூணும்,துகிலோடு பொன்னும் துலங்குமணிக் பூணும்,Nirmala,25,HEAVY,143,LINE_LEVEL,SYNTHETIC,ACCEPTED,129.85,18.02,True,HEAVY,0.5844,0.385,0.717,0.962,1.2547,18.8128,7,28,1.876,True
SYNTH_TRAIN_00102,SYNTHETIC_PALMLEAF_TAMIL,ATHICHUDI_SEC01,Athichudi,train,data/synthetic/clean/SYNTH_TRAIN_00102_clean.png,data/synthetic/degraded/SYNTH_TRAIN_00102_degraded.png,எண்எழுத் திகழேல்,எண்எழுத் திகழேல்,Nirmala,27,MEDIUM,144,LINE_LEVEL,SYNTHETIC,ACCEPTED,133.53,18.42,True,MEDIUM,0.2687,0.3315,0.8192,0.9021,0.9267,8.5558,4,7,-0.1924,True
SYNTH_TRAIN_00103,SYNTHETIC_PALMLEAF_TAMIL,ATHICHUDI_SEC01,Athichudi,train,data/synthetic/clean/SYNTH_TRAIN_00103_clean.png,data/synthetic/degraded/SYNTH_TRAIN_00103_degraded.png,உடையது விளம்பேல்,உடையது விளம்பேல்,Nirmala,26,HEAVY,145,LINE_LEVEL,SYNTHETIC,ACCEPTED,106.2,13.34,True,HEAVY,0.4708,0.3005,0.7326,0.7902,1.3218,17.7074,8,12,-0.6933,True
SYNTH_TRAIN_00104,SYNTHETIC_PALMLEAF_TAMIL,ATHICHUDI_SEC01,Athichudi,train,data/synthetic/clean/SYNTH_TRAIN_00104_clean.png,data/synthetic/degraded/SYNTH_TRAIN_00104_degraded.png,ஒப்புர வொழுகு,ஒப்புர வொழுகு,Nirmala,28,HEAVY,146,LINE_LEVEL,SYNTHETIC,ACCEPTED,147.86,22.28,True,HEAVY,0.5245,0.4547,0.675,0.8804,1.0671,19.0236,13,21,-0.423,True
SYNTH_TRAIN_00105,SYNTHETIC_PALMLEAF_TAMIL,ATHICHUDI_SEC01,Athichudi,train,data/synthetic/clean/SYNTH_TRAIN_00105_clean.png,data/synthetic/degraded/SYNTH_TRAIN_00105_degraded.png,உடையது விளம்பேல்,உடையது விளம்பேல்,Nirmala,25,LIGHT,147,LINE_LEVEL,SYNTHETIC,ACCEPTED,160.34,25.15,True,LIGHT,0.1867,0.1433,0.8562,1.0306,0.6751,4.8242,3,4,-0.6812,False
SYNTH_TRAIN_00106,SYNTHETIC_PALMLEAF_TAMIL,ATHICHUDI_SEC01,Athichudi,train,data/synthetic/clean/SYNTH_TRAIN_00106_clean.png,data/synthetic/degraded/SYNTH_TRAIN_00106_degraded.png,ஆறுவது சினம்,ஆறுவது சினம்,Nirmala,27,LIGHT,148,LINE_LEVEL,SYNTHETIC,ACCEPTED,156.62,37.39,True,LIGHT,0.2075,0.094,0.8817,0.93,0.5303,3.8192,2,4,0.6637,False
SYNTH_TRAIN_00107,SYNTHETIC_PALMLEAF_TAMIL,ATHICHUDI_SEC01,Athichudi,train,data/synthetic/clean/SYNTH_TRAIN_00107_clean.png,data/synthetic/degraded/SYNTH_TRAIN_00107_degraded.png,ஓதுவ தொழியேல்,ஓதுவ தொழியேல்,Nirmala,25,EXTREME,149,LINE_LEVEL,SYNTHETIC,ACCEPTED,209.45,34.46,True,EXTREME,0.8203,0.7439,0.6661,1.2367,1.9278,26.3318,14,26,-0.3291,True
SYNTH_TRAIN_00108,SYNTHETIC_PALMLEAF_TAMIL,ATHICHUDI_SEC01,Athichudi,train,data/synthetic/clean/SYNTH_TRAIN_00108_clean.png,data/synthetic/degraded/SYNTH_TRAIN_00108_degraded.png,ஏற்ப திகழ்ச்சி,ஏற்ப திகழ்ச்சி,Nirmala,28,HEAVY,150,LINE_LEVEL,SYNTHETIC,ACCEPTED,160.07,28.73,True,HEAVY,0.6271,0.3645,0.8194,1.1195,1.3585,15.1721,14,15,1.5318,True
SYNTH_TRAIN_00109,SYNTHETIC_PALMLEAF_TAMIL,ATHICHUDI_SEC01,Athichudi,train,data/synthetic/clean/SYNTH_TRAIN_00109_clean.png,data/synthetic/degraded/SYNTH_TRAIN_00109_degraded.png,எண்எழுத் திகழேல்,எண்எழுத் திகழேல்,Nirmala,29,LIGHT,151,LINE_LEVEL,SYNTHETIC,ACCEPTED,173.98,41.76,True,LIGHT,0.227,0.0977,0.9121,1.0481,0.5298,4.3099,3,5,-0.7508,False
SYNTH_TRAIN_00110,SYNTHETIC_PALMLEAF_TAMIL,ATHICHUDI_SEC01,Athichudi,train,data/synthetic/clean/SYNTH_TRAIN_00110_clean.png,data/synthetic/degraded/SYNTH_TRAIN_00110_degraded.png,ஓதுவ தொழியேல்,ஓதுவ தொழியேல்,Nirmala,29,MEDIUM,152,LINE_LEVEL,SYNTHETIC,ACCEPTED,126.35,23.1,True,MEDIUM,0.4397,0.3064,0.7096,0.9476,0.6926,7.8388,4,14,0.7962,False
SYNTH_TRAIN_00111,SYNTHETIC_PALMLEAF_TAMIL,THOLKAPPIYAM_ELUTHU_01,Tholkappiyam,train,data/synthetic/clean/SYNTH_TRAIN_00111_clean.png,data/synthetic/degraded/SYNTH_TRAIN_00111_degraded.png,முப்பஃ தென்ப சார்ந்துவரன் மரபின்,முப்பஃ தென்ப சார்ந்துவரன் மரபின்,Nirmala,24,HEAVY,153,LINE_LEVEL,SYNTHETIC,ACCEPTED,141.94,19.48,True,HEAVY,0.4369,0.4323,0.7234,0.7777,1.197,18.0752,12,28,0.0826,True
SYNTH_TRAIN_00112,SYNTHETIC_PALMLEAF_TAMIL,TIRUKKURAL_CH01_K006,Tirukkural,train,data/synthetic/clean/SYNTH_TRAIN_00112_clean.png,data/synthetic/degraded/SYNTH_TRAIN_00112_degraded.png,நெறிநின்றார் நீடுவாழ் வார்,நெறிநின்றார் நீடுவாழ் வார்,Nirmala,29,MEDIUM,154,LINE_LEVEL,SYNTHETIC,ACCEPTED,224.84,27.08,True,MEDIUM,0.3515,0.2872,0.8714,1.1456,1.0199,10.7986,6,8,0.2731,True
SYNTH_TRAIN_00113,SYNTHETIC_PALMLEAF_TAMIL,ATHICHUDI_SEC01,Athichudi,train,data/synthetic/clean/SYNTH_TRAIN_00113_clean.png,data/synthetic/degraded/SYNTH_TRAIN_00113_degraded.png,ஊக்கமது கைவிடேல்,ஊக்கமது கைவிடேல்,Nirmala,28,LIGHT,155,LINE_LEVEL,SYNTHETIC,ACCEPTED,148.95,39.08,True,LIGHT,0.2152,0.1721,0.8846,1.0193,0.3427,2.5563,1,3,-0.0311,False
SYNTH_TRAIN_00114,SYNTHETIC_PALMLEAF_TAMIL,TIRUKKURAL_CH01_K010,Tirukkural,train,data/synthetic/clean/SYNTH_TRAIN_00114_clean.png,data/synthetic/degraded/SYNTH_TRAIN_00114_degraded.png,பிறவிப் பெருங்கடல் நீந்துவர் நீந்தார்,பிறவிப் பெருங்கடல் நீந்துவர் நீந்தார்,Nirmala,27,MEDIUM,156,LINE_LEVEL,SYNTHETIC,ACCEPTED,124.97,21.04,True,MEDIUM,0.3127,0.275,0.7656,0.9062,0.7915,10.7281,5,6,-0.6265,False
SYNTH_TRAIN_00115,SYNTHETIC_PALMLEAF_TAMIL,THOLKAPPIYAM_ELUTHU_02,Tholkappiyam,train,data/synthetic/clean/SYNTH_TRAIN_00115_clean.png,data/synthetic/degraded/SYNTH_TRAIN_00115_degraded.png,ஆய்தம் என்ற முப்பாற் புள்ளியும்,ஆய்தம் என்ற முப்பாற் புள்ளியும்,Nirmala,25,MEDIUM,157,LINE_LEVEL,SYNTHETIC,ACCEPTED,129.29,20.98,True,MEDIUM,0.4095,0.2795,0.765,0.9277,0.9299,9.4832,6,8,-0.1295,False
SYNTH_TRAIN_00116,SYNTHETIC_PALMLEAF_TAMIL,ATHICHUDI_SEC01,Athichudi,train,data/synthetic/clean/SYNTH_TRAIN_00116_clean.png,data/synthetic/degraded/SYNTH_TRAIN_00116_degraded.png,ஔவியம் பேசேல்,ஔவியம் பேசேல்,Nirmala,29,LIGHT,158,LINE_LEVEL,SYNTHETIC,ACCEPTED,173.96,40.92,True,LIGHT,0.1596,0.0955,0.9659,1.0082,0.5977,4.4631,1,3,0.5909,False
SYNTH_TRAIN_00117,SYNTHETIC_PALMLEAF_TAMIL,TIRUKKURAL_CH01_K009,Tirukkural,train,data/synthetic/clean/SYNTH_TRAIN_00117_clean.png,data/synthetic/degraded/SYNTH_TRAIN_00117_degraded.png,தாளை வணங்காத் தலை,தாளை வணங்காத் தலை,Nirmala,28,LIGHT,159,LINE_LEVEL,SYNTHETIC,ACCEPTED,158.76,37.37,True,LIGHT,0.2289,0.0996,0.881,0.9957,0.413,3.9921,3,3,0.6792,False
SYNTH_TRAIN_00118,SYNTHETIC_PALMLEAF_TAMIL,ATHICHUDI_SEC01,Athichudi,train,data/synthetic/clean/SYNTH_TRAIN_00118_clean.png,data/synthetic/degraded/SYNTH_TRAIN_00118_degraded.png,ஐய மிட்டுண்,ஐய மிட்டுண்,Nirmala,25,MEDIUM,160,LINE_LEVEL,SYNTHETIC,ACCEPTED,171.35,25.49,True,MEDIUM,0.4167,0.235,0.795,0.942,0.84,9.8905,7,8,-0.3027,False
SYNTH_TRAIN_00119,SYNTHETIC_PALMLEAF_TAMIL,NALADIYAR_V02,Naladiyar,train,data/synthetic/clean/SYNTH_TRAIN_00119_clean.png,data/synthetic/degraded/SYNTH_TRAIN_00119_degraded.png,துகிலோடு பொன்னும் துலங்குமணிக் பூணும்,துகிலோடு பொன்னும் துலங்குமணிக் பூணும்,Nirmala,28,LIGHT,161,LINE_LEVEL,SYNTHETIC,ACCEPTED,163.19,42.88,True,LIGHT,0.2441,0.1151,0.9269,0.9352,0.3908,3.8486,3,5,0.7169,False
SYNTH_TRAIN_00120,SYNTHETIC_PALMLEAF_TAMIL,TIRUKKURAL_CH01_K009,Tirukkural,train,data/synthetic/clean/SYNTH_TRAIN_00120_clean.png,data/synthetic/degraded/SYNTH_TRAIN_00120_degraded.png,தாளை வணங்காத் தலை,தாளை வணங்காத் தலை,Nirmala,26,HEAVY,162,LINE_LEVEL,SYNTHETIC,ACCEPTED,139.67,31.5,True,HEAVY,0.4803,0.4889,0.8195,1.0966,1.4278,19.0894,13,17,0.8489,True
SYNTH_TRAIN_00121,SYNTHETIC_PALMLEAF_TAMIL,THOLKAPPIYAM_ELUTHU_02,Tholkappiyam,train,data/synthetic/clean/SYNTH_TRAIN_00121_clean.png,data/synthetic/degraded/SYNTH_TRAIN_00121_degraded.png,அவைதாம் குற்றியலிகரம் குற்றியலுகரம்,அவைதாம் குற்றியலிகரம் குற்றியலுகரம்,Nirmala,26,MEDIUM,163,LINE_LEVEL,SYNTHETIC,ACCEPTED,161.0,31.9,True,MEDIUM,0.3878,0.2606,0.8121,0.9378,0.9861,5.1901,3,10,-1.1473,False
SYNTH_TRAIN_00122,SYNTHETIC_PALMLEAF_TAMIL,TIRUKKURAL_CH01_K002,Tirukkural,train,data/synthetic/clean/SYNTH_TRAIN_00122_clean.png,data/synthetic/degraded/SYNTH_TRAIN_00122_degraded.png,கற்றதனால் ஆய பயனென்கொல் வாலறிவன்,கற்றதனால் ஆய பயனென்கொல் வாலறிவன்,Nirmala,25,MEDIUM,164,LINE_LEVEL,SYNTHETIC,ACCEPTED,208.46,22.11,True,MEDIUM,0.3214,0.2321,0.7696,1.0976,0.7916,9.9825,3,9,0.785,True
SYNTH_TRAIN_00123,SYNTHETIC_PALMLEAF_TAMIL,TIRUKKURAL_CH01_K001,Tirukkural,train,data/synthetic/clean/SYNTH_TRAIN_00123_clean.png,data/synthetic/degraded/SYNTH_TRAIN_00123_degraded.png,அகர முதல எழுத்தெல்லாம் ஆதி,அகர முதல எழுத்தெல்லாம் ஆதி,Nirmala,26,EXTREME,165,LINE_LEVEL,SYNTHETIC,ACCEPTED,154.04,26.1,True,EXTREME,0.8066,0.6348,0.6775,1.3305,1.976,25.7492,16,42,-2.4706,True
SYNTH_TRAIN_00124,SYNTHETIC_PALMLEAF_TAMIL,TIRUKKURAL_CH01_K003,Tirukkural,train,data/synthetic/clean/SYNTH_TRAIN_00124_clean.png,data/synthetic/degraded/SYNTH_TRAIN_00124_degraded.png,நிலமிசை நீடுவாழ் வார்,நிலமிசை நீடுவாழ் வார்,Nirmala,25,LIGHT,166,LINE_LEVEL,SYNTHETIC,ACCEPTED,169.22,34.42,True,LIGHT,0.1798,0.1627,1.0031,0.9243,0.6141,3.7879,1,4,0.3228,False
SYNTH_TRAIN_00125,SYNTHETIC_PALMLEAF_TAMIL,TIRUKKURAL_CH01_K001,Tirukkural,train,data/synthetic/clean/SYNTH_TRAIN_00125_clean.png,data/synthetic/degraded/SYNTH_TRAIN_00125_degraded.png,பகவன் முதற்றே உலகு,பகவன் முதற்றே உலகு,Nirmala,27,HEAVY,167,LINE_LEVEL,SYNTHETIC,ACCEPTED,144.4,19.89,True,HEAVY,0.6246,0.3413,0.687,0.8868,1.5731,19.6724,14,16,-0.4381,True
SYNTH_TRAIN_00126,SYNTHETIC_PALMLEAF_TAMIL,ATHICHUDI_SEC01,Athichudi,train,data/synthetic/clean/SYNTH_TRAIN_00126_clean.png,data/synthetic/degraded/SYNTH_TRAIN_00126_degraded.png,ஈவது விலக்கேல்,ஈவது விலக்கேல்,Nirmala,29,LIGHT,168,LINE_LEVEL,SYNTHETIC,ACCEPTED,170.0,37.04,True,LIGHT,0.2098,0.1321,0.8994,0.974,0.6386,3.9543,1,5,0.0188,False
SYNTH_TRAIN_00127,SYNTHETIC_PALMLEAF_TAMIL,THOLKAPPIYAM_ELUTHU_02,Tholkappiyam,train,data/synthetic/clean/SYNTH_TRAIN_00127_clean.png,data/synthetic/degraded/SYNTH_TRAIN_00127_degraded.png,எழுத்தோ ரன்ன என்மனார் புலவர்,எழுத்தோ ரன்ன என்மனார் புலவர்,Nirmala,28,LIGHT,169,LINE_LEVEL,SYNTHETIC,ACCEPTED,156.42,41.05,True,LIGHT,0.217,0.1708,0.9836,0.9325,0.4902,4.8056,3,3,-0.7584,False
SYNTH_TRAIN_00128,SYNTHETIC_PALMLEAF_TAMIL,ATHICHUDI_SEC01,Athichudi,train,data/synthetic/clean/SYNTH_TRAIN_00128_clean.png,data/synthetic/degraded/SYNTH_TRAIN_00128_degraded.png,ஐய மிட்டுண்,ஐய மிட்டுண்,Nirmala,28,MEDIUM,170,LINE_LEVEL,SYNTHETIC,ACCEPTED,179.52,22.07,True,MEDIUM,0.2605,0.2186,0.7676,1.0013,0.8582,8.6768,5,11,1.0077,True
SYNTH_TRAIN_00129,SYNTHETIC_PALMLEAF_TAMIL,ATHICHUDI_SEC01,Athichudi,train,data/synthetic/clean/SYNTH_TRAIN_00129_clean.png,data/synthetic/degraded/SYNTH_TRAIN_00129_degraded.png,உடையது விளம்பேல்,உடையது விளம்பேல்,Nirmala,25,MEDIUM,171,LINE_LEVEL,SYNTHETIC,ACCEPTED,151.26,26.44,True,MEDIUM,0.3815,0.3304,0.8472,1.0959,0.6363,6.1042,3,15,0.7065,False
SYNTH_TRAIN_00130,SYNTHETIC_PALMLEAF_TAMIL,ATHICHUDI_SEC01,Athichudi,train,data/synthetic/clean/SYNTH_TRAIN_00130_clean.png,data/synthetic/degraded/SYNTH_TRAIN_00130_degraded.png,ஐய மிட்டுண்,ஐய மிட்டுண்,Nirmala,29,LIGHT,172,LINE_LEVEL,SYNTHETIC,ACCEPTED,173.43,36.92,True,LIGHT,0.1649,0.0925,0.9139,1.0281,0.5444,4.6392,2,2,-0.2855,False
SYNTH_TRAIN_00131,SYNTHETIC_PALMLEAF_TAMIL,ATHICHUDI_SEC01,Athichudi,train,data/synthetic/clean/SYNTH_TRAIN_00131_clean.png,data/synthetic/degraded/SYNTH_TRAIN_00131_degraded.png,ஓதுவ தொழியேல்,ஓதுவ தொழியேல்,Nirmala,24,HEAVY,173,LINE_LEVEL,SYNTHETIC,ACCEPTED,152.8,14.5,True,HEAVY,0.4233,0.4773,0.7306,1.0414,1.2851,17.6619,9,13,-1.7121,True
SYNTH_TRAIN_00132,SYNTHETIC_PALMLEAF_TAMIL,TIRUKKURAL_CH01_K003,Tirukkural,train,data/synthetic/clean/SYNTH_TRAIN_00132_clean.png,data/synthetic/degraded/SYNTH_TRAIN_00132_degraded.png,மலர்மிசை ஏகினான் மாணடி சேர்ந்தார்,மலர்மிசை ஏகினான் மாணடி சேர்ந்தார்,Nirmala,28,EXTREME,174,LINE_LEVEL,SYNTHETIC,ACCEPTED,127.56,13.2,True,EXTREME,0.715,0.7189,0.4975,0.7943,1.6135,16.831,20,42,1.7049,True
SYNTH_TRAIN_00133,SYNTHETIC_PALMLEAF_TAMIL,ATHICHUDI_SEC01,Athichudi,train,data/synthetic/clean/SYNTH_TRAIN_00133_clean.png,data/synthetic/degraded/SYNTH_TRAIN_00133_degraded.png,இயல்வது கரவேல்,இயல்வது கரவேல்,Nirmala,27,MEDIUM,175,LINE_LEVEL,SYNTHETIC,ACCEPTED,183.07,46.04,True,MEDIUM,0.4104,0.2252,0.8385,1.0385,0.5104,11.7235,3,7,1.1572,False
SYNTH_TRAIN_00134,SYNTHETIC_PALMLEAF_TAMIL,TIRUKKURAL_CH01_K001,Tirukkural,train,data/synthetic/clean/SYNTH_TRAIN_00134_clean.png,data/synthetic/degraded/SYNTH_TRAIN_00134_degraded.png,அகர முதல எழுத்தெல்லாம் ஆதி,அகர முதல எழுத்தெல்லாம் ஆதி,Nirmala,28,EXTREME,176,LINE_LEVEL,SYNTHETIC,ACCEPTED,147.31,22.46,True,EXTREME,0.6894,0.5138,0.5338,1.2007,1.9048,26.3645,16,28,0.6533,True
SYNTH_TRAIN_00135,SYNTHETIC_PALMLEAF_TAMIL,TIRUKKURAL_CH01_K010,Tirukkural,train,data/synthetic/clean/SYNTH_TRAIN_00135_clean.png,data/synthetic/degraded/SYNTH_TRAIN_00135_degraded.png,பிறவிப் பெருங்கடல் நீந்துவர் நீந்தார்,பிறவிப் பெருங்கடல் நீந்துவர் நீந்தார்,Nirmala,28,LIGHT,177,LINE_LEVEL,SYNTHETIC,ACCEPTED,180.74,45.34,True,LIGHT,0.2003,0.1586,0.9389,0.9499,0.4127,3.8817,2,4,-0.3675,False
SYNTH_TRAIN_00136,SYNTHETIC_PALMLEAF_TAMIL,ATHICHUDI_SEC01,Athichudi,train,data/synthetic/clean/SYNTH_TRAIN_00136_clean.png,data/synthetic/degraded/SYNTH_TRAIN_00136_degraded.png,ஔவியம் பேசேல்,ஔவியம் பேசேல்,Nirmala,28,LIGHT,178,LINE_LEVEL,SYNTHETIC,ACCEPTED,176.22,39.52,True,LIGHT,0.2025,0.0838,0.9995,1.037,0.6506,4.8735,1,3,0.5976,False
SYNTH_TRAIN_00137,SYNTHETIC_PALMLEAF_TAMIL,ATHICHUDI_SEC01,Athichudi,train,data/synthetic/clean/SYNTH_TRAIN_00137_clean.png,data/synthetic/degraded/SYNTH_TRAIN_00137_degraded.png,ஏற்ப திகழ்ச்சி,ஏற்ப திகழ்ச்சி,Nirmala,26,EXTREME,179,LINE_LEVEL,SYNTHETIC,ACCEPTED,220.26,31.8,True,EXTREME,0.8376,0.5372,0.6671,1.1997,1.4974,20.6932,15,37,0.9161,True
SYNTH_TRAIN_00138,SYNTHETIC_PALMLEAF_TAMIL,ATHICHUDI_SEC01,Athichudi,train,data/synthetic/clean/SYNTH_TRAIN_00138_clean.png,data/synthetic/degraded/SYNTH_TRAIN_00138_degraded.png,உடையது விளம்பேல்,உடையது விளம்பேல்,Nirmala,29,LIGHT,180,LINE_LEVEL,SYNTHETIC,ACCEPTED,168.54,39.17,True,LIGHT,0.2063,0.0895,0.9886,0.9585,0.6721,3.4759,2,5,-0.7092,False
SYNTH_TRAIN_00139,SYNTHETIC_PALMLEAF_TAMIL,ATHICHUDI_SEC01,Athichudi,train,data/synthetic/clean/SYNTH_TRAIN_00139_clean.png,data/synthetic/degraded/SYNTH_TRAIN_00139_degraded.png,ஏற்ப திகழ்ச்சி,ஏற்ப திகழ்ச்சி,Nirmala,26,LIGHT,181,LINE_LEVEL,SYNTHETIC,ACCEPTED,170.42,43.37,True,LIGHT,0.2024,0.0914,0.9641,0.9849,0.3729,2.4702,3,4,-0.2685,False
SYNTH_TRAIN_00140,SYNTHETIC_PALMLEAF_TAMIL,ATHICHUDI_SEC01,Athichudi,train,data/synthetic/clean/SYNTH_TRAIN_00140_clean.png,data/synthetic/degraded/SYNTH_TRAIN_00140_degraded.png,ஏற்ப திகழ்ச்சி,ஏற்ப திகழ்ச்சி,Nirmala,26,LIGHT,182,LINE_LEVEL,SYNTHETIC,ACCEPTED,168.92,35.1,True,LIGHT,0.2377,0.0863,0.874,1.046,0.691,2.8157,1,5,-0.0659,False
SYNTH_TRAIN_00141,SYNTHETIC_PALMLEAF_TAMIL,TIRUKKURAL_CH01_K001,Tirukkural,train,data/synthetic/clean/SYNTH_TRAIN_00141_clean.png,data/synthetic/degraded/SYNTH_TRAIN_00141_degraded.png,பகவன் முதற்றே உலகு,பகவன் முதற்றே உலகு,Nirmala,28,MEDIUM,183,LINE_LEVEL,SYNTHETIC,ACCEPTED,153.56,43.78,True,MEDIUM,0.4147,0.3317,0.9221,0.9875,0.5909,9.1855,7,8,-0.7491,True
SYNTH_TRAIN_00142,SYNTHETIC_PALMLEAF_TAMIL,NALADIYAR_V02,Naladiyar,train,data/synthetic/clean/SYNTH_TRAIN_00142_clean.png,data/synthetic/degraded/SYNTH_TRAIN_00142_degraded.png,பகலில் பலரும் பரவப் பலர்க்கும்,பகலில் பலரும் பரவப் பலர்க்கும்,Nirmala,25,LIGHT,184,LINE_LEVEL,SYNTHETIC,ACCEPTED,158.99,37.11,True,LIGHT,0.1568,0.1305,1.0445,0.9515,0.453,2.1767,1,3,0.5476,False
SYNTH_TRAIN_00143,SYNTHETIC_PALMLEAF_TAMIL,TIRUKKURAL_CH01_K001,Tirukkural,train,data/synthetic/clean/SYNTH_TRAIN_00143_clean.png,data/synthetic/degraded/SYNTH_TRAIN_00143_degraded.png,அகர முதல எழுத்தெல்லாம் ஆதி,அகர முதல எழுத்தெல்லாம் ஆதி,Nirmala,25,HEAVY,185,LINE_LEVEL,SYNTHETIC,ACCEPTED,172.77,33.39,True,HEAVY,0.4326,0.4288,0.6986,1.0771,1.0287,12.1963,8,16,-0.0737,True
SYNTH_TRAIN_00144,SYNTHETIC_PALMLEAF_TAMIL,THOLKAPPIYAM_ELUTHU_01,Tholkappiyam,train,data/synthetic/clean/SYNTH_TRAIN_00144_clean.png,data/synthetic/degraded/SYNTH_TRAIN_00144_degraded.png,எழுத்தெனப் படுப அகரமுதல் னகர இறுவாய்,எழுத்தெனப் படுப அகரமுதல் னகர இறுவாய்,Nirmala,27,LIGHT,186,LINE_LEVEL,SYNTHETIC,ACCEPTED,167.43,39.04,True,LIGHT,0.2043,0.1475,0.9537,1.0575,0.5683,3.916,2,5,-0.3681,False
SYNTH_TRAIN_00145,SYNTHETIC_PALMLEAF_TAMIL,THOLKAPPIYAM_ELUTHU_01,Tholkappiyam,train,data/synthetic/clean/SYNTH_TRAIN_00145_clean.png,data/synthetic/degraded/SYNTH_TRAIN_00145_degraded.png,எழுத்தெனப் படுப அகரமுதல் னகர இறுவாய்,எழுத்தெனப் படுப அகரமுதல் னகர இறுவாய்,Nirmala,26,MEDIUM,187,LINE_LEVEL,SYNTHETIC,ACCEPTED,183.93,31.47,True,MEDIUM,0.334,0.2735,0.7179,1.0613,0.9208,10.6746,6,8,0.6748,False
SYNTH_TRAIN_00146,SYNTHETIC_PALMLEAF_TAMIL,ATHICHUDI_SEC01,Athichudi,train,data/synthetic/clean/SYNTH_TRAIN_00146_clean.png,data/synthetic/degraded/SYNTH_TRAIN_00146_degraded.png,அறஞ்செய விரும்பு,அறஞ்செய விரும்பு,Nirmala,26,MEDIUM,188,LINE_LEVEL,SYNTHETIC,ACCEPTED,154.88,36.7,True,MEDIUM,0.3524,0.3142,0.8402,0.939,0.9854,7.2509,3,10,-0.4047,False
SYNTH_TRAIN_00147,SYNTHETIC_PALMLEAF_TAMIL,TIRUKKURAL_CH01_K001,Tirukkural,train,data/synthetic/clean/SYNTH_TRAIN_00147_clean.png,data/synthetic/degraded/SYNTH_TRAIN_00147_degraded.png,அகர முதல எழுத்தெல்லாம் ஆதி,அகர முதல எழுத்தெல்லாம் ஆதி,Nirmala,27,MEDIUM,189,LINE_LEVEL,SYNTHETIC,ACCEPTED,144.93,30.54,True,MEDIUM,0.3345,0.2442,0.9128,0.9995,0.8286,9.8949,5,15,-1.2025,False
SYNTH_TRAIN_00148,SYNTHETIC_PALMLEAF_TAMIL,NALADIYAR_V02,Naladiyar,train,data/synthetic/clean/SYNTH_TRAIN_00148_clean.png,data/synthetic/degraded/SYNTH_TRAIN_00148_degraded.png,துகிலோடு பொன்னும் துலங்குமணிக் பூணும்,துகிலோடு பொன்னும் துலங்குமணிக் பூணும்,Nirmala,29,HEAVY,190,LINE_LEVEL,SYNTHETIC,ACCEPTED,168.54,24.48,True,HEAVY,0.5863,0.4568,0.7637,1.1049,1.4776,18.2168,10,21,1.6506,True
SYNTH_TRAIN_00149,SYNTHETIC_PALMLEAF_TAMIL,TIRUKKURAL_CH01_K002,Tirukkural,train,data/synthetic/clean/SYNTH_TRAIN_00149_clean.png,data/synthetic/degraded/SYNTH_TRAIN_00149_degraded.png,நற்றாள் தொழாஅர் எனின்,நற்றாள் தொழாஅர் எனின்,Nirmala,29,MEDIUM,191,LINE_LEVEL,SYNTHETIC,ACCEPTED,129.44,24.25,True,MEDIUM,0.3583,0.2234,0.7348,0.9152,0.6883,10.7299,6,10,1.1219,False
SYNTH_TRAIN_00150,SYNTHETIC_PALMLEAF_TAMIL,THOLKAPPIYAM_ELUTHU_02,Tholkappiyam,train,data/synthetic/clean/SYNTH_TRAIN_00150_clean.png,data/synthetic/degraded/SYNTH_TRAIN_00150_degraded.png,ஆய்தம் என்ற முப்பாற் புள்ளியும்,ஆய்தம் என்ற முப்பாற் புள்ளியும்,Nirmala,27,LIGHT,192,LINE_LEVEL,SYNTHETIC,ACCEPTED,191.03,49.69,True,LIGHT,0.2257,0.1166,0.9346,1.0691,0.3234,3.338,1,2,-0.5245,False
SYNTH_VAL_00151,SYNTHETIC_PALMLEAF_TAMIL,TIRUKKURAL_CH01_K008,Tirukkural,val,data/synthetic/clean/SYNTH_VAL_00151_clean.png,data/synthetic/degraded/SYNTH_VAL_00151_degraded.png,பிறவாழி நீந்தல் அரிது,பிறவாழி நீந்தல் அரிது,Nirmala,24,MEDIUM,193,LINE_LEVEL,SYNTHETIC,ACCEPTED,124.99,18.59,True,MEDIUM,0.3304,0.2927,0.7995,0.8773,1.0128,8.6753,3,8,-0.6799,False
SYNTH_VAL_00152,SYNTHETIC_PALMLEAF_TAMIL,TIRUKKURAL_CH01_K008,Tirukkural,val,data/synthetic/clean/SYNTH_VAL_00152_clean.png,data/synthetic/degraded/SYNTH_VAL_00152_degraded.png,பிறவாழி நீந்தல் அரிது,பிறவாழி நீந்தல் அரிது,Nirmala,29,MEDIUM,194,LINE_LEVEL,SYNTHETIC,ACCEPTED,153.16,37.47,True,MEDIUM,0.4435,0.3022,0.8432,1.0146,0.9053,10.1795,6,10,0.6474,False
SYNTH_VAL_00153,SYNTHETIC_PALMLEAF_TAMIL,TIRUKKURAL_CH01_K008,Tirukkural,val,data/synthetic/clean/SYNTH_VAL_00153_clean.png,data/synthetic/degraded/SYNTH_VAL_00153_degraded.png,பிறவாழி நீந்தல் அரிது,பிறவாழி நீந்தல் அரிது,Nirmala,29,HEAVY,195,LINE_LEVEL,SYNTHETIC,ACCEPTED,139.86,21.72,True,HEAVY,0.6218,0.3245,0.6881,1.0385,1.2924,12.3751,9,29,1.8892,True
SYNTH_VAL_00154,SYNTHETIC_PALMLEAF_TAMIL,NALADIYAR_V01,Naladiyar,val,data/synthetic/clean/SYNTH_VAL_00154_clean.png,data/synthetic/degraded/SYNTH_VAL_00154_degraded.png,வறுமை பிணிப்ப வழிகேட்டுக் கொண்டு,வறுமை பிணிப்ப வழிகேட்டுக் கொண்டு,Nirmala,26,MEDIUM,196,LINE_LEVEL,SYNTHETIC,ACCEPTED,151.37,23.57,True,MEDIUM,0.3879,0.2783,0.7124,0.9037,0.8043,7.8648,3,14,1.3534,True
SYNTH_VAL_00155,SYNTHETIC_PALMLEAF_TAMIL,TIRUKKURAL_CH01_K008,Tirukkural,val,data/synthetic/clean/SYNTH_VAL_00155_clean.png,data/synthetic/degraded/SYNTH_VAL_00155_degraded.png,பிறவாழி நீந்தல் அரிது,பிறவாழி நீந்தல் அரிது,Nirmala,28,HEAVY,197,LINE_LEVEL,SYNTHETIC,ACCEPTED,205.94,34.6,True,HEAVY,0.617,0.4962,0.8441,1.1344,1.3884,12.77,6,23,0.8125,True
SYNTH_VAL_00156,SYNTHETIC_PALMLEAF_TAMIL,TIRUKKURAL_CH01_K008,Tirukkural,val,data/synthetic/clean/SYNTH_VAL_00156_clean.png,data/synthetic/degraded/SYNTH_VAL_00156_degraded.png,பிறவாழி நீந்தல் அரிது,பிறவாழி நீந்தல் அரிது,Nirmala,26,LIGHT,198,LINE_LEVEL,SYNTHETIC,ACCEPTED,154.82,37.26,True,LIGHT,0.211,0.1759,0.9115,0.9297,0.4736,3.4907,3,4,-0.7185,False
SYNTH_VAL_00157,SYNTHETIC_PALMLEAF_TAMIL,NALADIYAR_V01,Naladiyar,val,data/synthetic/clean/SYNTH_VAL_00157_clean.png,data/synthetic/degraded/SYNTH_VAL_00157_degraded.png,வறுமை பிணிப்ப வழிகேட்டுக் கொண்டு,வறுமை பிணிப்ப வழிகேட்டுக் கொண்டு,Nirmala,27,MEDIUM,199,LINE_LEVEL,SYNTHETIC,ACCEPTED,158.05,21.2,True,MEDIUM,0.381,0.3469,0.8,1.1032,0.7783,8.8139,6,8,0.9727,True
SYNTH_VAL_00158,SYNTHETIC_PALMLEAF_TAMIL,NALADIYAR_V01,Naladiyar,val,data/synthetic/clean/SYNTH_VAL_00158_clean.png,data/synthetic/degraded/SYNTH_VAL_00158_degraded.png,அறுசுவை உண்டி அமர்ந்தில்லாள் ஊட்ட,அறுசுவை உண்டி அமர்ந்தில்லாள் ஊட்ட,Nirmala,28,MEDIUM,200,LINE_LEVEL,SYNTHETIC,ACCEPTED,150.8,19.43,True,MEDIUM,0.4395,0.2185,0.8486,0.9785,0.9585,5.02,4,12,0.6357,True
SYNTH_VAL_00159,SYNTHETIC_PALMLEAF_TAMIL,TIRUKKURAL_CH01_K008,Tirukkural,val,data/synthetic/clean/SYNTH_VAL_00159_clean.png,data/synthetic/degraded/SYNTH_VAL_00159_degraded.png,அறவாழி அந்தணன் தாள்சேர்ந்தார்க் கல்லால்,அறவாழி அந்தணன் தாள்சேர்ந்தார்க் கல்லால்,Nirmala,25,MEDIUM,201,LINE_LEVEL,SYNTHETIC,ACCEPTED,212.31,29.3,True,MEDIUM,0.2728,0.3071,0.8528,1.0929,0.9277,5.9803,7,9,0.6093,True
SYNTH_VAL_00160,SYNTHETIC_PALMLEAF_TAMIL,NALADIYAR_V01,Naladiyar,val,data/synthetic/clean/SYNTH_VAL_00160_clean.png,data/synthetic/degraded/SYNTH_VAL_00160_degraded.png,மறுசிகை நீட்டிய மன்னரும் பின்னை,மறுசிகை நீட்டிய மன்னரும் பின்னை,Nirmala,28,LIGHT,202,LINE_LEVEL,SYNTHETIC,ACCEPTED,188.07,48.79,True,LIGHT,0.1724,0.1064,1.0455,1.0789,0.698,3.7144,1,2,-0.6171,False
SYNTH_VAL_00161,SYNTHETIC_PALMLEAF_TAMIL,NALADIYAR_V01,Naladiyar,val,data/synthetic/clean/SYNTH_VAL_00161_clean.png,data/synthetic/degraded/SYNTH_VAL_00161_degraded.png,வறுமை பிணிப்ப வழிகேட்டுக் கொண்டு,வறுமை பிணிப்ப வழிகேட்டுக் கொண்டு,Nirmala,26,HEAVY,203,LINE_LEVEL,SYNTHETIC,ACCEPTED,147.64,17.62,True,HEAVY,0.612,0.3472,0.7127,1.0627,1.5758,12.0781,6,27,1.6458,True
SYNTH_VAL_00162,SYNTHETIC_PALMLEAF_TAMIL,TIRUKKURAL_CH01_K008,Tirukkural,val,data/synthetic/clean/SYNTH_VAL_00162_clean.png,data/synthetic/degraded/SYNTH_VAL_00162_degraded.png,பிறவாழி நீந்தல் அரிது,பிறவாழி நீந்தல் அரிது,Nirmala,29,HEAVY,204,LINE_LEVEL,SYNTHETIC,ACCEPTED,166.6,25.29,True,HEAVY,0.6326,0.3953,0.7663,1.2496,1.5146,17.6908,8,23,0.4347,True
SYNTH_VAL_00163,SYNTHETIC_PALMLEAF_TAMIL,NALADIYAR_V01,Naladiyar,val,data/synthetic/clean/SYNTH_VAL_00163_clean.png,data/synthetic/degraded/SYNTH_VAL_00163_degraded.png,அறுசுவை உண்டி அமர்ந்தில்லாள் ஊட்ட,அறுசுவை உண்டி அமர்ந்தில்லாள் ஊட்ட,Nirmala,24,LIGHT,205,LINE_LEVEL,SYNTHETIC,ACCEPTED,181.41,37.03,True,LIGHT,0.246,0.1361,1.0481,1.0513,0.6731,3.282,3,3,0.2181,False
SYNTH_VAL_00164,SYNTHETIC_PALMLEAF_TAMIL,NALADIYAR_V01,Naladiyar,val,data/synthetic/clean/SYNTH_VAL_00164_clean.png,data/synthetic/degraded/SYNTH_VAL_00164_degraded.png,சிறுமையும் உற்றாங்கு உண்பர்,சிறுமையும் உற்றாங்கு உண்பர்,Nirmala,28,EXTREME,206,LINE_LEVEL,SYNTHETIC,ACCEPTED,168.08,15.94,True,EXTREME,0.7068,0.5955,0.4614,1.0572,1.9079,23.4857,18,35,-0.5554,True
SYNTH_VAL_00165,SYNTHETIC_PALMLEAF_TAMIL,NALADIYAR_V01,Naladiyar,val,data/synthetic/clean/SYNTH_VAL_00165_clean.png,data/synthetic/degraded/SYNTH_VAL_00165_degraded.png,அறுசுவை உண்டி அமர்ந்தில்லாள் ஊட்ட,அறுசுவை உண்டி அமர்ந்தில்லாள் ஊட்ட,Nirmala,25,MEDIUM,207,LINE_LEVEL,SYNTHETIC,ACCEPTED,176.41,20.52,True,MEDIUM,0.3506,0.2422,0.8118,0.9586,0.8814,8.778,6,15,-0.8572,True
SYNTH_VAL_00166,SYNTHETIC_PALMLEAF_TAMIL,NALADIYAR_V01,Naladiyar,val,data/synthetic/clean/SYNTH_VAL_00166_clean.png,data/synthetic/degraded/SYNTH_VAL_00166_degraded.png,வறுமை பிணிப்ப வழிகேட்டுக் கொண்டு,வறுமை பிணிப்ப வழிகேட்டுக் கொண்டு,Nirmala,27,HEAVY,208,LINE_LEVEL,SYNTHETIC,ACCEPTED,153.59,21.76,True,HEAVY,0.4277,0.502,0.6171,1.2302,1.5839,13.6174,8,20,-0.7793,True
SYNTH_VAL_00167,SYNTHETIC_PALMLEAF_TAMIL,NALADIYAR_V01,Naladiyar,val,data/synthetic/clean/SYNTH_VAL_00167_clean.png,data/synthetic/degraded/SYNTH_VAL_00167_degraded.png,சிறுமையும் உற்றாங்கு உண்பர்,சிறுமையும் உற்றாங்கு உண்பர்,Nirmala,26,MEDIUM,209,LINE_LEVEL,SYNTHETIC,ACCEPTED,175.92,30.72,True,MEDIUM,0.4187,0.2375,0.9047,1.038,0.7095,9.9606,3,6,-1.147,True
SYNTH_VAL_00168,SYNTHETIC_PALMLEAF_TAMIL,NALADIYAR_V01,Naladiyar,val,data/synthetic/clean/SYNTH_VAL_00168_clean.png,data/synthetic/degraded/SYNTH_VAL_00168_degraded.png,அறுசுவை உண்டி அமர்ந்தில்லாள் ஊட்ட,அறுசுவை உண்டி அமர்ந்தில்லாள் ஊட்ட,Nirmala,29,MEDIUM,210,LINE_LEVEL,SYNTHETIC,ACCEPTED,181.1,46.08,True,MEDIUM,0.27,0.2315,0.8958,1.0013,0.5676,5.7171,6,10,1.0139,False
SYNTH_VAL_00169,SYNTHETIC_PALMLEAF_TAMIL,NALADIYAR_V01,Naladiyar,val,data/synthetic/clean/SYNTH_VAL_00169_clean.png,data/synthetic/degraded/SYNTH_VAL_00169_degraded.png,வறுமை பிணிப்ப வழிகேட்டுக் கொண்டு,வறுமை பிணிப்ப வழிகேட்டுக் கொண்டு,Nirmala,27,EXTREME,211,LINE_LEVEL,SYNTHETIC,ACCEPTED,75.27,7.25,True,EXTREME,0.7953,0.6578,0.6924,0.6727,1.984,19.5834,19,40,-1.8238,True
SYNTH_VAL_00170,SYNTHETIC_PALMLEAF_TAMIL,TIRUKKURAL_CH01_K008,Tirukkural,val,data/synthetic/clean/SYNTH_VAL_00170_clean.png,data/synthetic/degraded/SYNTH_VAL_00170_degraded.png,அறவாழி அந்தணன் தாள்சேர்ந்தார்க் கல்லால்,அறவாழி அந்தணன் தாள்சேர்ந்தார்க் கல்லால்,Nirmala,28,LIGHT,212,LINE_LEVEL,SYNTHETIC,ACCEPTED,154.12,40.28,True,LIGHT,0.1733,0.1712,0.8602,0.9216,0.4253,2.9088,1,5,0.7552,False
SYNTH_VAL_00171,SYNTHETIC_PALMLEAF_TAMIL,NALADIYAR_V01,Naladiyar,val,data/synthetic/clean/SYNTH_VAL_00171_clean.png,data/synthetic/degraded/SYNTH_VAL_00171_degraded.png,மறுசிகை நீட்டிய மன்னரும் பின்னை,மறுசிகை நீட்டிய மன்னரும் பின்னை,Nirmala,25,MEDIUM,213,LINE_LEVEL,SYNTHETIC,ACCEPTED,148.02,25.04,True,MEDIUM,0.2937,0.3362,0.9361,1.0303,0.9575,10.0523,4,9,-0.0955,True
SYNTH_VAL_00172,SYNTHETIC_PALMLEAF_TAMIL,NALADIYAR_V01,Naladiyar,val,data/synthetic/clean/SYNTH_VAL_00172_clean.png,data/synthetic/degraded/SYNTH_VAL_00172_degraded.png,சிறுமையும் உற்றாங்கு உண்பர்,சிறுமையும் உற்றாங்கு உண்பர்,Nirmala,24,HEAVY,214,LINE_LEVEL,SYNTHETIC,ACCEPTED,128.88,21.04,True,HEAVY,0.4121,0.3889,0.8274,0.9526,1.0086,11.0362,13,15,-1.9284,True
SYNTH_VAL_00173,SYNTHETIC_PALMLEAF_TAMIL,NALADIYAR_V01,Naladiyar,val,data/synthetic/clean/SYNTH_VAL_00173_clean.png,data/synthetic/degraded/SYNTH_VAL_00173_degraded.png,அறுசுவை உண்டி அமர்ந்தில்லாள் ஊட்ட,அறுசுவை உண்டி அமர்ந்தில்லாள் ஊட்ட,Nirmala,29,MEDIUM,215,LINE_LEVEL,SYNTHETIC,ACCEPTED,137.05,16.9,True,MEDIUM,0.2808,0.2632,0.7455,0.9127,0.6339,5.5896,6,15,0.8497,True
SYNTH_VAL_00174,SYNTHETIC_PALMLEAF_TAMIL,TIRUKKURAL_CH01_K008,Tirukkural,val,data/synthetic/clean/SYNTH_VAL_00174_clean.png,data/synthetic/degraded/SYNTH_VAL_00174_degraded.png,அறவாழி அந்தணன் தாள்சேர்ந்தார்க் கல்லால்,அறவாழி அந்தணன் தாள்சேர்ந்தார்க் கல்லால்,Nirmala,29,MEDIUM,216,LINE_LEVEL,SYNTHETIC,ACCEPTED,142.86,35.77,True,MEDIUM,0.2571,0.3125,0.8714,0.9134,0.645,11.6113,3,6,1.3794,False
SYNTH_VAL_00175,SYNTHETIC_PALMLEAF_TAMIL,NALADIYAR_V01,Naladiyar,val,data/synthetic/clean/SYNTH_VAL_00175_clean.png,data/synthetic/degraded/SYNTH_VAL_00175_degraded.png,அறுசுவை உண்டி அமர்ந்தில்லாள் ஊட்ட,அறுசுவை உண்டி அமர்ந்தில்லாள் ஊட்ட,Nirmala,29,LIGHT,217,LINE_LEVEL,SYNTHETIC,ACCEPTED,156.5,34.71,True,LIGHT,0.1604,0.1593,0.9043,1.0172,0.5136,3.9261,1,4,0.1668,False
SYNTH_VAL_00176,SYNTHETIC_PALMLEAF_TAMIL,NALADIYAR_V01,Naladiyar,val,data/synthetic/clean/SYNTH_VAL_00176_clean.png,data/synthetic/degraded/SYNTH_VAL_00176_degraded.png,சிறுமையும் உற்றாங்கு உண்பர்,சிறுமையும் உற்றாங்கு உண்பர்,Nirmala,27,EXTREME,218,LINE_LEVEL,SYNTHETIC,ACCEPTED,150.72,15.41,True,EXTREME,0.6836,0.4947,0.6137,1.2084,1.9136,19.5555,21,31,-0.5805,True
SYNTH_VAL_00177,SYNTHETIC_PALMLEAF_TAMIL,TIRUKKURAL_CH01_K008,Tirukkural,val,data/synthetic/clean/SYNTH_VAL_00177_clean.png,data/synthetic/degraded/SYNTH_VAL_00177_degraded.png,பிறவாழி நீந்தல் அரிது,பிறவாழி நீந்தல் அரிது,Nirmala,27,LIGHT,219,LINE_LEVEL,SYNTHETIC,ACCEPTED,172.09,36.65,True,LIGHT,0.1513,0.1076,0.8861,0.9635,0.6647,4.1034,2,4,0.1378,False
SYNTH_VAL_00178,SYNTHETIC_PALMLEAF_TAMIL,NALADIYAR_V01,Naladiyar,val,data/synthetic/clean/SYNTH_VAL_00178_clean.png,data/synthetic/degraded/SYNTH_VAL_00178_degraded.png,மறுசிகை நீட்டிய மன்னரும் பின்னை,மறுசிகை நீட்டிய மன்னரும் பின்னை,Nirmala,28,MEDIUM,220,LINE_LEVEL,SYNTHETIC,ACCEPTED,158.33,36.01,True,MEDIUM,0.322,0.2435,0.8603,0.9192,0.6995,9.7909,7,15,0.2223,False
SYNTH_VAL_00179,SYNTHETIC_PALMLEAF_TAMIL,NALADIYAR_V01,Naladiyar,val,data/synthetic/clean/SYNTH_VAL_00179_clean.png,data/synthetic/degraded/SYNTH_VAL_00179_degraded.png,வறுமை பிணிப்ப வழிகேட்டுக் கொண்டு,வறுமை பிணிப்ப வழிகேட்டுக் கொண்டு,Nirmala,26,LIGHT,221,LINE_LEVEL,SYNTHETIC,ACCEPTED,159.19,32.43,True,LIGHT,0.2047,0.1764,0.8628,0.9814,0.6872,2.3613,1,4,0.0975,False
SYNTH_VAL_00180,SYNTHETIC_PALMLEAF_TAMIL,NALADIYAR_V01,Naladiyar,val,data/synthetic/clean/SYNTH_VAL_00180_clean.png,data/synthetic/degraded/SYNTH_VAL_00180_degraded.png,சிறுமையும் உற்றாங்கு உண்பர்,சிறுமையும் உற்றாங்கு உண்பர்,Nirmala,26,HEAVY,222,LINE_LEVEL,SYNTHETIC,ACCEPTED,144.2,24.37,True,HEAVY,0.5315,0.4713,0.8089,1.0769,0.8296,11.8016,14,19,-0.85,True
SYNTH_VAL_00181,SYNTHETIC_PALMLEAF_TAMIL,TIRUKKURAL_CH01_K008,Tirukkural,val,data/synthetic/clean/SYNTH_VAL_00181_clean.png,data/synthetic/degraded/SYNTH_VAL_00181_degraded.png,பிறவாழி நீந்தல் அரிது,பிறவாழி நீந்தல் அரிது,Nirmala,26,HEAVY,223,LINE_LEVEL,SYNTHETIC,ACCEPTED,127.41,35.09,True,HEAVY,0.6038,0.4971,0.8206,1.1048,0.8302,18.6868,12,26,0.0173,True
SYNTH_VAL_00182,SYNTHETIC_PALMLEAF_TAMIL,NALADIYAR_V01,Naladiyar,val,data/synthetic/clean/SYNTH_VAL_00182_clean.png,data/synthetic/degraded/SYNTH_VAL_00182_degraded.png,வறுமை பிணிப்ப வழிகேட்டுக் கொண்டு,வறுமை பிணிப்ப வழிகேட்டுக் கொண்டு,Nirmala,29,MEDIUM,224,LINE_LEVEL,SYNTHETIC,ACCEPTED,148.86,29.72,True,MEDIUM,0.3463,0.2543,0.706,0.9563,0.9161,7.0234,7,8,-0.2424,False
SYNTH_VAL_00183,SYNTHETIC_PALMLEAF_TAMIL,NALADIYAR_V01,Naladiyar,val,data/synthetic/clean/SYNTH_VAL_00183_clean.png,data/synthetic/degraded/SYNTH_VAL_00183_degraded.png,மறுசிகை நீட்டிய மன்னரும் பின்னை,மறுசிகை நீட்டிய மன்னரும் பின்னை,Nirmala,29,MEDIUM,225,LINE_LEVEL,SYNTHETIC,ACCEPTED,179.31,32.53,True,MEDIUM,0.3084,0.271,0.7575,0.9621,0.8556,11.2674,7,14,-0.2134,False
SYNTH_VAL_00184,SYNTHETIC_PALMLEAF_TAMIL,TIRUKKURAL_CH01_K008,Tirukkural,val,data/synthetic/clean/SYNTH_VAL_00184_clean.png,data/synthetic/degraded/SYNTH_VAL_00184_degraded.png,அறவாழி அந்தணன் தாள்சேர்ந்தார்க் கல்லால்,அறவாழி அந்தணன் தாள்சேர்ந்தார்க் கல்லால்,Nirmala,27,MEDIUM,226,LINE_LEVEL,SYNTHETIC,ACCEPTED,168.51,37.57,True,MEDIUM,0.429,0.2386,0.8713,1.0641,0.69,11.5553,3,13,-0.29,False
SYNTH_VAL_00185,SYNTHETIC_PALMLEAF_TAMIL,TIRUKKURAL_CH01_K008,Tirukkural,val,data/synthetic/clean/SYNTH_VAL_00185_clean.png,data/synthetic/degraded/SYNTH_VAL_00185_degraded.png,அறவாழி அந்தணன் தாள்சேர்ந்தார்க் கல்லால்,அறவாழி அந்தணன் தாள்சேர்ந்தார்க் கல்லால்,Nirmala,26,LIGHT,227,LINE_LEVEL,SYNTHETIC,ACCEPTED,174.24,48.04,True,LIGHT,0.1627,0.1381,0.9785,0.9923,0.3469,4.4765,2,5,0.3435,False
SYNTH_TEST_00186,SYNTHETIC_PALMLEAF_TAMIL,NALADIYAR_V03,Naladiyar,test,data/synthetic/clean/SYNTH_TEST_00186_clean.png,data/synthetic/degraded/SYNTH_TEST_00186_degraded.png,குரைவிடை நின்றார் கொளீஇய – விரைவினோடு,குரைவிடை நின்றார் கொளீஇய – விரைவினோடு,Nirmala,25,LIGHT,228,LINE_LEVEL,SYNTHETIC,ACCEPTED,152.45,33.12,True,LIGHT,0.1924,0.1342,0.9877,0.9754,0.4756,3.7671,3,2,-0.6236,False
SYNTH_TEST_00187,SYNTHETIC_PALMLEAF_TAMIL,TIRUKKURAL_CH01_K004,Tirukkural,test,data/synthetic/clean/SYNTH_TEST_00187_clean.png,data/synthetic/degraded/SYNTH_TEST_00187_degraded.png,யாண்டும் இடும்பை இல,யாண்டும் இடும்பை இல,Nirmala,27,EXTREME,229,LINE_LEVEL,SYNTHETIC,ACCEPTED,131.95,26.23,True,EXTREME,0.6243,0.6716,0.6197,0.8233,1.8236,21.6456,23,41,-0.3067,True
SYNTH_TEST_00188,SYNTHETIC_PALMLEAF_TAMIL,TIRUKKURAL_CH01_K004,Tirukkural,test,data/synthetic/clean/SYNTH_TEST_00188_clean.png,data/synthetic/degraded/SYNTH_TEST_00188_degraded.png,வேண்டுதல் வேண்டாமை இலானடி சேர்ந்தார்க்கு,வேண்டுதல் வேண்டாமை இலானடி சேர்ந்தார்க்கு,Nirmala,27,LIGHT,230,LINE_LEVEL,SYNTHETIC,ACCEPTED,160.91,37.99,True,LIGHT,0.2131,0.1682,0.9017,0.9703,0.6744,4.235,3,4,0.6217,False
SYNTH_TEST_00189,SYNTHETIC_PALMLEAF_TAMIL,NALADIYAR_V03,Naladiyar,test,data/synthetic/clean/SYNTH_TEST_00189_clean.png,data/synthetic/degraded/SYNTH_TEST_00189_degraded.png,பிறந்தாராம் என்னா விழுமம்,பிறந்தாராம் என்னா விழுமம்,Nirmala,25,MEDIUM,231,LINE_LEVEL,SYNTHETIC,ACCEPTED,165.9,25.13,True,MEDIUM,0.4063,0.2793,0.8067,0.9446,0.9961,11.324,5,8,1.1626,False
SYNTH_TEST_00190,SYNTHETIC_PALMLEAF_TAMIL,NALADIYAR_V03,Naladiyar,test,data/synthetic/clean/SYNTH_TEST_00190_clean.png,data/synthetic/degraded/SYNTH_TEST_00190_degraded.png,பிறந்தாராம் என்னா விழுமம்,பிறந்தாராம் என்னா விழுமம்,Nirmala,29,HEAVY,232,LINE_LEVEL,SYNTHETIC,ACCEPTED,186.59,18.94,True,HEAVY,0.4818,0.3865,0.6362,1.0762,1.0485,12.841,8,24,-1.9413,True
SYNTH_TEST_00191,SYNTHETIC_PALMLEAF_TAMIL,NALADIYAR_V03,Naladiyar,test,data/synthetic/clean/SYNTH_TEST_00191_clean.png,data/synthetic/degraded/SYNTH_TEST_00191_degraded.png,பிறந்தாராம் என்னா விழுமம்,பிறந்தாராம் என்னா விழுமம்,Nirmala,25,MEDIUM,233,LINE_LEVEL,SYNTHETIC,ACCEPTED,195.59,37.33,True,MEDIUM,0.2799,0.3317,0.8458,1.1199,0.7093,6.039,4,9,0.7643,True
SYNTH_TEST_00192,SYNTHETIC_PALMLEAF_TAMIL,TIRUKKURAL_CH01_K004,Tirukkural,test,data/synthetic/clean/SYNTH_TEST_00192_clean.png,data/synthetic/degraded/SYNTH_TEST_00192_degraded.png,வேண்டுதல் வேண்டாமை இலானடி சேர்ந்தார்க்கு,வேண்டுதல் வேண்டாமை இலானடி சேர்ந்தார்க்கு,Nirmala,25,MEDIUM,234,LINE_LEVEL,SYNTHETIC,ACCEPTED,203.54,41.49,True,MEDIUM,0.2562,0.2232,0.9281,1.1411,0.648,9.8917,6,9,0.3907,False
SYNTH_TEST_00193,SYNTHETIC_PALMLEAF_TAMIL,TIRUKKURAL_CH01_K004,Tirukkural,test,data/synthetic/clean/SYNTH_TEST_00193_clean.png,data/synthetic/degraded/SYNTH_TEST_00193_degraded.png,வேண்டுதல் வேண்டாமை இலானடி சேர்ந்தார்க்கு,வேண்டுதல் வேண்டாமை இலானடி சேர்ந்தார்க்கு,Nirmala,29,EXTREME,235,LINE_LEVEL,SYNTHETIC,ACCEPTED,170.43,27.37,True,EXTREME,0.8326,0.6068,0.4694,1.2994,1.4993,23.5046,24,28,-2.2908,True
SYNTH_TEST_00194,SYNTHETIC_PALMLEAF_TAMIL,TIRUKKURAL_CH01_K004,Tirukkural,test,data/synthetic/clean/SYNTH_TEST_00194_clean.png,data/synthetic/degraded/SYNTH_TEST_00194_degraded.png,யாண்டும் இடும்பை இல,யாண்டும் இடும்பை இல,Nirmala,25,HEAVY,236,LINE_LEVEL,SYNTHETIC,ACCEPTED,214.4,22.88,True,HEAVY,0.4195,0.5027,0.6288,1.1644,1.0809,18.531,13,18,1.3484,True
SYNTH_TEST_00195,SYNTHETIC_PALMLEAF_TAMIL,NALADIYAR_V03,Naladiyar,test,data/synthetic/clean/SYNTH_TEST_00195_clean.png,data/synthetic/degraded/SYNTH_TEST_00195_degraded.png,பிறந்தாராம் என்னா விழுமம்,பிறந்தாராம் என்னா விழுமம்,Nirmala,27,MEDIUM,237,LINE_LEVEL,SYNTHETIC,ACCEPTED,189.44,27.99,True,MEDIUM,0.4476,0.2206,0.7035,1.0956,0.5964,11.8574,4,6,-0.2117,True
SYNTH_TEST_00196,SYNTHETIC_PALMLEAF_TAMIL,TIRUKKURAL_CH01_K007,Tirukkural,test,data/synthetic/clean/SYNTH_TEST_00196_clean.png,data/synthetic/degraded/SYNTH_TEST_00196_degraded.png,மனக்கவலை மாற்றல் அரிது,மனக்கவலை மாற்றல் அரிது,Nirmala,28,MEDIUM,238,LINE_LEVEL,SYNTHETIC,ACCEPTED,194.57,38.34,True,MEDIUM,0.2631,0.2251,0.8769,1.1341,1.0628,11.7532,3,13,0.6136,False
SYNTH_TEST_00197,SYNTHETIC_PALMLEAF_TAMIL,TIRUKKURAL_CH01_K004,Tirukkural,test,data/synthetic/clean/SYNTH_TEST_00197_clean.png,data/synthetic/degraded/SYNTH_TEST_00197_degraded.png,வேண்டுதல் வேண்டாமை இலானடி சேர்ந்தார்க்கு,வேண்டுதல் வேண்டாமை இலானடி சேர்ந்தார்க்கு,Nirmala,24,MEDIUM,239,LINE_LEVEL,SYNTHETIC,ACCEPTED,188.64,32.3,True,MEDIUM,0.312,0.2021,0.7867,1.0811,0.853,8.6694,3,9,0.7514,False
SYNTH_TEST_00198,SYNTHETIC_PALMLEAF_TAMIL,NALADIYAR_V03,Naladiyar,test,data/synthetic/clean/SYNTH_TEST_00198_clean.png,data/synthetic/degraded/SYNTH_TEST_00198_degraded.png,பிறந்தாராம் என்னா விழுமம்,பிறந்தாராம் என்னா விழுமம்,Nirmala,26,EXTREME,240,LINE_LEVEL,SYNTHETIC,ACCEPTED,131.62,28.38,True,EXTREME,0.6734,0.5791,0.6459,0.8207,1.4656,25.5135,18,41,2.6376,True
SYNTH_TEST_00199,SYNTHETIC_PALMLEAF_TAMIL,NALADIYAR_V03,Naladiyar,test,data/synthetic/clean/SYNTH_TEST_00199_clean.png,data/synthetic/degraded/SYNTH_TEST_00199_degraded.png,நரைவருமென் றெண்ணி நல்லறி வாளர்,நரைவருமென் றெண்ணி நல்லறி வாளர்,Nirmala,27,EXTREME,241,LINE_LEVEL,SYNTHETIC,ACCEPTED,92.06,17.72,True,EXTREME,0.7537,0.6235,0.4913,0.6511,1.7831,26.1058,24,48,-1.3562,True
SYNTH_TEST_00200,SYNTHETIC_PALMLEAF_TAMIL,NALADIYAR_V03,Naladiyar,test,data/synthetic/clean/SYNTH_TEST_00200_clean.png,data/synthetic/degraded/SYNTH_TEST_00200_degraded.png,அறஞ்செய்யா ராயின் அருந்துயர்க் குற்ற,அறஞ்செய்யா ராயின் அருந்துயர்க் குற்ற,Nirmala,25,LIGHT,242,LINE_LEVEL,SYNTHETIC,ACCEPTED,176.53,37.83,True,LIGHT,0.2185,0.0855,0.9795,1.0128,0.4347,2.3225,1,5,0.5437,False
SYNTH_TEST_00201,SYNTHETIC_PALMLEAF_TAMIL,NALADIYAR_V03,Naladiyar,test,data/synthetic/clean/SYNTH_TEST_00201_clean.png,data/synthetic/degraded/SYNTH_TEST_00201_degraded.png,பிறந்தாராம் என்னா விழுமம்,பிறந்தாராம் என்னா விழுமம்,Nirmala,26,MEDIUM,243,LINE_LEVEL,SYNTHETIC,ACCEPTED,137.24,23.13,True,MEDIUM,0.2915,0.3129,0.8517,0.9538,0.7426,8.121,6,8,-1.0237,True
SYNTH_TEST_00202,SYNTHETIC_PALMLEAF_TAMIL,TIRUKKURAL_CH01_K007,Tirukkural,test,data/synthetic/clean/SYNTH_TEST_00202_clean.png,data/synthetic/degraded/SYNTH_TEST_00202_degraded.png,தனக்குவமை இல்லாதான் தாள்சேர்ந்தார்க் கல்லால்,தனக்குவமை இல்லாதான் தாள்சேர்ந்தார்க் கல்லால்,Nirmala,24,MEDIUM,244,LINE_LEVEL,SYNTHETIC,ACCEPTED,157.96,21.91,True,MEDIUM,0.3081,0.1969,0.7623,0.9689,0.5434,6.5235,6,14,0.3669,True
SYNTH_TEST_00203,SYNTHETIC_PALMLEAF_TAMIL,NALADIYAR_V03,Naladiyar,test,data/synthetic/clean/SYNTH_TEST_00203_clean.png,data/synthetic/degraded/SYNTH_TEST_00203_degraded.png,குரைவிடை நின்றார் கொளீஇய – விரைவினோடு,குரைவிடை நின்றார் கொளீஇய – விரைவினோடு,Nirmala,26,MEDIUM,245,LINE_LEVEL,SYNTHETIC,ACCEPTED,147.96,25.42,True,MEDIUM,0.4314,0.1991,0.7251,0.8729,1.0655,10.9455,7,11,0.0158,False
SYNTH_TEST_00204,SYNTHETIC_PALMLEAF_TAMIL,NALADIYAR_V03,Naladiyar,test,data/synthetic/clean/SYNTH_TEST_00204_clean.png,data/synthetic/degraded/SYNTH_TEST_00204_degraded.png,நரைவருமென் றெண்ணி நல்லறி வாளர்,நரைவருமென் றெண்ணி நல்லறி வாளர்,Nirmala,25,HEAVY,246,LINE_LEVEL,SYNTHETIC,ACCEPTED,129.59,24.09,True,HEAVY,0.5199,0.5281,0.7726,1.0447,0.8056,14.1055,7,15,-1.7436,True
SYNTH_TEST_00205,SYNTHETIC_PALMLEAF_TAMIL,NALADIYAR_V03,Naladiyar,test,data/synthetic/clean/SYNTH_TEST_00205_clean.png,data/synthetic/degraded/SYNTH_TEST_00205_degraded.png,பிறந்தாராம் என்னா விழுமம்,பிறந்தாராம் என்னா விழுமம்,Nirmala,25,LIGHT,247,LINE_LEVEL,SYNTHETIC,ACCEPTED,183.35,36.25,True,LIGHT,0.1866,0.1708,1.0162,0.9337,0.5505,3.147,1,4,-0.2287,False
SYNTH_TEST_00206,SYNTHETIC_PALMLEAF_TAMIL,NALADIYAR_V03,Naladiyar,test,data/synthetic/clean/SYNTH_TEST_00206_clean.png,data/synthetic/degraded/SYNTH_TEST_00206_degraded.png,அறஞ்செய்யா ராயின் அருந்துயர்க் குற்ற,அறஞ்செய்யா ராயின் அருந்துயர்க் குற்ற,Nirmala,26,HEAVY,248,LINE_LEVEL,SYNTHETIC,ACCEPTED,136.96,14.59,True,HEAVY,0.573,0.4213,0.6073,1.035,1.477,19.9217,7,13,-0.8724,True
SYNTH_TEST_00207,SYNTHETIC_PALMLEAF_TAMIL,TIRUKKURAL_CH01_K004,Tirukkural,test,data/synthetic/clean/SYNTH_TEST_00207_clean.png,data/synthetic/degraded/SYNTH_TEST_00207_degraded.png,வேண்டுதல் வேண்டாமை இலானடி சேர்ந்தார்க்கு,வேண்டுதல் வேண்டாமை இலானடி சேர்ந்தார்க்கு,Nirmala,28,LIGHT,249,LINE_LEVEL,SYNTHETIC,ACCEPTED,180.75,47.31,True,LIGHT,0.2017,0.1599,1.0362,1.0217,0.581,3.2981,2,2,-0.7273,False
SYNTH_TEST_00208,SYNTHETIC_PALMLEAF_TAMIL,NALADIYAR_V03,Naladiyar,test,data/synthetic/clean/SYNTH_TEST_00208_clean.png,data/synthetic/degraded/SYNTH_TEST_00208_degraded.png,அறஞ்செய்யா ராயின் அருந்துயர்க் குற்ற,அறஞ்செய்யா ராயின் அருந்துயர்க் குற்ற,Nirmala,24,MEDIUM,250,LINE_LEVEL,SYNTHETIC,ACCEPTED,186.08,18.91,True,MEDIUM,0.293,0.2264,0.7893,1.0356,0.8848,9.9981,4,11,-1.3602,True
SYNTH_TEST_00209,SYNTHETIC_PALMLEAF_TAMIL,TIRUKKURAL_CH01_K004,Tirukkural,test,data/synthetic/clean/SYNTH_TEST_00209_clean.png,data/synthetic/degraded/SYNTH_TEST_00209_degraded.png,யாண்டும் இடும்பை இல,யாண்டும் இடும்பை இல,Nirmala,25,MEDIUM,251,LINE_LEVEL,SYNTHETIC,ACCEPTED,138.22,27.3,True,MEDIUM,0.3775,0.1975,0.7665,0.8738,0.7114,11.2361,6,10,-0.9873,False
SYNTH_TEST_00210,SYNTHETIC_PALMLEAF_TAMIL,TIRUKKURAL_CH01_K007,Tirukkural,test,data/synthetic/clean/SYNTH_TEST_00210_clean.png,data/synthetic/degraded/SYNTH_TEST_00210_degraded.png,மனக்கவலை மாற்றல் அரிது,மனக்கவலை மாற்றல் அரிது,Nirmala,29,HEAVY,252,LINE_LEVEL,SYNTHETIC,ACCEPTED,159.39,24.28,True,HEAVY,0.4014,0.4083,0.6618,1.0058,1.4016,13.4812,9,17,0.3759,True
SYNTH_TEST_00211,SYNTHETIC_PALMLEAF_TAMIL,TIRUKKURAL_CH01_K007,Tirukkural,test,data/synthetic/clean/SYNTH_TEST_00211_clean.png,data/synthetic/degraded/SYNTH_TEST_00211_degraded.png,மனக்கவலை மாற்றல் அரிது,மனக்கவலை மாற்றல் அரிது,Nirmala,29,MEDIUM,253,LINE_LEVEL,SYNTHETIC,ACCEPTED,183.18,36.75,True,MEDIUM,0.3024,0.2962,0.83,1.0023,0.5282,9.3469,3,7,-1.1052,True
SYNTH_TEST_00212,SYNTHETIC_PALMLEAF_TAMIL,NALADIYAR_V03,Naladiyar,test,data/synthetic/clean/SYNTH_TEST_00212_clean.png,data/synthetic/degraded/SYNTH_TEST_00212_degraded.png,அறஞ்செய்யா ராயின் அருந்துயர்க் குற்ற,அறஞ்செய்யா ராயின் அருந்துயர்க் குற்ற,Nirmala,25,MEDIUM,254,LINE_LEVEL,SYNTHETIC,ACCEPTED,187.54,30.01,True,MEDIUM,0.3524,0.2888,0.74,0.9936,0.7507,9.7544,7,12,-0.7316,False
SYNTH_TEST_00213,SYNTHETIC_PALMLEAF_TAMIL,TIRUKKURAL_CH01_K007,Tirukkural,test,data/synthetic/clean/SYNTH_TEST_00213_clean.png,data/synthetic/degraded/SYNTH_TEST_00213_degraded.png,மனக்கவலை மாற்றல் அரிது,மனக்கவலை மாற்றல் அரிது,Nirmala,25,MEDIUM,255,LINE_LEVEL,SYNTHETIC,ACCEPTED,164.91,18.81,True,MEDIUM,0.3428,0.2179,0.7806,0.8595,0.967,6.8101,4,6,-0.8964,True
SYNTH_TEST_00214,SYNTHETIC_PALMLEAF_TAMIL,TIRUKKURAL_CH01_K004,Tirukkural,test,data/synthetic/clean/SYNTH_TEST_00214_clean.png,data/synthetic/degraded/SYNTH_TEST_00214_degraded.png,வேண்டுதல் வேண்டாமை இலானடி சேர்ந்தார்க்கு,வேண்டுதல் வேண்டாமை இலானடி சேர்ந்தார்க்கு,Nirmala,25,HEAVY,256,LINE_LEVEL,SYNTHETIC,ACCEPTED,127.02,15.74,True,HEAVY,0.4114,0.4465,0.6508,0.7921,0.8208,14.0294,14,19,0.2946,True
SYNTH_TEST_00215,SYNTHETIC_PALMLEAF_TAMIL,NALADIYAR_V03,Naladiyar,test,data/synthetic/clean/SYNTH_TEST_00215_clean.png,data/synthetic/degraded/SYNTH_TEST_00215_degraded.png,அறஞ்செய்யா ராயின் அருந்துயர்க் குற்ற,அறஞ்செய்யா ராயின் அருந்துயர்க் குற்ற,Nirmala,29,LIGHT,257,LINE_LEVEL,SYNTHETIC,ACCEPTED,172.57,41.88,True,LIGHT,0.243,0.1607,0.9763,1.0388,0.6036,2.4217,3,5,-0.4012,False
SYNTH_TEST_00216,SYNTHETIC_PALMLEAF_TAMIL,NALADIYAR_V03,Naladiyar,test,data/synthetic/clean/SYNTH_TEST_00216_clean.png,data/synthetic/degraded/SYNTH_TEST_00216_degraded.png,பிறந்தாராம் என்னா விழுமம்,பிறந்தாராம் என்னா விழுமம்,Nirmala,29,LIGHT,258,LINE_LEVEL,SYNTHETIC,ACCEPTED,167.64,44.71,True,LIGHT,0.1585,0.1458,0.9326,1.0332,0.3084,4.4885,1,2,-0.0336,False
SYNTH_TEST_00217,SYNTHETIC_PALMLEAF_TAMIL,TIRUKKURAL_CH01_K004,Tirukkural,test,data/synthetic/clean/SYNTH_TEST_00217_clean.png,data/synthetic/degraded/SYNTH_TEST_00217_degraded.png,வேண்டுதல் வேண்டாமை இலானடி சேர்ந்தார்க்கு,வேண்டுதல் வேண்டாமை இலானடி சேர்ந்தார்க்கு,Nirmala,27,HEAVY,259,LINE_LEVEL,SYNTHETIC,ACCEPTED,195.03,24.24,True,HEAVY,0.5726,0.3252,0.6665,1.1877,1.3668,18.633,8,22,0.8514,True
SYNTH_TEST_00218,SYNTHETIC_PALMLEAF_TAMIL,TIRUKKURAL_CH01_K007,Tirukkural,test,data/synthetic/clean/SYNTH_TEST_00218_clean.png,data/synthetic/degraded/SYNTH_TEST_00218_degraded.png,தனக்குவமை இல்லாதான் தாள்சேர்ந்தார்க் கல்லால்,தனக்குவமை இல்லாதான் தாள்சேர்ந்தார்க் கல்லால்,Nirmala,25,LIGHT,260,LINE_LEVEL,SYNTHETIC,ACCEPTED,180.84,35.71,True,LIGHT,0.1597,0.1018,0.9019,1.0448,0.555,2.5112,2,2,0.5516,False
SYNTH_TEST_00219,SYNTHETIC_PALMLEAF_TAMIL,TIRUKKURAL_CH01_K004,Tirukkural,test,data/synthetic/clean/SYNTH_TEST_00219_clean.png,data/synthetic/degraded/SYNTH_TEST_00219_degraded.png,வேண்டுதல் வேண்டாமை இலானடி சேர்ந்தார்க்கு,வேண்டுதல் வேண்டாமை இலானடி சேர்ந்தார்க்கு,Nirmala,26,EXTREME,261,LINE_LEVEL,SYNTHETIC,ACCEPTED,153.25,24.18,True,EXTREME,0.8002,0.5957,0.6568,1.0762,1.2543,24.5321,22,43,-1.9996,True
SYNTH_TEST_00220,SYNTHETIC_PALMLEAF_TAMIL,NALADIYAR_V03,Naladiyar,test,data/synthetic/clean/SYNTH_TEST_00220_clean.png,data/synthetic/degraded/SYNTH_TEST_00220_degraded.png,குரைவிடை நின்றார் கொளீஇய – விரைவினோடு,குரைவிடை நின்றார் கொளீஇய – விரைவினோடு,Nirmala,27,LIGHT,262,LINE_LEVEL,SYNTHETIC,ACCEPTED,182.95,41.87,True,LIGHT,0.1892,0.1521,0.9617,1.0426,0.6767,2.6967,1,2,-0.2479,False
